candidate,family,stop_atr,min_atr_pct,min_body_atr,target_r,hold_minutes,n,win_rate,pf,mean_net_return,stress_pf,zero_execution_cost_pf
0,retest,2.0,0.002,0.0,1.0,30,42,0.5,0.9212122193541559,-0.00019543399241325117,0.41694551822103687,2.0923960435313633
1,retest,2.0,0.002,0.0,1.0,60,42,0.5952380952380952,1.1807137127229177,0.0005256390377067944,0.58818311247876,2.3217311126511166
2,retest,2.0,0.002,0.0,2.0,30,42,0.47619047619047616,0.822989923048578,-0.0004648220278446829,0.39287056884286065,1.8991389547562902
3,retest,2.0,0.002,0.0,2.0,60,42,0.47619047619047616,0.9135884171643452,-0.000288055677987546,0.5411385499709074,1.717049739071003
4,retest,2.0,0.002,0.5,1.0,30,9,0.3333333333333333,0.16806607473315022,-0.002348263596904899,0.02372634011207137,1.0470169519595862
5,retest,2.0,0.002,0.5,1.0,60,9,0.5555555555555556,0.8114505932334513,-0.0006355221524631533,0.25859271282719504,2.0555839644741125
6,retest,2.0,0.002,0.5,2.0,30,9,0.3333333333333333,0.16806607473315022,-0.002348263596904899,0.02372634011207137,0.808869360938999
7,retest,2.0,0.002,0.5,2.0,60,9,0.4444444444444444,0.45499092241481376,-0.0018456212960978702,0.1570642375228696,1.2561395578981465
8,retest,2.0,0.004,0.0,1.0,30,15,0.5333333333333333,1.5081337044480234,0.0014511271294985557,0.7746328958089801,2.68903476114158
9,retest,2.0,0.004,0.0,1.0,60,15,0.6666666666666666,1.7204702698280854,0.002279875521657318,0.9482066212208476,2.8723886733001596
10,retest,2.0,0.004,0.0,2.0,30,15,0.5333333333333333,1.202606519030858,0.0005786032569878809,0.6689774271585804,2.206013506291214
11,retest,2.0,0.004,0.0,2.0,60,15,0.5333333333333333,1.3231614729510923,0.0011425447730872593,0.8776301437878706,2.0799679009053897
12,retest,2.0,0.004,0.5,1.0,30,1,0.0,0.0,-0.010650492526974939,0.0,0.0
13,retest,2.0,0.004,0.5,1.0,60,1,0.0,0.0,-0.010650492526974939,0.0,0.0
14,retest,2.0,0.004,0.5,2.0,30,1,0.0,0.0,-0.010650492526974939,0.0,0.0
15,retest,2.0,0.004,0.5,2.0,60,1,0.0,0.0,-0.010650492526974939,0.0,0.0
16,retest,2.0,0.006,0.0,1.0,30,1,1.0,inf,0.015156713717925404,inf,inf
17,retest,2.0,0.006,0.0,1.0,60,1,1.0,inf,0.015156713717925404,inf,inf
18,retest,2.0,0.006,0.0,2.0,30,1,1.0,inf,0.007127277077546279,inf,inf
19,retest,2.0,0.006,0.0,2.0,60,1,1.0,inf,0.0033905335025903906,inf,inf
20,retest,2.0,0.006,0.5,1.0,30,0,,,,,
21,retest,2.0,0.006,0.5,1.0,60,0,,,,,
22,retest,2.0,0.006,0.5,2.0,30,0,,,,,
23,retest,2.0,0.006,0.5,2.0,60,0,,,,,
24,retest,3.0,0.002,0.0,1.0,30,42,0.47619047619047616,0.8514119144438609,-0.0004226763537891314,0.33268736116989994,1.8839767943391634
25,retest,3.0,0.002,0.0,1.0,60,42,0.5476190476190477,1.1458842156016678,0.00041852534910532385,0.5075378121842092,2.613177362174389
26,retest,3.0,0.002,0.0,2.0,30,42,0.47619047619047616,0.8283273014905376,-0.0004883432610328992,0.41053702395812525,1.7644811338060333
27,retest,3.0,0.002,0.0,2.0,60,42,0.5238095238095238,1.1549803117814257,0.00045777751659201025,0.6303336542840408,2.286486093113648
28,retest,3.0,0.002,0.5,1.0,30,9,0.3333333333333333,0.14628158505935784,-0.002768618138504991,0.021681788827190258,0.6578256869886568
29,retest,3.0,0.002,0.5,1.0,60,9,0.5555555555555556,0.9657493818772905,-9.256282548258134e-05,0.49020718454255113,2.069244775036377
30,retest,3.0,0.002,0.5,2.0,30,9,0.3333333333333333,0.14628158505935784,-0.002768618138504991,0.021681788827190258,0.6578256869886568
31,retest,3.0,0.002,0.5,2.0,60,9,0.5555555555555556,0.6415024106832088,-0.0009688452826448256,0.19440975834108667,1.5109922378265646
32,retest,3.0,0.004,0.0,1.0,30,15,0.5333333333333333,1.149712209761318,0.0005397685181944762,0.4755568613871535,1.8326895656956554
33,retest,3.0,0.004,0.0,1.0,60,15,0.6,1.4540010198806457,0.0016039397595559947,0.5940752749308337,2.181793719612829
34,retest,3.0,0.004,0.0,2.0,30,15,0.5333333333333333,0.9806488558934817,-6.976811307772141e-05,0.5635808767603486,1.6875802341834953
35,retest,3.0,0.004,0.0,2.0,60,15,0.5333333333333333,1.320130227444323,0.001207081408318185,0.8348615081761057,2.3536018289394343
36,retest,3.0,0.004,0.5,1.0,30,1,0.0,0.0,-0.014974160347750641,0.0,0.0
37,retest,3.0,0.004,0.5,1.0,60,1,0.0,0.0,-0.014974160347750641,0.0,0.0
38,retest,3.0,0.004,0.5,2.0,30,1,0.0,0.0,-0.014974160347750641,0.0,0.0
39,retest,3.0,0.004,0.5,2.0,60,1,0.0,0.0,-0.014974160347750641,0.0,0.0
40,retest,3.0,0.006,0.0,1.0,30,1,1.0,inf,0.007127277077546279,inf,inf
41,retest,3.0,0.006,0.0,1.0,60,1,1.0,inf,0.0033905335025903906,inf,inf
42,retest,3.0,0.006,0.0,2.0,30,1,1.0,inf,0.007127277077546279,inf,inf
43,retest,3.0,0.006,0.0,2.0,60,1,1.0,inf,0.0033905335025903906,inf,inf
44,retest,3.0,0.006,0.5,1.0,30,0,,,,,
45,retest,3.0,0.006,0.5,1.0,60,0,,,,,
46,retest,3.0,0.006,0.5,2.0,30,0,,,,,
47,retest,3.0,0.006,0.5,2.0,60,0,,,,,
48,breakout,2.0,0.002,0.0,1.0,30,714,0.32492997198879553,0.4135923178633431,-0.002107963937737133,0.19451319208414053,0.9348053280548859
49,breakout,2.0,0.002,0.0,1.0,60,713,0.3899018232819074,0.5048912884596429,-0.0020887692491766384,0.27606313409794325,0.957233933906651
50,breakout,2.0,0.002,0.0,2.0,30,714,0.29411764705882354,0.4611324271898209,-0.0019810356729052275,0.22762142448693293,0.9887199452714388
51,breakout,2.0,0.002,0.0,2.0,60,713,0.33099579242636745,0.5636177525778555,-0.0019423238882777486,0.32826654610304923,1.011186326479713
52,breakout,2.0,0.002,0.5,1.0,30,598,0.3294314381270903,0.42862861100058375,-0.0020485627954925745,0.20650173623196433,0.9675120078398731
53,breakout,2.0,0.002,0.5,1.0,60,598,0.39297658862876256,0.4976243907841561,-0.002140455625481873,0.27121706772409254,0.9524246507289006
54,breakout,2.0,0.002,0.5,2.0,30,598,0.2976588628762542,0.489643302971302,-0.0018722592361716073,0.24591405670494337,1.0321515256087939
55,breakout,2.0,0.002,0.5,2.0,60,598,0.3311036789297659,0.5681254458841951,-0.0019408398057568505,0.33319495318356324,1.0087343264986397
56,breakout,2.0,0.004,0.0,1.0,30,208,0.35096153846153844,0.4659537952026577,-0.002649479129338696,0.28248645862722055,0.8484519790529893
57,breakout,2.0,0.004,0.0,1.0,60,208,0.4423076923076923,0.6180837352784995,-0.0021950171822994096,0.4022541125297379,0.9890268118742381
58,breakout,2.0,0.004,0.0,2.0,30,208,0.33653846153846156,0.5166796634535524,-0.0024168363896484688,0.306938317095989,0.875422228423654
59,breakout,2.0,0.004,0.0,2.0,60,208,0.3701923076923077,0.6346409723475728,-0.002217365398347683,0.42698077934157364,0.9571301717975335
60,breakout,2.0,0.004,0.5,1.0,30,174,0.367816091954023,0.5085264580936604,-0.00242111972721018,0.3152430627931463,0.9175871749712157
61,breakout,2.0,0.004,0.5,1.0,60,174,0.4540229885057471,0.6206281723424646,-0.0021835088244236307,0.4063079342069754,1.0079311366394323
62,breakout,2.0,0.004,0.5,2.0,30,174,0.3505747126436782,0.5811623732616998,-0.0020829957884520404,0.35174668063623993,0.9609806038324898
63,breakout,2.0,0.004,0.5,2.0,60,174,0.3850574712643678,0.6764820193115145,-0.0019436518130069398,0.4572890380446119,1.0138310246948952
64,breakout,2.0,0.006,0.0,1.0,30,54,0.3333333333333333,0.4727074333003666,-0.003352525540888248,0.30003843802737123,0.7262078478892985
65,breakout,2.0,0.006,0.0,1.0,60,54,0.46296296296296297,0.7401711232202267,-0.0017389499400397856,0.46709295525529393,1.0005314514664125
66,breakout,2.0,0.006,0.0,2.0,30,54,0.3333333333333333,0.4899875307224793,-0.0032426587010818933,0.3273218384033081,0.7505842735102847
67,breakout,2.0,0.006,0.0,2.0,60,54,0.4074074074074074,0.6925823210760376,-0.002097757523279017,0.5059560140523898,0.9631932123863262
68,breakout,2.0,0.006,0.5,1.0,30,43,0.32558139534883723,0.4834296133241211,-0.0033633218166731716,0.317573308568289,0.7325476085291905
69,breakout,2.0,0.006,0.5,1.0,60,43,0.4418604651162791,0.657041712517105,-0.0023694329883375584,0.41087341368444424,0.8968340032215967
70,breakout,2.0,0.006,0.5,2.0,30,43,0.32558139534883723,0.5120354244372514,-0.003177073144503757,0.35109430670244807,0.7672810911899918
71,breakout,2.0,0.006,0.5,2.0,60,43,0.37209302325581395,0.595562246626451,-0.002860782847645419,0.43683977017369086,0.8291966076921323
72,breakout,3.0,0.002,0.0,1.0,30,714,0.3067226890756303,0.4636123445343633,-0.0019246536606153622,0.23289160468403328,1.0086448452034404
73,breakout,3.0,0.002,0.0,1.0,60,713,0.3632538569424965,0.5846113713214615,-0.0017376331184186708,0.33375294797704835,1.0885714636398551
74,breakout,3.0,0.002,0.0,2.0,30,714,0.29831932773109243,0.44101739271356666,-0.0020175063577452727,0.2171322681981599,1.0024305269449185
75,breakout,3.0,0.002,0.0,2.0,60,713,0.3394109396914446,0.5879913478187947,-0.0017627299490301145,0.3385126674365769,1.0726074518062778
76,breakout,3.0,0.002,0.5,1.0,30,598,0.31270903010033446,0.48968021550613827,-0.001827527846352748,0.24740050076460124,1.0498752401422407
77,breakout,3.0,0.002,0.5,1.0,60,598,0.36622073578595316,0.5848356934904911,-0.001755368087519238,0.3317240409368311,1.0756573137596428
78,breakout,3.0,0.002,0.5,2.0,30,598,0.30267558528428096,0.47285263197954674,-0.001901051636550067,0.237969747780002,1.0530738038347105
79,breakout,3.0,0.002,0.5,2.0,60,598,0.3377926421404682,0.5917842794446329,-0.001772339030792008,0.343652439740651,1.0689539401689185
80,breakout,3.0,0.004,0.0,1.0,30,208,0.35096153846153844,0.5775252493082061,-0.0019032302701548808,0.3458186866776321,1.025334688031512
81,breakout,3.0,0.004,0.0,1.0,60,208,0.4326923076923077,0.8143554361835876,-0.0008845023469318777,0.5220504907503043,1.350670719599864
82,breakout,3.0,0.004,0.0,2.0,30,208,0.34615384615384615,0.5604838898951113,-0.001980085377590608,0.32773731186072125,1.036585287897558
83,breakout,3.0,0.004,0.0,2.0,60,208,0.4182692307692308,0.8528443253371049,-0.0007097759560618349,0.5490056318364264,1.3422517847353834
84,breakout,3.0,0.004,0.5,1.0,30,174,0.367816091954023,0.6284726494644749,-0.001676277677515286,0.38237037003067814,1.0936479229090124
85,breakout,3.0,0.004,0.5,1.0,60,174,0.4482758620689655,0.8598913450822545,-0.0006597368402689957,0.5522801634326224,1.3958299558808094
86,breakout,3.0,0.004,0.5,2.0,30,174,0.3620689655172414,0.6250431374760657,-0.0016918373432062341,0.3734881367353877,1.1279647768375274
87,breakout,3.0,0.004,0.5,2.0,60,174,0.43103448275862066,0.9062657129244288,-0.00044796071979579525,0.5868555470592915,1.4149552817957634
88,breakout,3.0,0.006,0.0,1.0,30,54,0.3333333333333333,0.5264798993792694,-0.002780253308754407,0.33915451778870104,0.8182452298170262
89,breakout,3.0,0.006,0.0,1.0,60,54,0.46296296296296297,0.9882861546311128,-6.031055331465177e-05,0.6398081797500185,1.5321041497411891
90,breakout,3.0,0.006,0.0,2.0,30,54,0.3333333333333333,0.5168835354509403,-0.0028365979550086496,0.33439937786544227,0.8180562704665737
91,breakout,3.0,0.006,0.0,2.0,60,54,0.46296296296296297,0.9638245665945429,-0.00018625484086339224,0.6623723821247154,1.4284209931963223
92,breakout,3.0,0.006,0.5,1.0,30,43,0.32558139534883723,0.5269601090547245,-0.0029654623810402,0.350163146376348,0.7913159647322119
93,breakout,3.0,0.006,0.5,1.0,60,43,0.4186046511627907,0.8374753137639962,-0.0008948695313789583,0.5287066210465975,1.3274788669108728
94,breakout,3.0,0.006,0.5,2.0,30,43,0.32558139534883723,0.5156729847572781,-0.0030362207740106447,0.3445151237973213,0.7910958530906065
95,breakout,3.0,0.006,0.5,2.0,60,43,0.4186046511627907,0.7899175875023504,-0.0011567248913173789,0.5432801025679563,1.176463003363172
