split,event_key,pair,date,side,probability,model,accepted,net_pnl,won,exit_reason,imputed_funding
early,BSB/USDT:USDT|2026-06-11T00:15:00+00:00|short,BSB/USDT:USDT,2026-06-11 00:15:00+00:00,short,0.15,jev-1.13.0,False,-75.04038491218553,0,initial_stop,0.0
early,BIO/USDT:USDT|2026-06-11T02:45:00+00:00|short,BIO/USDT:USDT,2026-06-11 02:45:00+00:00,short,0.13,jev-1.13.0,False,-75.06754828198729,0,initial_stop,0.0
early,PI/USDT:USDT|2026-06-11T03:00:00+00:00|short,PI/USDT:USDT,2026-06-11 03:00:00+00:00,short,0.15,jev-1.13.0,False,-75.05500912499555,0,initial_stop,0.0
early,ICP/USDT:USDT|2026-06-11T03:15:00+00:00|short,ICP/USDT:USDT,2026-06-11 03:15:00+00:00,short,0.18,jev-1.13.0,False,-75.0650410233074,0,initial_stop,0.0
early,LUNA/USDT:USDT|2026-06-11T03:30:00+00:00|short,LUNA/USDT:USDT,2026-06-11 03:30:00+00:00,short,0.31,jev-1.13.0,False,-75.06495781705796,0,initial_stop,0.0
early,XAG/USDT:USDT|2026-06-11T04:15:00+00:00|short,XAG/USDT:USDT,2026-06-11 04:15:00+00:00,short,0.31,jev-1.13.0,False,-75.06737748517241,0,initial_stop,0.0
early,PI/USDT:USDT|2026-06-11T10:00:00+00:00|short,PI/USDT:USDT,2026-06-11 10:00:00+00:00,short,0.14,jev-1.13.0,False,-75.04122430619235,0,initial_stop,0.0
early,HBAR/USDT:USDT|2026-06-11T11:45:00+00:00|short,HBAR/USDT:USDT,2026-06-11 11:45:00+00:00,short,0.12,jev-1.13.0,False,-75.04442033081968,0,initial_stop,0.0
early,RESOLV/USDT:USDT|2026-06-11T12:30:00+00:00|short,RESOLV/USDT:USDT,2026-06-11 12:30:00+00:00,short,0.11,jev-1.13.0,False,-75.06895110705071,0,initial_stop,0.0
early,BCH/USDT:USDT|2026-06-11T14:15:00+00:00|short,BCH/USDT:USDT,2026-06-11 14:15:00+00:00,short,0.11,jev-1.13.0,False,-75.06125240167516,0,initial_stop,0.0
early,HBAR/USDT:USDT|2026-06-11T17:30:00+00:00|short,HBAR/USDT:USDT,2026-06-11 17:30:00+00:00,short,0.3,jev-1.13.0,False,-75.06433426672706,0,initial_stop,0.0
early,SAHARA/USDT:USDT|2026-06-12T01:00:00+00:00|short,SAHARA/USDT:USDT,2026-06-12 01:00:00+00:00,short,0.11,jev-1.13.0,False,134.60873875537234,1,fixed_3r,0.0
early,SAHARA/USDT:USDT|2026-06-12T03:00:00+00:00|short,SAHARA/USDT:USDT,2026-06-12 03:00:00+00:00,short,0.14,jev-1.13.0,False,158.91857912830028,1,fixed_3r,0.0
early,BEAT/USDT:USDT|2026-06-12T07:15:00+00:00|long,BEAT/USDT:USDT,2026-06-12 07:15:00+00:00,long,0.13,jev-1.13.0,False,-78.90290340922023,0,initial_stop,0.0
early,ETHFI/USDT:USDT|2026-06-12T08:15:00+00:00|short,ETHFI/USDT:USDT,2026-06-12 08:15:00+00:00,short,0.16,jev-1.13.0,False,-75.06820001883855,0,initial_stop,0.0
early,LINK/USDT:USDT|2026-06-12T08:15:00+00:00|short,LINK/USDT:USDT,2026-06-12 08:15:00+00:00,short,0.16,jev-1.13.0,False,-75.06525147241184,0,initial_stop,0.0
early,PI/USDT:USDT|2026-06-12T08:15:00+00:00|short,PI/USDT:USDT,2026-06-12 08:15:00+00:00,short,0.11,jev-1.13.0,False,-75.0426984937729,0,initial_stop,0.0
early,SPK/USDT:USDT|2026-06-12T08:15:00+00:00|short,SPK/USDT:USDT,2026-06-12 08:15:00+00:00,short,0.17,jev-1.13.0,False,-75.12234217964092,0,initial_stop,0.0
early,RAVE/USDT:USDT|2026-06-12T10:30:00+00:00|short,RAVE/USDT:USDT,2026-06-12 10:30:00+00:00,short,0.14,jev-1.13.0,False,-75.06261794382645,0,initial_stop,0.0
early,LIT/USDT:USDT|2026-06-12T16:00:00+00:00|long,LIT/USDT:USDT,2026-06-12 16:00:00+00:00,long,0.11,jev-1.13.0,False,-74.93767959293362,0,initial_stop,0.0
early,EIGEN/USDT:USDT|2026-06-12T16:15:00+00:00|short,EIGEN/USDT:USDT,2026-06-12 16:15:00+00:00,short,0.13,jev-1.13.0,False,165.72757766049602,1,fixed_3r,0.0
early,MERL/USDT:USDT|2026-06-12T16:15:00+00:00|short,MERL/USDT:USDT,2026-06-12 16:15:00+00:00,short,0.12,jev-1.13.0,False,-75.06376981837612,0,initial_stop,0.0
early,SUI/USDT:USDT|2026-06-12T16:15:00+00:00|short,SUI/USDT:USDT,2026-06-12 16:15:00+00:00,short,0.11,jev-1.13.0,False,-75.06187430005173,0,initial_stop,0.0
early,BCH/USDT:USDT|2026-06-12T20:15:00+00:00|short,BCH/USDT:USDT,2026-06-12 20:15:00+00:00,short,0.18,jev-1.13.0,False,-75.05798809343811,0,initial_stop,0.0
early,KAITO/USDT:USDT|2026-06-13T00:15:00+00:00|short,KAITO/USDT:USDT,2026-06-13 00:15:00+00:00,short,0.14,jev-1.13.0,False,-75.0579855334706,0,initial_stop,0.0
early,SPK/USDT:USDT|2026-06-13T01:15:00+00:00|short,SPK/USDT:USDT,2026-06-13 01:15:00+00:00,short,0.25,jev-1.13.0,False,-75.06683360891614,0,initial_stop,0.0
early,BCH/USDT:USDT|2026-06-13T04:30:00+00:00|short,BCH/USDT:USDT,2026-06-13 04:30:00+00:00,short,0.14,jev-1.13.0,False,-75.06482758037792,0,initial_stop,0.0
early,WCT/USDT:USDT|2026-06-13T07:00:00+00:00|short,WCT/USDT:USDT,2026-06-13 07:00:00+00:00,short,0.19,jev-1.13.0,False,-74.23362195582943,0,initial_stop,0.0
early,RESOLV/USDT:USDT|2026-06-13T10:00:00+00:00|short,RESOLV/USDT:USDT,2026-06-13 10:00:00+00:00,short,0.25,jev-1.13.0,False,-75.06672223497515,0,initial_stop,0.0
early,LDO/USDT:USDT|2026-06-13T20:15:00+00:00|short,LDO/USDT:USDT,2026-06-13 20:15:00+00:00,short,0.09,jev-1.13.0,False,-75.06397991750829,0,initial_stop,0.0
early,PIPPIN/USDT:USDT|2026-06-14T00:15:00+00:00|short,PIPPIN/USDT:USDT,2026-06-14 00:15:00+00:00,short,0.32,jev-1.13.0,False,190.39623393041427,1,fixed_3r,0.0
early,RIVER/USDT:USDT|2026-06-14T01:15:00+00:00|short,RIVER/USDT:USDT,2026-06-14 01:15:00+00:00,short,0.31,jev-1.13.0,False,206.27457901077852,1,fixed_3r,0.0
early,STABLE/USDT:USDT|2026-06-14T05:45:00+00:00|long,STABLE/USDT:USDT,2026-06-14 05:45:00+00:00,long,0.32,jev-1.13.0,False,-74.93038693802755,0,initial_stop,0.0
early,AXS/USDT:USDT|2026-06-14T08:15:00+00:00|short,AXS/USDT:USDT,2026-06-14 08:15:00+00:00,short,0.11,jev-1.13.0,False,-75.31914392762559,0,initial_stop,0.0
early,ONT/USDT:USDT|2026-06-14T08:15:00+00:00|short,ONT/USDT:USDT,2026-06-14 08:15:00+00:00,short,0.15,jev-1.13.0,False,-75.05901625688585,0,initial_stop,0.0
early,LIT/USDT:USDT|2026-06-14T08:30:00+00:00|long,LIT/USDT:USDT,2026-06-14 08:30:00+00:00,long,0.1,jev-1.13.0,False,-74.93725088471675,0,initial_stop,0.0
early,HBAR/USDT:USDT|2026-06-14T13:15:00+00:00|short,HBAR/USDT:USDT,2026-06-14 13:15:00+00:00,short,0.1,jev-1.13.0,False,162.94730750206216,1,fixed_3r,0.0
early,RESOLV/USDT:USDT|2026-06-14T16:15:00+00:00|short,RESOLV/USDT:USDT,2026-06-14 16:15:00+00:00,short,0.11,jev-1.13.0,False,-75.06906347663684,0,initial_stop,0.0
early,STABLE/USDT:USDT|2026-06-15T01:15:00+00:00|long,STABLE/USDT:USDT,2026-06-15 01:15:00+00:00,long,0.09,jev-1.13.0,False,-74.94785031316461,0,initial_stop,0.0
early,SOON/USDT:USDT|2026-06-15T09:15:00+00:00|long,SOON/USDT:USDT,2026-06-15 09:15:00+00:00,long,0.28,jev-1.13.0,False,-78.33638641782915,0,initial_stop,0.0
early,SOON/USDT:USDT|2026-06-15T20:00:00+00:00|long,SOON/USDT:USDT,2026-06-15 20:00:00+00:00,long,0.24,jev-1.13.0,False,-74.93398294113805,0,initial_stop,0.0
early,SNDK/USDT:USDT|2026-06-16T01:15:00+00:00|long,SNDK/USDT:USDT,2026-06-16 01:15:00+00:00,long,0.18,jev-1.13.0,False,-74.95129846303564,0,initial_stop,0.0
early,USELESS/USDT:USDT|2026-06-16T05:30:00+00:00|long,USELESS/USDT:USDT,2026-06-16 05:30:00+00:00,long,0.1,jev-1.13.0,False,-74.93479481047285,0,initial_stop,0.0
early,STABLE/USDT:USDT|2026-06-16T13:15:00+00:00|long,STABLE/USDT:USDT,2026-06-16 13:15:00+00:00,long,0.12,jev-1.13.0,False,165.11396437255712,1,fixed_3r,0.0
early,RESOLV/USDT:USDT|2026-06-16T16:15:00+00:00|short,RESOLV/USDT:USDT,2026-06-16 16:15:00+00:00,short,0.29,jev-1.13.0,False,-32.463182972033614,0,all_24h,0.0
early,ANIME/USDT:USDT|2026-06-16T19:30:00+00:00|short,ANIME/USDT:USDT,2026-06-16 19:30:00+00:00,short,0.15,jev-1.13.0,False,-74.89408944854578,0,initial_stop,0.0
early,BERA/USDT:USDT|2026-06-16T20:30:00+00:00|short,BERA/USDT:USDT,2026-06-16 20:30:00+00:00,short,0.22,jev-1.13.0,False,-74.77987412321076,0,initial_stop,0.0
early,DOGE/USDT:USDT|2026-06-17T00:15:00+00:00|short,DOGE/USDT:USDT,2026-06-17 00:15:00+00:00,short,0.17,jev-1.13.0,False,-75.06490182721767,0,initial_stop,0.0
early,INJ/USDT:USDT|2026-06-17T02:15:00+00:00|long,INJ/USDT:USDT,2026-06-17 02:15:00+00:00,long,0.1,jev-1.13.0,False,-74.93170350743105,0,initial_stop,0.0
early,XLM/USDT:USDT|2026-06-17T07:15:00+00:00|long,XLM/USDT:USDT,2026-06-17 07:15:00+00:00,long,0.35,jev-1.13.0,False,-74.73230884967735,0,initial_stop,0.0
early,PIPPIN/USDT:USDT|2026-06-17T10:15:00+00:00|short,PIPPIN/USDT:USDT,2026-06-17 10:15:00+00:00,short,0.34,jev-1.13.0,False,-74.5343810700696,0,initial_stop,0.0
early,PIPPIN/USDT:USDT|2026-06-17T12:15:00+00:00|short,PIPPIN/USDT:USDT,2026-06-17 12:15:00+00:00,short,0.22,jev-1.13.0,False,198.21206624515509,1,fixed_3r,0.0
early,AVAX/USDT:USDT|2026-06-17T13:45:00+00:00|short,AVAX/USDT:USDT,2026-06-17 13:45:00+00:00,short,0.28,jev-1.13.0,False,-75.06249941891411,0,initial_stop,0.0
early,HBAR/USDT:USDT|2026-06-17T15:15:00+00:00|short,HBAR/USDT:USDT,2026-06-17 15:15:00+00:00,short,0.15,jev-1.13.0,False,-75.05719087112941,0,initial_stop,0.0
early,ADA/USDT:USDT|2026-06-17T18:00:00+00:00|short,ADA/USDT:USDT,2026-06-17 18:00:00+00:00,short,0.16,jev-1.13.0,False,96.82805230335839,1,fixed_3r,0.0
early,ACT/USDT:USDT|2026-06-17T20:15:00+00:00|short,ACT/USDT:USDT,2026-06-17 20:15:00+00:00,short,0.21,jev-1.13.0,False,210.15764642094868,1,fixed_3r,0.0
early,BCH/USDT:USDT|2026-06-17T20:15:00+00:00|short,BCH/USDT:USDT,2026-06-17 20:15:00+00:00,short,0.24,jev-1.13.0,False,-75.2702724340738,0,initial_stop,0.0
early,NEIRO/USDT:USDT|2026-06-17T20:15:00+00:00|short,NEIRO/USDT:USDT,2026-06-17 20:15:00+00:00,short,0.29,jev-1.13.0,False,4.863711942756892,1,all_24h,0.0
early,MAGIC/USDT:USDT|2026-06-18T00:45:00+00:00|short,MAGIC/USDT:USDT,2026-06-18 00:45:00+00:00,short,0.26,jev-1.13.0,False,180.88730504393706,1,fixed_3r,0.0
early,ZAMA/USDT:USDT|2026-06-18T02:15:00+00:00|long,ZAMA/USDT:USDT,2026-06-18 02:15:00+00:00,long,0.35,jev-1.13.0,False,-75.10517213264673,0,initial_stop,0.0
early,AUCTION/USDT:USDT|2026-06-18T04:15:00+00:00|short,AUCTION/USDT:USDT,2026-06-18 04:15:00+00:00,short,0.17,jev-1.13.0,False,190.34650168211303,1,fixed_3r,0.0
early,HBAR/USDT:USDT|2026-06-18T09:15:00+00:00|short,HBAR/USDT:USDT,2026-06-18 09:15:00+00:00,short,0.14,jev-1.13.0,False,-75.05327908542249,0,initial_stop,0.0
early,SNDK/USDT:USDT|2026-06-18T13:45:00+00:00|long,SNDK/USDT:USDT,2026-06-18 13:45:00+00:00,long,0.35,jev-1.13.0,False,66.97117598170567,1,all_24h,0.0
early,USELESS/USDT:USDT|2026-06-18T20:15:00+00:00|long,USELESS/USDT:USDT,2026-06-18 20:15:00+00:00,long,0.09,jev-1.13.0,False,-74.92827067969048,0,initial_stop,0.0
early,S/USDT:USDT|2026-06-18T23:15:00+00:00|short,S/USDT:USDT,2026-06-18 23:15:00+00:00,short,0.14,jev-1.13.0,False,-75.06166166357352,0,initial_stop,0.0
early,VIRTUAL/USDT:USDT|2026-06-19T02:30:00+00:00|short,VIRTUAL/USDT:USDT,2026-06-19 02:30:00+00:00,short,0.11,jev-1.13.0,False,-75.05921113243244,0,initial_stop,0.0
early,PENGU/USDT:USDT|2026-06-19T03:30:00+00:00|short,PENGU/USDT:USDT,2026-06-19 03:30:00+00:00,short,0.26,jev-1.13.0,False,-38.55186000216216,0,all_24h,0.0
early,SATS/USDT:USDT|2026-06-19T04:15:00+00:00|short,SATS/USDT:USDT,2026-06-19 04:15:00+00:00,short,0.24,jev-1.13.0,False,-75.23264984489575,0,initial_stop,0.0
early,S/USDT:USDT|2026-06-19T04:45:00+00:00|short,S/USDT:USDT,2026-06-19 04:45:00+00:00,short,0.12,jev-1.13.0,False,-75.61010944106152,0,initial_stop,0.0
early,MERL/USDT:USDT|2026-06-19T06:45:00+00:00|short,MERL/USDT:USDT,2026-06-19 06:45:00+00:00,short,0.21,jev-1.13.0,False,194.14795562188633,1,fixed_3r,0.0
early,ANIME/USDT:USDT|2026-06-19T11:00:00+00:00|short,ANIME/USDT:USDT,2026-06-19 11:00:00+00:00,short,0.13,jev-1.13.0,False,150.50624568079962,1,fixed_3r,0.0
early,POPCAT/USDT:USDT|2026-06-19T13:45:00+00:00|short,POPCAT/USDT:USDT,2026-06-19 13:45:00+00:00,short,0.15,jev-1.13.0,False,-75.05310875408671,0,initial_stop,0.0
early,LUNA/USDT:USDT|2026-06-19T15:00:00+00:00|short,LUNA/USDT:USDT,2026-06-19 15:00:00+00:00,short,0.16,jev-1.13.0,False,-75.05536226041366,0,initial_stop,0.0
early,MAGIC/USDT:USDT|2026-06-19T15:30:00+00:00|short,MAGIC/USDT:USDT,2026-06-19 15:30:00+00:00,short,0.15,jev-1.13.0,False,-74.64081549340622,0,initial_stop,0.0
early,ALLO/USDT:USDT|2026-06-19T16:15:00+00:00|long,ALLO/USDT:USDT,2026-06-19 16:15:00+00:00,long,0.41,jev-1.13.0,False,-75.14346327438948,0,initial_stop,0.0
early,RAVE/USDT:USDT|2026-06-19T16:45:00+00:00|short,RAVE/USDT:USDT,2026-06-19 16:45:00+00:00,short,0.16,jev-1.13.0,False,161.2719476874738,1,fixed_3r,0.0
early,TURBO/USDT:USDT|2026-06-19T20:15:00+00:00|short,TURBO/USDT:USDT,2026-06-19 20:15:00+00:00,short,0.13,jev-1.13.0,False,-74.66344802232905,0,initial_stop,0.0
early,LTC/USDT:USDT|2026-06-19T22:30:00+00:00|short,LTC/USDT:USDT,2026-06-19 22:30:00+00:00,short,0.1,jev-1.13.0,False,-75.06030178135617,0,initial_stop,0.0
early,BARD/USDT:USDT|2026-06-20T01:00:00+00:00|short,BARD/USDT:USDT,2026-06-20 01:00:00+00:00,short,0.15,jev-1.13.0,False,-75.36635978684039,0,initial_stop,0.0
early,ALLO/USDT:USDT|2026-06-20T01:30:00+00:00|long,ALLO/USDT:USDT,2026-06-20 01:30:00+00:00,long,0.16,jev-1.13.0,False,-74.93889727804807,0,initial_stop,0.0
early,FIL/USDT:USDT|2026-06-20T04:15:00+00:00|short,FIL/USDT:USDT,2026-06-20 04:15:00+00:00,short,0.13,jev-1.13.0,False,-75.06178904867173,0,initial_stop,0.0
early,PEOPLE/USDT:USDT|2026-06-20T04:15:00+00:00|short,PEOPLE/USDT:USDT,2026-06-20 04:15:00+00:00,short,0.28,jev-1.13.0,False,-75.06831070887107,0,initial_stop,0.0
early,MON/USDT:USDT|2026-06-20T05:30:00+00:00|short,MON/USDT:USDT,2026-06-20 05:30:00+00:00,short,0.13,jev-1.13.0,False,-75.05466695916778,0,initial_stop,0.0
early,TURBO/USDT:USDT|2026-06-20T07:15:00+00:00|short,TURBO/USDT:USDT,2026-06-20 07:15:00+00:00,short,0.3,jev-1.13.0,False,-75.21517935439908,0,initial_stop,0.0
early,VIRTUAL/USDT:USDT|2026-06-20T11:15:00+00:00|short,VIRTUAL/USDT:USDT,2026-06-20 11:15:00+00:00,short,0.18,jev-1.13.0,False,-74.70441725859651,0,initial_stop,0.0
early,PNUT/USDT:USDT|2026-06-20T12:15:00+00:00|short,PNUT/USDT:USDT,2026-06-20 12:15:00+00:00,short,0.17,jev-1.13.0,False,160.85311643842041,1,fixed_3r,0.0
early,AUCTION/USDT:USDT|2026-06-20T13:30:00+00:00|short,AUCTION/USDT:USDT,2026-06-20 13:30:00+00:00,short,0.11,jev-1.13.0,False,-75.0634931361839,0,initial_stop,0.0
early,MU/USDT:USDT|2026-06-20T13:30:00+00:00|long,MU/USDT:USDT,2026-06-20 13:30:00+00:00,long,0.29,jev-1.13.0,False,153.96197589904074,1,fixed_3r,0.0
early,ICP/USDT:USDT|2026-06-20T14:30:00+00:00|short,ICP/USDT:USDT,2026-06-20 14:30:00+00:00,short,0.11,jev-1.13.0,False,-75.06855294588202,0,initial_stop,0.0
early,WLFI/USDT:USDT|2026-06-20T16:15:00+00:00|short,WLFI/USDT:USDT,2026-06-20 16:15:00+00:00,short,0.26,jev-1.13.0,False,-75.54345638939748,0,initial_stop,0.0
early,BONK/USDT:USDT|2026-06-20T20:15:00+00:00|short,BONK/USDT:USDT,2026-06-20 20:15:00+00:00,short,0.12,jev-1.13.0,False,5.774426894765725,1,fixed_3r,0.0
early,LTC/USDT:USDT|2026-06-20T20:15:00+00:00|short,LTC/USDT:USDT,2026-06-20 20:15:00+00:00,short,0.11,jev-1.13.0,False,-75.04898658992579,0,initial_stop,0.0
early,MU/USDT:USDT|2026-06-20T20:30:00+00:00|long,MU/USDT:USDT,2026-06-20 20:30:00+00:00,long,0.1,jev-1.13.0,False,21.115944011940055,1,all_24h,0.0
early,CRV/USDT:USDT|2026-06-20T21:30:00+00:00|short,CRV/USDT:USDT,2026-06-20 21:30:00+00:00,short,0.14,jev-1.13.0,False,-75.05601139920634,0,initial_stop,0.0
early,RIVER/USDT:USDT|2026-06-21T03:30:00+00:00|short,RIVER/USDT:USDT,2026-06-21 03:30:00+00:00,short,0.13,jev-1.13.0,False,-74.2910887192074,0,initial_stop,0.0
early,LAB/USDT:USDT|2026-06-21T04:15:00+00:00|long,LAB/USDT:USDT,2026-06-21 04:15:00+00:00,long,0.12,jev-1.13.0,False,218.48347096755165,1,fixed_3r,0.0
early,DOT/USDT:USDT|2026-06-21T08:15:00+00:00|short,DOT/USDT:USDT,2026-06-21 08:15:00+00:00,short,0.11,jev-1.13.0,False,-75.0541446109834,0,initial_stop,0.0
early,VIRTUAL/USDT:USDT|2026-06-21T08:15:00+00:00|short,VIRTUAL/USDT:USDT,2026-06-21 08:15:00+00:00,short,0.11,jev-1.13.0,False,-75.06786307578943,0,initial_stop,0.0
early,SAHARA/USDT:USDT|2026-06-21T11:15:00+00:00|short,SAHARA/USDT:USDT,2026-06-21 11:15:00+00:00,short,0.15,jev-1.13.0,False,109.8100808818095,1,fixed_3r,0.0
early,LUNA/USDT:USDT|2026-06-21T12:15:00+00:00|short,LUNA/USDT:USDT,2026-06-21 12:15:00+00:00,short,0.1,jev-1.13.0,False,-75.05794382963778,0,initial_stop,0.0
early,NMR/USDT:USDT|2026-06-21T16:45:00+00:00|long,NMR/USDT:USDT,2026-06-21 16:45:00+00:00,long,0.31,jev-1.13.0,False,-75.83029196339025,0,initial_stop,0.0
early,AVAX/USDT:USDT|2026-06-21T20:15:00+00:00|short,AVAX/USDT:USDT,2026-06-21 20:15:00+00:00,short,0.12,jev-1.13.0,False,-75.59164295344546,0,initial_stop,0.0
early,RAVE/USDT:USDT|2026-06-21T20:15:00+00:00|short,RAVE/USDT:USDT,2026-06-21 20:15:00+00:00,short,0.1,jev-1.13.0,False,189.38943349436147,1,fixed_3r,0.0
early,BERA/USDT:USDT|2026-06-22T00:15:00+00:00|short,BERA/USDT:USDT,2026-06-22 00:15:00+00:00,short,0.09,jev-1.13.0,False,-75.07085728813708,0,initial_stop,0.0
early,ONT/USDT:USDT|2026-06-22T00:15:00+00:00|short,ONT/USDT:USDT,2026-06-22 00:15:00+00:00,short,0.13,jev-1.13.0,False,-75.06420850973579,0,initial_stop,0.0
early,EIGEN/USDT:USDT|2026-06-22T00:45:00+00:00|long,EIGEN/USDT:USDT,2026-06-22 00:45:00+00:00,long,0.43,jev-1.13.0,False,3.5747037446683625,1,all_24h,0.0
early,VIRTUAL/USDT:USDT|2026-06-22T02:30:00+00:00|short,VIRTUAL/USDT:USDT,2026-06-22 02:30:00+00:00,short,0.12,jev-1.13.0,False,76.16826678942252,1,fixed_3r,0.0
early,MOODENG/USDT:USDT|2026-06-22T04:15:00+00:00|short,MOODENG/USDT:USDT,2026-06-22 04:15:00+00:00,short,0.22,jev-1.13.0,False,-74.81158115522344,0,initial_stop,0.0
early,KAITO/USDT:USDT|2026-06-22T07:00:00+00:00|long,KAITO/USDT:USDT,2026-06-22 07:00:00+00:00,long,0.12,jev-1.13.0,False,-74.93704110724289,0,initial_stop,0.0
early,WLD/USDT:USDT|2026-06-22T10:00:00+00:00|long,WLD/USDT:USDT,2026-06-22 10:00:00+00:00,long,0.13,jev-1.13.0,False,-67.78150107785324,0,initial_stop,0.0
early,DASH/USDT:USDT|2026-06-22T15:45:00+00:00|short,DASH/USDT:USDT,2026-06-22 15:45:00+00:00,short,0.27,jev-1.13.0,False,-74.21395313354425,0,initial_stop,0.0
early,OP/USDT:USDT|2026-06-22T16:15:00+00:00|short,OP/USDT:USDT,2026-06-22 16:15:00+00:00,short,0.12,jev-1.13.0,False,198.20549794482056,1,fixed_3r,0.0
early,VIRTUAL/USDT:USDT|2026-06-22T16:15:00+00:00|short,VIRTUAL/USDT:USDT,2026-06-22 16:15:00+00:00,short,0.3,jev-1.13.0,False,201.93756387387376,1,fixed_3r,0.0
early,BCH/USDT:USDT|2026-06-22T20:15:00+00:00|short,BCH/USDT:USDT,2026-06-22 20:15:00+00:00,short,0.13,jev-1.13.0,False,160.33365753571977,1,fixed_3r,0.0
early,MAGIC/USDT:USDT|2026-06-22T20:15:00+00:00|short,MAGIC/USDT:USDT,2026-06-22 20:15:00+00:00,short,0.25,jev-1.13.0,False,189.34381362279953,1,fixed_3r,0.0
early,JUP/USDT:USDT|2026-06-22T23:00:00+00:00|long,JUP/USDT:USDT,2026-06-22 23:00:00+00:00,long,0.1,jev-1.13.0,False,-75.57842093478448,0,initial_stop,0.0
early,ALLO/USDT:USDT|2026-06-23T02:30:00+00:00|long,ALLO/USDT:USDT,2026-06-23 02:30:00+00:00,long,0.38,jev-1.13.0,False,-75.01400715089038,0,initial_stop,0.0
early,HBAR/USDT:USDT|2026-06-23T04:00:00+00:00|short,HBAR/USDT:USDT,2026-06-23 04:00:00+00:00,short,0.25,jev-1.13.0,False,135.7968987277312,1,fixed_3r,0.0
early,HBAR/USDT:USDT|2026-06-23T06:30:00+00:00|short,HBAR/USDT:USDT,2026-06-23 06:30:00+00:00,short,0.34,jev-1.13.0,False,-5.829647112582639,0,all_24h,0.0
early,RVN/USDT:USDT|2026-06-23T08:30:00+00:00|short,RVN/USDT:USDT,2026-06-23 08:30:00+00:00,short,0.26,jev-1.13.0,False,-32.973997820596374,0,all_24h,0.0
early,OP/USDT:USDT|2026-06-23T16:15:00+00:00|short,OP/USDT:USDT,2026-06-23 16:15:00+00:00,short,0.16,jev-1.13.0,False,165.82367413806256,1,fixed_3r,0.0
early,RVN/USDT:USDT|2026-06-23T19:15:00+00:00|short,RVN/USDT:USDT,2026-06-23 19:15:00+00:00,short,0.32,jev-1.13.0,False,186.361052185357,1,fixed_3r,0.0
early,MERL/USDT:USDT|2026-06-23T23:30:00+00:00|short,MERL/USDT:USDT,2026-06-23 23:30:00+00:00,short,0.12,jev-1.13.0,False,-74.65148643292207,0,initial_stop,0.0
early,PNUT/USDT:USDT|2026-06-24T01:45:00+00:00|short,PNUT/USDT:USDT,2026-06-24 01:45:00+00:00,short,0.12,jev-1.13.0,False,146.57856036220699,1,fixed_3r,0.0
early,FIL/USDT:USDT|2026-06-24T04:15:00+00:00|short,FIL/USDT:USDT,2026-06-24 04:15:00+00:00,short,0.13,jev-1.13.0,False,190.23721519417208,1,fixed_3r,0.0
early,BNB/USDT:USDT|2026-06-24T05:15:00+00:00|short,BNB/USDT:USDT,2026-06-24 05:15:00+00:00,short,0.29,jev-1.13.0,False,-75.05746799317734,0,initial_stop,0.0
early,JUP/USDT:USDT|2026-06-24T08:15:00+00:00|long,JUP/USDT:USDT,2026-06-24 08:15:00+00:00,long,0.16,jev-1.13.0,False,-74.3800357539469,0,initial_stop,0.0
early,LINK/USDT:USDT|2026-06-24T10:15:00+00:00|short,LINK/USDT:USDT,2026-06-24 10:15:00+00:00,short,0.32,jev-1.13.0,False,-75.06543568728648,0,initial_stop,0.0
early,BERA/USDT:USDT|2026-06-24T12:00:00+00:00|short,BERA/USDT:USDT,2026-06-24 12:00:00+00:00,short,0.31,jev-1.13.0,False,159.37570592161688,1,fixed_3r,0.0
early,RVN/USDT:USDT|2026-06-24T12:00:00+00:00|short,RVN/USDT:USDT,2026-06-24 12:00:00+00:00,short,0.31,jev-1.13.0,False,-75.0472111790247,0,initial_stop,0.0
early,BONK/USDT:USDT|2026-06-24T13:15:00+00:00|short,BONK/USDT:USDT,2026-06-24 13:15:00+00:00,short,0.31,jev-1.13.0,False,22.6594726431483,1,all_24h,0.0
early,DOT/USDT:USDT|2026-06-24T13:30:00+00:00|short,DOT/USDT:USDT,2026-06-24 13:30:00+00:00,short,0.23,jev-1.13.0,False,76.51480590070126,1,all_24h,0.0
early,BIO/USDT:USDT|2026-06-24T14:15:00+00:00|short,BIO/USDT:USDT,2026-06-24 14:15:00+00:00,short,0.13,jev-1.13.0,False,188.57012178382593,1,fixed_3r,0.0
early,ZRO/USDT:USDT|2026-06-24T16:15:00+00:00|short,ZRO/USDT:USDT,2026-06-24 16:15:00+00:00,short,0.24,jev-1.13.0,False,210.98175697001295,1,fixed_3r,0.0
early,SPK/USDT:USDT|2026-06-24T17:00:00+00:00|short,SPK/USDT:USDT,2026-06-24 17:00:00+00:00,short,0.36,jev-1.13.0,False,-75.23915981912091,0,initial_stop,0.0
early,ENJ/USDT:USDT|2026-06-24T20:15:00+00:00|short,ENJ/USDT:USDT,2026-06-24 20:15:00+00:00,short,0.36,jev-1.13.0,False,206.09037041262897,1,fixed_3r,0.0
early,H/USDT:USDT|2026-06-25T07:15:00+00:00|short,H/USDT:USDT,2026-06-25 07:15:00+00:00,short,0.14,jev-1.13.0,False,74.50142403268019,1,all_24h,0.0
early,PIPPIN/USDT:USDT|2026-06-25T09:45:00+00:00|short,PIPPIN/USDT:USDT,2026-06-25 09:45:00+00:00,short,0.14,jev-1.13.0,False,-75.06731219852794,0,initial_stop,0.0
early,PI/USDT:USDT|2026-06-25T10:15:00+00:00|short,PI/USDT:USDT,2026-06-25 10:15:00+00:00,short,0.13,jev-1.13.0,False,89.60957400359408,1,fixed_3r,0.0
early,MAGIC/USDT:USDT|2026-06-25T10:45:00+00:00|short,MAGIC/USDT:USDT,2026-06-25 10:45:00+00:00,short,0.12,jev-1.13.0,False,-74.67127904032313,0,initial_stop,0.0
early,MOODENG/USDT:USDT|2026-06-25T11:15:00+00:00|short,MOODENG/USDT:USDT,2026-06-25 11:15:00+00:00,short,0.09,jev-1.13.0,False,189.08925484438703,1,fixed_3r,0.0
early,BIO/USDT:USDT|2026-06-25T11:30:00+00:00|short,BIO/USDT:USDT,2026-06-25 11:30:00+00:00,short,0.29,jev-1.13.0,False,203.41538330636007,1,fixed_3r,0.0
early,TRUMP/USDT:USDT|2026-06-25T11:45:00+00:00|short,TRUMP/USDT:USDT,2026-06-25 11:45:00+00:00,short,0.13,jev-1.13.0,False,186.18947740976526,1,fixed_3r,0.0
early,LDO/USDT:USDT|2026-06-25T12:15:00+00:00|short,LDO/USDT:USDT,2026-06-25 12:15:00+00:00,short,0.13,jev-1.13.0,False,194.5021477019154,1,fixed_3r,0.0
early,BIO/USDT:USDT|2026-06-25T12:45:00+00:00|short,BIO/USDT:USDT,2026-06-25 12:45:00+00:00,short,0.26,jev-1.13.0,False,-74.9332043516516,0,initial_stop,0.0
early,NEIRO/USDT:USDT|2026-06-25T13:15:00+00:00|short,NEIRO/USDT:USDT,2026-06-25 13:15:00+00:00,short,0.33,jev-1.13.0,False,-75.06649818708584,0,initial_stop,0.0
early,WCT/USDT:USDT|2026-06-25T13:45:00+00:00|short,WCT/USDT:USDT,2026-06-25 13:45:00+00:00,short,0.33,jev-1.13.0,False,-45.50058324278008,0,all_24h,0.0
early,VIRTUAL/USDT:USDT|2026-06-25T14:15:00+00:00|short,VIRTUAL/USDT:USDT,2026-06-25 14:15:00+00:00,short,0.35,jev-1.13.0,False,-18.53599731786787,0,all_24h,0.0
early,LTC/USDT:USDT|2026-06-25T17:15:00+00:00|short,LTC/USDT:USDT,2026-06-25 17:15:00+00:00,short,0.28,jev-1.13.0,False,-75.00130164144886,0,initial_stop,0.0
early,BCH/USDT:USDT|2026-06-25T21:45:00+00:00|short,BCH/USDT:USDT,2026-06-25 21:45:00+00:00,short,0.28,jev-1.13.0,False,-75.06441214889854,0,initial_stop,0.0
early,FIL/USDT:USDT|2026-06-26T00:15:00+00:00|short,FIL/USDT:USDT,2026-06-26 00:15:00+00:00,short,0.1,jev-1.13.0,False,159.6496625419619,1,fixed_3r,0.0
early,UNI/USDT:USDT|2026-06-26T00:15:00+00:00|short,UNI/USDT:USDT,2026-06-26 00:15:00+00:00,short,0.14,jev-1.13.0,False,86.27438100349,1,fixed_3r,0.0
early,ENJ/USDT:USDT|2026-06-26T02:30:00+00:00|short,ENJ/USDT:USDT,2026-06-26 02:30:00+00:00,short,0.27,jev-1.13.0,False,-75.07001933151217,0,initial_stop,0.0
early,SNDK/USDT:USDT|2026-06-26T04:00:00+00:00|long,SNDK/USDT:USDT,2026-06-26 04:00:00+00:00,long,0.08,jev-1.13.0,False,-74.93278630420991,0,initial_stop,0.0
early,WCT/USDT:USDT|2026-06-26T06:15:00+00:00|short,WCT/USDT:USDT,2026-06-26 06:15:00+00:00,short,0.16,jev-1.13.0,False,-75.06540003980518,0,initial_stop,0.0
early,MOVE/USDT:USDT|2026-06-26T07:15:00+00:00|short,MOVE/USDT:USDT,2026-06-26 07:15:00+00:00,short,0.14,jev-1.13.0,False,80.73907955787101,1,fixed_3r,0.0
early,AIXBT/USDT:USDT|2026-06-26T10:15:00+00:00|short,AIXBT/USDT:USDT,2026-06-26 10:15:00+00:00,short,0.11,jev-1.13.0,False,-74.64016486451753,0,initial_stop,0.0
early,BONK/USDT:USDT|2026-06-26T12:00:00+00:00|short,BONK/USDT:USDT,2026-06-26 12:00:00+00:00,short,0.12,jev-1.13.0,False,-75.07015140150774,0,initial_stop,0.0
early,LTC/USDT:USDT|2026-06-26T12:15:00+00:00|short,LTC/USDT:USDT,2026-06-26 12:15:00+00:00,short,0.13,jev-1.13.0,False,-75.06940764765149,0,initial_stop,0.0
early,AUCTION/USDT:USDT|2026-06-26T12:45:00+00:00|short,AUCTION/USDT:USDT,2026-06-26 12:45:00+00:00,short,0.15,jev-1.13.0,False,-75.05145328747643,0,initial_stop,0.0
early,PUMP/USDT:USDT|2026-06-26T12:45:00+00:00|short,PUMP/USDT:USDT,2026-06-26 12:45:00+00:00,short,0.11,jev-1.13.0,False,-75.07056854511816,0,initial_stop,0.0
early,PNUT/USDT:USDT|2026-06-26T13:30:00+00:00|short,PNUT/USDT:USDT,2026-06-26 13:30:00+00:00,short,0.09,jev-1.13.0,False,-75.06961583370239,0,initial_stop,0.0
early,LDO/USDT:USDT|2026-06-26T14:00:00+00:00|short,LDO/USDT:USDT,2026-06-26 14:00:00+00:00,short,0.37,jev-1.13.0,False,-75.05291053852747,0,initial_stop,0.0
early,SENT/USDT:USDT|2026-06-26T15:00:00+00:00|short,SENT/USDT:USDT,2026-06-26 15:00:00+00:00,short,0.14,jev-1.13.0,False,-75.05814594265131,0,initial_stop,0.0
early,ARB/USDT:USDT|2026-06-26T15:30:00+00:00|short,ARB/USDT:USDT,2026-06-26 15:30:00+00:00,short,0.14,jev-1.13.0,False,-75.05910618902237,0,initial_stop,0.0
early,JUP/USDT:USDT|2026-06-26T16:15:00+00:00|long,JUP/USDT:USDT,2026-06-26 16:15:00+00:00,long,0.41,jev-1.13.0,False,16.84411677287638,1,all_24h,0.0
early,RIVER/USDT:USDT|2026-06-26T18:30:00+00:00|short,RIVER/USDT:USDT,2026-06-26 18:30:00+00:00,short,0.13,jev-1.13.0,False,-73.44466017548264,0,initial_stop,0.0
early,SPK/USDT:USDT|2026-06-26T20:15:00+00:00|short,SPK/USDT:USDT,2026-06-26 20:15:00+00:00,short,0.19,jev-1.13.0,False,72.02399078670518,1,all_24h,0.0
early,LAYER/USDT:USDT|2026-06-26T21:45:00+00:00|short,LAYER/USDT:USDT,2026-06-26 21:45:00+00:00,short,0.14,jev-1.13.0,False,-76.662734661012,0,initial_stop,0.0
early,VIRTUAL/USDT:USDT|2026-06-26T23:45:00+00:00|short,VIRTUAL/USDT:USDT,2026-06-26 23:45:00+00:00,short,0.12,jev-1.13.0,False,99.8297854178849,1,fixed_3r,0.0
early,ONT/USDT:USDT|2026-06-27T00:45:00+00:00|short,ONT/USDT:USDT,2026-06-27 00:45:00+00:00,short,0.12,jev-1.13.0,False,-75.04043989672267,0,initial_stop,0.0
early,AXS/USDT:USDT|2026-06-27T03:15:00+00:00|short,AXS/USDT:USDT,2026-06-27 03:15:00+00:00,short,0.2,jev-1.13.0,False,111.80895908698137,1,all_24h,0.0
early,STRK/USDT:USDT|2026-06-27T04:45:00+00:00|short,STRK/USDT:USDT,2026-06-27 04:45:00+00:00,short,0.13,jev-1.13.0,False,65.59163614964677,1,fixed_3r,0.0
early,PI/USDT:USDT|2026-06-27T08:15:00+00:00|short,PI/USDT:USDT,2026-06-27 08:15:00+00:00,short,0.12,jev-1.13.0,False,-75.06739294143028,0,initial_stop,0.0
early,LDO/USDT:USDT|2026-06-27T09:15:00+00:00|short,LDO/USDT:USDT,2026-06-27 09:15:00+00:00,short,0.31,jev-1.13.0,False,-75.06819290257395,0,initial_stop,0.0
early,JUP/USDT:USDT|2026-06-27T10:00:00+00:00|long,JUP/USDT:USDT,2026-06-27 10:00:00+00:00,long,0.16,jev-1.13.0,False,-74.93254388766272,0,initial_stop,0.0
early,JTO/USDT:USDT|2026-06-27T11:30:00+00:00|long,JTO/USDT:USDT,2026-06-27 11:30:00+00:00,long,0.36,jev-1.13.0,False,-74.92810116189305,0,initial_stop,0.0
early,ICP/USDT:USDT|2026-06-27T12:15:00+00:00|short,ICP/USDT:USDT,2026-06-27 12:15:00+00:00,short,0.14,jev-1.13.0,False,-75.06317599649245,0,initial_stop,0.0
early,NMR/USDT:USDT|2026-06-27T13:30:00+00:00|long,NMR/USDT:USDT,2026-06-27 13:30:00+00:00,long,0.32,jev-1.13.0,False,-74.75292928974066,0,initial_stop,0.0
early,WCT/USDT:USDT|2026-06-27T15:15:00+00:00|short,WCT/USDT:USDT,2026-06-27 15:15:00+00:00,short,0.13,jev-1.13.0,False,-75.0464444378948,0,initial_stop,0.0
early,NMR/USDT:USDT|2026-06-27T17:15:00+00:00|long,NMR/USDT:USDT,2026-06-27 17:15:00+00:00,long,0.35,jev-1.13.0,False,-74.93660557273836,0,initial_stop,0.0
early,SAHARA/USDT:USDT|2026-06-27T19:30:00+00:00|short,SAHARA/USDT:USDT,2026-06-27 19:30:00+00:00,short,0.29,jev-1.13.0,False,-75.543363819521,0,initial_stop,0.0
early,ASTER/USDT:USDT|2026-06-27T20:15:00+00:00|short,ASTER/USDT:USDT,2026-06-27 20:15:00+00:00,short,0.16,jev-1.13.0,False,16.96191305482472,1,all_24h,0.0
early,ICP/USDT:USDT|2026-06-27T20:15:00+00:00|short,ICP/USDT:USDT,2026-06-27 20:15:00+00:00,short,0.3,jev-1.13.0,False,16.597300683285788,1,all_24h,0.0
early,PIPPIN/USDT:USDT|2026-06-27T20:15:00+00:00|short,PIPPIN/USDT:USDT,2026-06-27 20:15:00+00:00,short,0.15,jev-1.13.0,False,-74.33757921472962,0,initial_stop,0.0
early,LAYER/USDT:USDT|2026-06-27T20:45:00+00:00|short,LAYER/USDT:USDT,2026-06-27 20:45:00+00:00,short,0.18,jev-1.13.0,False,-75.0682941282198,0,initial_stop,0.0
early,VIRTUAL/USDT:USDT|2026-06-27T21:30:00+00:00|short,VIRTUAL/USDT:USDT,2026-06-27 21:30:00+00:00,short,0.14,jev-1.13.0,False,146.6800391182254,1,fixed_3r,0.0
early,WLFI/USDT:USDT|2026-06-28T00:15:00+00:00|short,WLFI/USDT:USDT,2026-06-28 00:15:00+00:00,short,0.28,jev-1.13.0,False,-75.06822456639635,0,initial_stop,0.0
early,LAYER/USDT:USDT|2026-06-28T04:15:00+00:00|short,LAYER/USDT:USDT,2026-06-28 04:15:00+00:00,short,0.13,jev-1.13.0,False,148.47234028455102,1,fixed_3r,0.0
early,LPT/USDT:USDT|2026-06-28T07:15:00+00:00|short,LPT/USDT:USDT,2026-06-28 07:15:00+00:00,short,0.15,jev-1.13.0,False,-75.05808003793871,0,initial_stop,0.0
early,RIVER/USDT:USDT|2026-06-28T09:15:00+00:00|short,RIVER/USDT:USDT,2026-06-28 09:15:00+00:00,short,0.13,jev-1.13.0,False,179.39532103055694,1,fixed_3r,0.0
early,LINK/USDT:USDT|2026-06-28T10:30:00+00:00|short,LINK/USDT:USDT,2026-06-28 10:30:00+00:00,short,0.24,jev-1.13.0,False,-74.5426758117247,0,initial_stop,0.0
early,MON/USDT:USDT|2026-06-28T11:30:00+00:00|short,MON/USDT:USDT,2026-06-28 11:30:00+00:00,short,0.15,jev-1.13.0,False,70.95570710111424,1,fixed_3r,0.0
early,BONK/USDT:USDT|2026-06-28T14:15:00+00:00|short,BONK/USDT:USDT,2026-06-28 14:15:00+00:00,short,0.13,jev-1.13.0,False,156.20375143996733,1,fixed_3r,0.0
early,LAYER/USDT:USDT|2026-06-28T16:00:00+00:00|short,LAYER/USDT:USDT,2026-06-28 16:00:00+00:00,short,0.31,jev-1.13.0,False,-77.06249683098588,0,initial_stop,0.0
early,SUI/USDT:USDT|2026-06-28T16:30:00+00:00|short,SUI/USDT:USDT,2026-06-28 16:30:00+00:00,short,0.29,jev-1.13.0,False,-75.12699796584413,0,initial_stop,0.0
early,BERA/USDT:USDT|2026-06-28T20:15:00+00:00|short,BERA/USDT:USDT,2026-06-28 20:15:00+00:00,short,0.12,jev-1.13.0,False,-74.69372964514639,0,initial_stop,0.0
early,WCT/USDT:USDT|2026-06-28T20:15:00+00:00|short,WCT/USDT:USDT,2026-06-28 20:15:00+00:00,short,0.12,jev-1.13.0,False,-74.66898090018759,0,initial_stop,0.0
early,DOT/USDT:USDT|2026-06-28T22:15:00+00:00|short,DOT/USDT:USDT,2026-06-28 22:15:00+00:00,short,0.33,jev-1.13.0,False,-74.93451270947585,0,initial_stop,0.0
early,PIPPIN/USDT:USDT|2026-06-28T23:00:00+00:00|short,PIPPIN/USDT:USDT,2026-06-28 23:00:00+00:00,short,0.13,jev-1.13.0,False,-75.06807866067236,0,initial_stop,0.0
early,CFX/USDT:USDT|2026-06-29T00:15:00+00:00|short,CFX/USDT:USDT,2026-06-29 00:15:00+00:00,short,0.15,jev-1.13.0,False,146.3013246589872,1,fixed_3r,0.0
early,MON/USDT:USDT|2026-06-29T00:45:00+00:00|short,MON/USDT:USDT,2026-06-29 00:45:00+00:00,short,0.29,jev-1.13.0,False,-75.06832000206786,0,initial_stop,0.0
early,DASH/USDT:USDT|2026-06-29T02:15:00+00:00|short,DASH/USDT:USDT,2026-06-29 02:15:00+00:00,short,0.15,jev-1.13.0,False,-75.06983720360272,0,initial_stop,0.0
early,PENGU/USDT:USDT|2026-06-29T02:45:00+00:00|short,PENGU/USDT:USDT,2026-06-29 02:45:00+00:00,short,0.26,jev-1.13.0,False,-75.0670315978694,0,initial_stop,0.0
early,BEAT/USDT:USDT|2026-06-29T06:00:00+00:00|long,BEAT/USDT:USDT,2026-06-29 06:00:00+00:00,long,0.26,jev-1.13.0,False,-74.93004992143304,0,initial_stop,0.0
early,LPT/USDT:USDT|2026-06-29T08:15:00+00:00|short,LPT/USDT:USDT,2026-06-29 08:15:00+00:00,short,0.11,jev-1.13.0,False,-78.6123198503459,0,initial_stop,0.0
early,TRUMP/USDT:USDT|2026-06-29T08:45:00+00:00|short,TRUMP/USDT:USDT,2026-06-29 08:45:00+00:00,short,0.18,jev-1.13.0,False,-75.0604782684309,0,initial_stop,0.0
early,LTC/USDT:USDT|2026-06-29T12:15:00+00:00|short,LTC/USDT:USDT,2026-06-29 12:15:00+00:00,short,0.13,jev-1.13.0,False,-75.03918034860027,0,initial_stop,0.0
early,TRIA/USDT:USDT|2026-06-29T13:45:00+00:00|short,TRIA/USDT:USDT,2026-06-29 13:45:00+00:00,short,0.1,jev-1.13.0,False,113.59169963112316,1,all_24h,0.0
early,WLFI/USDT:USDT|2026-06-29T16:15:00+00:00|short,WLFI/USDT:USDT,2026-06-29 16:15:00+00:00,short,0.27,jev-1.13.0,False,-75.06482773402385,0,initial_stop,0.0
early,HBAR/USDT:USDT|2026-06-29T23:30:00+00:00|short,HBAR/USDT:USDT,2026-06-29 23:30:00+00:00,short,0.11,jev-1.13.0,False,161.04641064002922,1,fixed_3r,0.0
early,LAYER/USDT:USDT|2026-06-30T00:15:00+00:00|short,LAYER/USDT:USDT,2026-06-30 00:15:00+00:00,short,0.12,jev-1.13.0,False,101.43131095027556,1,fixed_3r,0.0
early,MASK/USDT:USDT|2026-06-30T00:30:00+00:00|short,MASK/USDT:USDT,2026-06-30 00:30:00+00:00,short,0.13,jev-1.13.0,False,162.80067325144665,1,fixed_3r,0.0
early,ADA/USDT:USDT|2026-06-30T01:15:00+00:00|short,ADA/USDT:USDT,2026-06-30 01:15:00+00:00,short,0.15,jev-1.13.0,False,-75.6049251841919,0,initial_stop,0.0
early,ASTER/USDT:USDT|2026-06-30T04:15:00+00:00|short,ASTER/USDT:USDT,2026-06-30 04:15:00+00:00,short,0.24,jev-1.13.0,False,-74.29050906902195,0,initial_stop,0.0
early,ICP/USDT:USDT|2026-06-30T04:15:00+00:00|short,ICP/USDT:USDT,2026-06-30 04:15:00+00:00,short,0.09,jev-1.13.0,False,188.32634013733238,1,fixed_3r,0.0
early,PENGU/USDT:USDT|2026-06-30T05:45:00+00:00|short,PENGU/USDT:USDT,2026-06-30 05:45:00+00:00,short,0.11,jev-1.13.0,False,176.84921075269781,1,fixed_3r,0.0
early,SPK/USDT:USDT|2026-06-30T08:15:00+00:00|short,SPK/USDT:USDT,2026-06-30 08:15:00+00:00,short,0.12,jev-1.13.0,False,-74.77488200067127,0,initial_stop,0.0
early,MERL/USDT:USDT|2026-06-30T09:15:00+00:00|short,MERL/USDT:USDT,2026-06-30 09:15:00+00:00,short,0.3,jev-1.13.0,False,28.699162917226943,1,all_24h,0.0
early,DOGE/USDT:USDT|2026-06-30T12:00:00+00:00|short,DOGE/USDT:USDT,2026-06-30 12:00:00+00:00,short,0.27,jev-1.13.0,False,13.102317300958777,1,all_24h,0.0
early,SUI/USDT:USDT|2026-06-30T12:15:00+00:00|short,SUI/USDT:USDT,2026-06-30 12:15:00+00:00,short,0.1,jev-1.13.0,False,-75.32775535306334,0,initial_stop,0.0
early,ADA/USDT:USDT|2026-06-30T14:15:00+00:00|short,ADA/USDT:USDT,2026-06-30 14:15:00+00:00,short,0.14,jev-1.13.0,False,121.76074280887363,1,fixed_3r,0.0
early,KAITO/USDT:USDT|2026-06-30T15:30:00+00:00|long,KAITO/USDT:USDT,2026-06-30 15:30:00+00:00,long,0.13,jev-1.13.0,False,-75.27260564913654,0,initial_stop,0.0
early,PEPE/USDT:USDT|2026-06-30T16:45:00+00:00|short,PEPE/USDT:USDT,2026-06-30 16:45:00+00:00,short,0.3,jev-1.13.0,False,-75.05998423699236,0,initial_stop,0.0
early,ONDO/USDT:USDT|2026-06-30T19:00:00+00:00|short,ONDO/USDT:USDT,2026-06-30 19:00:00+00:00,short,0.17,jev-1.13.0,False,173.31857532443254,1,fixed_3r,0.0
early,XAU/USDT:USDT|2026-06-30T20:30:00+00:00|short,XAU/USDT:USDT,2026-06-30 20:30:00+00:00,short,0.08,jev-1.13.0,False,144.22419006661735,1,fixed_3r,0.0
early,FIL/USDT:USDT|2026-07-01T00:30:00+00:00|short,FIL/USDT:USDT,2026-07-01 00:30:00+00:00,short,0.33,jev-1.13.0,False,-75.06697064411486,0,initial_stop,0.0
early,BARD/USDT:USDT|2026-07-01T01:15:00+00:00|short,BARD/USDT:USDT,2026-07-01 01:15:00+00:00,short,0.35,jev-1.13.0,False,-74.70276136655659,0,initial_stop,0.0
early,SNX/USDT:USDT|2026-07-01T01:15:00+00:00|short,SNX/USDT:USDT,2026-07-01 01:15:00+00:00,short,0.08,jev-1.13.0,False,-75.0062805111651,0,initial_stop,0.0
early,BEAT/USDT:USDT|2026-07-01T02:15:00+00:00|long,BEAT/USDT:USDT,2026-07-01 02:15:00+00:00,long,0.29,jev-1.13.0,False,215.72926049240095,1,fixed_3r,0.0
early,LINK/USDT:USDT|2026-07-01T03:30:00+00:00|short,LINK/USDT:USDT,2026-07-01 03:30:00+00:00,short,0.15,jev-1.13.0,False,-75.05671525929235,0,initial_stop,0.0
early,HBAR/USDT:USDT|2026-07-01T04:00:00+00:00|short,HBAR/USDT:USDT,2026-07-01 04:00:00+00:00,short,0.17,jev-1.13.0,False,-75.05126730672127,0,initial_stop,0.0
early,PARTI/USDT:USDT|2026-07-01T06:00:00+00:00|short,PARTI/USDT:USDT,2026-07-01 06:00:00+00:00,short,0.1,jev-1.13.0,False,114.70650043023063,1,all_24h,0.0
early,API3/USDT:USDT|2026-07-01T06:30:00+00:00|short,API3/USDT:USDT,2026-07-01 06:30:00+00:00,short,0.23,jev-1.13.0,False,-74.91262222476257,0,initial_stop,0.0
early,FIL/USDT:USDT|2026-07-01T08:15:00+00:00|short,FIL/USDT:USDT,2026-07-01 08:15:00+00:00,short,0.13,jev-1.13.0,False,-75.06717768405186,0,initial_stop,0.0
early,TRB/USDT:USDT|2026-07-01T08:15:00+00:00|short,TRB/USDT:USDT,2026-07-01 08:15:00+00:00,short,0.26,jev-1.13.0,False,-75.06567030866807,0,initial_stop,0.0
early,MON/USDT:USDT|2026-07-01T09:00:00+00:00|short,MON/USDT:USDT,2026-07-01 09:00:00+00:00,short,0.17,jev-1.13.0,False,-75.04558989633621,0,initial_stop,0.0
early,KAITO/USDT:USDT|2026-07-01T11:30:00+00:00|long,KAITO/USDT:USDT,2026-07-01 11:30:00+00:00,long,0.1,jev-1.13.0,False,-74.95189045639425,0,initial_stop,0.0
early,PI/USDT:USDT|2026-07-01T12:45:00+00:00|short,PI/USDT:USDT,2026-07-01 12:45:00+00:00,short,0.27,jev-1.13.0,False,-75.06630204272844,0,initial_stop,0.0
early,MASK/USDT:USDT|2026-07-01T13:45:00+00:00|short,MASK/USDT:USDT,2026-07-01 13:45:00+00:00,short,0.26,jev-1.13.0,False,-75.06748539867834,0,initial_stop,0.0
early,PIEVERSE/USDT:USDT|2026-07-01T16:15:00+00:00|long,PIEVERSE/USDT:USDT,2026-07-01 16:15:00+00:00,long,0.18,jev-1.13.0,False,-74.92906502950271,0,initial_stop,0.0
early,JELLYJELLY/USDT:USDT|2026-07-01T20:15:00+00:00|long,JELLYJELLY/USDT:USDT,2026-07-01 20:15:00+00:00,long,0.14,jev-1.13.0,False,191.47448645796902,1,fixed_3r,0.0
early,BERA/USDT:USDT|2026-07-01T20:45:00+00:00|short,BERA/USDT:USDT,2026-07-01 20:45:00+00:00,short,0.13,jev-1.13.0,False,-75.0697371810209,0,initial_stop,0.0
early,JELLYJELLY/USDT:USDT|2026-07-01T22:30:00+00:00|long,JELLYJELLY/USDT:USDT,2026-07-01 22:30:00+00:00,long,0.39,jev-1.13.0,False,-76.49913697747009,0,initial_stop,0.0
early,SAHARA/USDT:USDT|2026-07-02T00:15:00+00:00|short,SAHARA/USDT:USDT,2026-07-02 00:15:00+00:00,short,0.12,jev-1.13.0,False,-75.06695245274526,0,initial_stop,0.0
early,RIVER/USDT:USDT|2026-07-02T01:45:00+00:00|short,RIVER/USDT:USDT,2026-07-02 01:45:00+00:00,short,0.1,jev-1.13.0,False,-75.06080665174755,0,initial_stop,0.0
early,USELESS/USDT:USDT|2026-07-02T05:45:00+00:00|long,USELESS/USDT:USDT,2026-07-02 05:45:00+00:00,long,0.38,jev-1.13.0,False,117.02161458561942,1,all_24h,0.0
early,RIVER/USDT:USDT|2026-07-02T08:15:00+00:00|short,RIVER/USDT:USDT,2026-07-02 08:15:00+00:00,short,0.09,jev-1.13.0,False,-75.0626836954003,0,initial_stop,0.0
early,WLFI/USDT:USDT|2026-07-02T08:45:00+00:00|short,WLFI/USDT:USDT,2026-07-02 08:45:00+00:00,short,0.3,jev-1.13.0,False,-75.06233901745159,0,initial_stop,0.0
early,ANIME/USDT:USDT|2026-07-02T16:15:00+00:00|short,ANIME/USDT:USDT,2026-07-02 16:15:00+00:00,short,0.09,jev-1.13.0,False,-74.27862054225875,0,initial_stop,0.0
early,MAGIC/USDT:USDT|2026-07-02T20:15:00+00:00|short,MAGIC/USDT:USDT,2026-07-02 20:15:00+00:00,short,0.12,jev-1.13.0,False,-75.06435697942226,0,initial_stop,0.0
early,JELLYJELLY/USDT:USDT|2026-07-03T00:45:00+00:00|long,JELLYJELLY/USDT:USDT,2026-07-03 00:45:00+00:00,long,0.3,jev-1.13.0,False,153.3899417525127,1,fixed_3r,0.0
early,JELLYJELLY/USDT:USDT|2026-07-03T13:45:00+00:00|long,JELLYJELLY/USDT:USDT,2026-07-03 13:45:00+00:00,long,0.43,jev-1.13.0,False,-78.35120727245499,0,initial_stop,0.0
early,RAVE/USDT:USDT|2026-07-03T17:30:00+00:00|short,RAVE/USDT:USDT,2026-07-03 17:30:00+00:00,short,0.25,jev-1.13.0,False,-74.87685785716661,0,initial_stop,0.0
early,JTO/USDT:USDT|2026-07-03T23:15:00+00:00|long,JTO/USDT:USDT,2026-07-03 23:15:00+00:00,long,0.07,jev-1.13.0,False,-74.93687709988673,0,initial_stop,0.0
early,PI/USDT:USDT|2026-07-04T08:15:00+00:00|short,PI/USDT:USDT,2026-07-04 08:15:00+00:00,short,0.11,jev-1.13.0,False,69.92109921017821,1,all_24h,0.0
early,SOON/USDT:USDT|2026-07-04T12:30:00+00:00|long,SOON/USDT:USDT,2026-07-04 12:30:00+00:00,long,0.12,jev-1.13.0,False,-74.94859943036198,0,initial_stop,0.0
early,LIT/USDT:USDT|2026-07-04T18:15:00+00:00|long,LIT/USDT:USDT,2026-07-04 18:15:00+00:00,long,0.27,jev-1.13.0,False,-74.92985398239,0,initial_stop,0.0
early,XPL/USDT:USDT|2026-07-04T21:15:00+00:00|long,XPL/USDT:USDT,2026-07-04 21:15:00+00:00,long,0.1,jev-1.13.0,False,-74.92889234895003,0,initial_stop,0.0
early,BARD/USDT:USDT|2026-07-05T01:00:00+00:00|short,BARD/USDT:USDT,2026-07-05 01:00:00+00:00,short,0.28,jev-1.13.0,False,176.95221655390867,1,fixed_3r,0.0
early,PIEVERSE/USDT:USDT|2026-07-05T07:15:00+00:00|short,PIEVERSE/USDT:USDT,2026-07-05 07:15:00+00:00,short,0.24,jev-1.13.0,False,-73.50306670978702,0,initial_stop,0.0
early,KAITO/USDT:USDT|2026-07-05T16:15:00+00:00|long,KAITO/USDT:USDT,2026-07-05 16:15:00+00:00,long,0.19,jev-1.13.0,False,196.05168474758543,1,fixed_3r,0.0
early,HYPE/USDT:USDT|2026-07-05T18:30:00+00:00|long,HYPE/USDT:USDT,2026-07-05 18:30:00+00:00,long,0.16,jev-1.13.0,False,162.98313307565454,1,fixed_3r,0.0
early,ACT/USDT:USDT|2026-07-05T22:45:00+00:00|short,ACT/USDT:USDT,2026-07-05 22:45:00+00:00,short,0.31,jev-1.13.0,False,-74.86454273895632,0,initial_stop,0.0
early,RVN/USDT:USDT|2026-07-06T00:30:00+00:00|short,RVN/USDT:USDT,2026-07-06 00:30:00+00:00,short,0.11,jev-1.13.0,False,-73.76848379593055,0,initial_stop,0.0
early,BASED/USDT:USDT|2026-07-06T04:15:00+00:00|long,BASED/USDT:USDT,2026-07-06 04:15:00+00:00,long,0.33,jev-1.13.0,False,-75.0840201257982,0,initial_stop,0.0
early,ACT/USDT:USDT|2026-07-06T07:30:00+00:00|short,ACT/USDT:USDT,2026-07-06 07:30:00+00:00,short,0.32,jev-1.13.0,False,-74.37564805241477,0,initial_stop,0.0
early,KAITO/USDT:USDT|2026-07-06T12:30:00+00:00|long,KAITO/USDT:USDT,2026-07-06 12:30:00+00:00,long,0.07,jev-1.13.0,False,-74.93381666652132,0,initial_stop,0.0
early,ALLO/USDT:USDT|2026-07-06T16:15:00+00:00|long,ALLO/USDT:USDT,2026-07-06 16:15:00+00:00,long,0.37,jev-1.13.0,False,109.3115658290539,1,all_24h,0.0
early,NMR/USDT:USDT|2026-07-06T17:15:00+00:00|long,NMR/USDT:USDT,2026-07-06 17:15:00+00:00,long,0.22,jev-1.13.0,False,205.9408539469008,1,fixed_3r,0.0
early,AIXBT/USDT:USDT|2026-07-06T20:15:00+00:00|short,AIXBT/USDT:USDT,2026-07-06 20:15:00+00:00,short,0.15,jev-1.13.0,False,-75.06707289256487,0,initial_stop,0.0
early,LIT/USDT:USDT|2026-07-06T21:30:00+00:00|long,LIT/USDT:USDT,2026-07-06 21:30:00+00:00,long,0.24,jev-1.13.0,False,-75.29347635474586,0,initial_stop,0.0
early,KAITO/USDT:USDT|2026-07-07T00:30:00+00:00|long,KAITO/USDT:USDT,2026-07-07 00:30:00+00:00,long,0.36,jev-1.13.0,False,-74.92873504453053,0,initial_stop,0.0
early,RVN/USDT:USDT|2026-07-07T04:15:00+00:00|short,RVN/USDT:USDT,2026-07-07 04:15:00+00:00,short,0.11,jev-1.13.0,False,118.06266917670477,1,all_24h,0.0
early,JUP/USDT:USDT|2026-07-07T08:30:00+00:00|long,JUP/USDT:USDT,2026-07-07 08:30:00+00:00,long,0.16,jev-1.13.0,False,-75.02085504661953,0,initial_stop,0.0
early,SAHARA/USDT:USDT|2026-07-07T12:45:00+00:00|short,SAHARA/USDT:USDT,2026-07-07 12:45:00+00:00,short,0.31,jev-1.13.0,False,168.28034077820988,1,fixed_3r,0.0
early,PIEVERSE/USDT:USDT|2026-07-07T15:30:00+00:00|short,PIEVERSE/USDT:USDT,2026-07-07 15:30:00+00:00,short,0.27,jev-1.13.0,False,-75.06323467309304,0,initial_stop,0.0
early,USELESS/USDT:USDT|2026-07-07T16:30:00+00:00|long,USELESS/USDT:USDT,2026-07-07 16:30:00+00:00,long,0.26,jev-1.13.0,False,-75.03273059027788,0,initial_stop,0.0
early,KAITO/USDT:USDT|2026-07-07T20:15:00+00:00|long,KAITO/USDT:USDT,2026-07-07 20:15:00+00:00,long,0.13,jev-1.13.0,False,205.06462728417856,1,fixed_3r,0.0
early,ALLO/USDT:USDT|2026-07-08T02:45:00+00:00|long,ALLO/USDT:USDT,2026-07-08 02:45:00+00:00,long,0.14,jev-1.13.0,False,-74.93196483954506,0,initial_stop,0.0
early,SAHARA/USDT:USDT|2026-07-08T08:30:00+00:00|short,SAHARA/USDT:USDT,2026-07-08 08:30:00+00:00,short,0.27,jev-1.13.0,False,-75.566351326211,0,initial_stop,0.0
early,KAITO/USDT:USDT|2026-07-08T13:00:00+00:00|long,KAITO/USDT:USDT,2026-07-08 13:00:00+00:00,long,0.4,jev-1.13.0,False,-6.311165051398385,0,all_24h,0.0
early,INJ/USDT:USDT|2026-07-08T17:15:00+00:00|short,INJ/USDT:USDT,2026-07-08 17:15:00+00:00,short,0.15,jev-1.13.0,False,-75.0670127453575,0,initial_stop,0.0
early,SATS/USDT:USDT|2026-07-08T20:30:00+00:00|short,SATS/USDT:USDT,2026-07-08 20:30:00+00:00,short,0.35,jev-1.13.0,False,-74.488695008201,0,initial_stop,0.0
early,MERL/USDT:USDT|2026-07-09T00:15:00+00:00|short,MERL/USDT:USDT,2026-07-09 00:15:00+00:00,short,0.32,jev-1.13.0,False,-75.06329260779691,0,initial_stop,0.0
early,API3/USDT:USDT|2026-07-09T01:30:00+00:00|short,API3/USDT:USDT,2026-07-09 01:30:00+00:00,short,0.15,jev-1.13.0,False,-75.04140882263185,0,initial_stop,0.0
early,KAITO/USDT:USDT|2026-07-09T02:15:00+00:00|long,KAITO/USDT:USDT,2026-07-09 02:15:00+00:00,long,0.34,jev-1.13.0,False,20.710407737981473,1,all_24h,0.0
early,LAYER/USDT:USDT|2026-07-09T04:15:00+00:00|short,LAYER/USDT:USDT,2026-07-09 04:15:00+00:00,short,0.11,jev-1.13.0,False,-75.06083767615401,0,initial_stop,0.0
early,XAU/USDT:USDT|2026-07-09T06:00:00+00:00|short,XAU/USDT:USDT,2026-07-09 06:00:00+00:00,short,0.17,jev-1.13.0,False,-75.04099390077651,0,initial_stop,0.0
early,PIPPIN/USDT:USDT|2026-07-09T07:15:00+00:00|short,PIPPIN/USDT:USDT,2026-07-09 07:15:00+00:00,short,0.13,jev-1.13.0,False,172.85306832830912,1,fixed_3r,0.0
early,BONK/USDT:USDT|2026-07-09T09:00:00+00:00|short,BONK/USDT:USDT,2026-07-09 09:00:00+00:00,short,0.12,jev-1.13.0,False,-92.2849752389792,0,initial_stop,0.0
early,DOT/USDT:USDT|2026-07-09T10:00:00+00:00|short,DOT/USDT:USDT,2026-07-09 10:00:00+00:00,short,0.14,jev-1.13.0,False,-75.06025804967176,0,initial_stop,0.0
early,ONDO/USDT:USDT|2026-07-09T11:45:00+00:00|short,ONDO/USDT:USDT,2026-07-09 11:45:00+00:00,short,0.14,jev-1.13.0,False,-74.48737094243394,0,initial_stop,0.0
early,BERA/USDT:USDT|2026-07-09T12:30:00+00:00|short,BERA/USDT:USDT,2026-07-09 12:30:00+00:00,short,0.11,jev-1.13.0,False,-63.34465240813701,0,initial_stop,0.0
early,WIF/USDT:USDT|2026-07-09T13:45:00+00:00|short,WIF/USDT:USDT,2026-07-09 13:45:00+00:00,short,0.13,jev-1.13.0,False,-72.535510561737,0,initial_stop,0.0
early,STRK/USDT:USDT|2026-07-09T15:30:00+00:00|short,STRK/USDT:USDT,2026-07-09 15:30:00+00:00,short,0.13,jev-1.13.0,False,-74.63985145344466,0,initial_stop,0.0
early,SPK/USDT:USDT|2026-07-09T17:45:00+00:00|short,SPK/USDT:USDT,2026-07-09 17:45:00+00:00,short,0.14,jev-1.13.0,False,98.83892904510459,1,fixed_3r,0.0
early,AXS/USDT:USDT|2026-07-09T19:30:00+00:00|short,AXS/USDT:USDT,2026-07-09 19:30:00+00:00,short,0.18,jev-1.13.0,False,-75.73386214171236,0,initial_stop,0.0
early,BIO/USDT:USDT|2026-07-09T23:00:00+00:00|short,BIO/USDT:USDT,2026-07-09 23:00:00+00:00,short,0.09,jev-1.13.0,False,-75.20352617309915,0,initial_stop,0.0
early,NMR/USDT:USDT|2026-07-09T23:45:00+00:00|long,NMR/USDT:USDT,2026-07-09 23:45:00+00:00,long,0.32,jev-1.13.0,False,-75.63710112867382,0,initial_stop,0.0
late,ADA/USDT:USDT|2026-07-11T00:15:00+00:00|short,ADA/USDT:USDT,2026-07-11 00:15:00+00:00,short,0.21,jev-1.13.0,False,-75.06361797984789,0,initial_stop,0.0
late,SPK/USDT:USDT|2026-07-11T02:15:00+00:00|short,SPK/USDT:USDT,2026-07-11 02:15:00+00:00,short,0.12,jev-1.13.0,False,-74.32303646776508,0,initial_stop,0.0
late,STRK/USDT:USDT|2026-07-11T04:15:00+00:00|short,STRK/USDT:USDT,2026-07-11 04:15:00+00:00,short,0.1,jev-1.13.0,False,-75.0466995525608,0,initial_stop,0.0
late,UNI/USDT:USDT|2026-07-11T08:30:00+00:00|long,UNI/USDT:USDT,2026-07-11 08:30:00+00:00,long,0.18,jev-1.13.0,False,182.26071805498066,1,fixed_3r,0.0
late,UB/USDT:USDT|2026-07-11T13:00:00+00:00|short,UB/USDT:USDT,2026-07-11 13:00:00+00:00,short,0.13,jev-1.13.0,False,187.38993554064393,1,fixed_3r,0.0
late,USELESS/USDT:USDT|2026-07-11T15:45:00+00:00|long,USELESS/USDT:USDT,2026-07-11 15:45:00+00:00,long,0.22,jev-1.13.0,False,-75.30522434094806,0,initial_stop,0.0
late,HBAR/USDT:USDT|2026-07-11T16:45:00+00:00|short,HBAR/USDT:USDT,2026-07-11 16:45:00+00:00,short,0.14,jev-1.13.0,False,-75.06721171133715,0,initial_stop,0.0
late,AVAX/USDT:USDT|2026-07-12T00:15:00+00:00|short,AVAX/USDT:USDT,2026-07-12 00:15:00+00:00,short,0.32,jev-1.13.0,False,-22.311314590477714,0,all_24h,0.0
late,SATS/USDT:USDT|2026-07-12T00:15:00+00:00|short,SATS/USDT:USDT,2026-07-12 00:15:00+00:00,short,0.1,jev-1.13.0,False,-75.07072730791096,0,initial_stop,0.0
late,PI/USDT:USDT|2026-07-12T05:30:00+00:00|short,PI/USDT:USDT,2026-07-12 05:30:00+00:00,short,0.3,jev-1.13.0,False,178.75872766755873,1,fixed_3r,0.0
late,UB/USDT:USDT|2026-07-12T08:30:00+00:00|short,UB/USDT:USDT,2026-07-12 08:30:00+00:00,short,0.13,jev-1.13.0,False,-75.06300219885443,0,initial_stop,0.0
late,UB/USDT:USDT|2026-07-12T12:45:00+00:00|short,UB/USDT:USDT,2026-07-12 12:45:00+00:00,short,0.13,jev-1.13.0,False,-75.06658837800454,0,initial_stop,0.0
late,BIO/USDT:USDT|2026-07-12T16:15:00+00:00|short,BIO/USDT:USDT,2026-07-12 16:15:00+00:00,short,0.14,jev-1.13.0,False,186.69430330894238,1,fixed_3r,0.0
late,SAHARA/USDT:USDT|2026-07-12T20:15:00+00:00|short,SAHARA/USDT:USDT,2026-07-12 20:15:00+00:00,short,0.13,jev-1.13.0,False,147.96780896284335,1,fixed_3r,0.0
late,WIF/USDT:USDT|2026-07-12T21:15:00+00:00|short,WIF/USDT:USDT,2026-07-12 21:15:00+00:00,short,0.1,jev-1.13.0,False,158.23364582234487,1,fixed_3r,0.0
late,SNDK/USDT:USDT|2026-07-12T22:15:00+00:00|long,SNDK/USDT:USDT,2026-07-12 22:15:00+00:00,long,0.24,jev-1.13.0,False,-74.9579768173428,0,initial_stop,0.0
late,UB/USDT:USDT|2026-07-13T00:15:00+00:00|short,UB/USDT:USDT,2026-07-13 00:15:00+00:00,short,0.12,jev-1.13.0,False,154.90439809858572,1,fixed_3r,0.0
late,LAYER/USDT:USDT|2026-07-13T00:45:00+00:00|short,LAYER/USDT:USDT,2026-07-13 00:45:00+00:00,short,0.15,jev-1.13.0,False,95.987183128448,1,all_24h,0.0
late,BIO/USDT:USDT|2026-07-13T02:00:00+00:00|short,BIO/USDT:USDT,2026-07-13 02:00:00+00:00,short,0.23,jev-1.13.0,False,-75.27728375559397,0,initial_stop,0.0
late,TURBO/USDT:USDT|2026-07-13T05:15:00+00:00|short,TURBO/USDT:USDT,2026-07-13 05:15:00+00:00,short,0.27,jev-1.13.0,False,-75.06629219885153,0,initial_stop,0.0
late,STABLE/USDT:USDT|2026-07-13T08:00:00+00:00|long,STABLE/USDT:USDT,2026-07-13 08:00:00+00:00,long,0.26,jev-1.13.0,False,23.50183464344627,1,all_24h,0.0
late,PIPPIN/USDT:USDT|2026-07-13T10:30:00+00:00|short,PIPPIN/USDT:USDT,2026-07-13 10:30:00+00:00,short,0.26,jev-1.13.0,False,41.66074679119144,1,all_24h,0.0
late,BASED/USDT:USDT|2026-07-13T12:15:00+00:00|long,BASED/USDT:USDT,2026-07-13 12:15:00+00:00,long,0.32,jev-1.13.0,False,-75.07589631534329,0,initial_stop,0.0
late,MERL/USDT:USDT|2026-07-13T13:45:00+00:00|short,MERL/USDT:USDT,2026-07-13 13:45:00+00:00,short,0.31,jev-1.13.0,False,198.50021202610304,1,fixed_3r,0.0
late,RVN/USDT:USDT|2026-07-13T14:30:00+00:00|short,RVN/USDT:USDT,2026-07-13 14:30:00+00:00,short,0.24,jev-1.13.0,False,175.7406889871491,1,fixed_3r,0.0
late,MOVE/USDT:USDT|2026-07-13T17:45:00+00:00|short,MOVE/USDT:USDT,2026-07-13 17:45:00+00:00,short,0.25,jev-1.13.0,False,-75.40196359272268,0,initial_stop,0.0
late,SPK/USDT:USDT|2026-07-13T21:45:00+00:00|short,SPK/USDT:USDT,2026-07-13 21:45:00+00:00,short,0.12,jev-1.13.0,False,-73.631123115224,0,initial_stop,0.0
late,TRUMP/USDT:USDT|2026-07-14T00:45:00+00:00|short,TRUMP/USDT:USDT,2026-07-14 00:45:00+00:00,short,0.15,jev-1.13.0,False,-75.06222540273791,0,initial_stop,0.0
late,PIEVERSE/USDT:USDT|2026-07-14T03:15:00+00:00|short,PIEVERSE/USDT:USDT,2026-07-14 03:15:00+00:00,short,0.2,jev-1.13.0,False,-74.40100571018813,0,initial_stop,0.0
late,AUCTION/USDT:USDT|2026-07-14T04:15:00+00:00|short,AUCTION/USDT:USDT,2026-07-14 04:15:00+00:00,short,0.12,jev-1.13.0,False,-75.0472824858652,0,initial_stop,0.0
late,KAITO/USDT:USDT|2026-07-14T05:15:00+00:00|long,KAITO/USDT:USDT,2026-07-14 05:15:00+00:00,long,0.22,jev-1.13.0,False,-74.92764376815957,0,initial_stop,0.0
late,AVAX/USDT:USDT|2026-07-14T09:30:00+00:00|short,AVAX/USDT:USDT,2026-07-14 09:30:00+00:00,short,0.14,jev-1.13.0,False,100.52113317355195,1,fixed_3r,0.0
late,XAG/USDT:USDT|2026-07-14T10:15:00+00:00|short,XAG/USDT:USDT,2026-07-14 10:15:00+00:00,short,0.12,jev-1.13.0,False,-75.05224612893966,0,initial_stop,0.0
late,ZRO/USDT:USDT|2026-07-14T11:30:00+00:00|short,ZRO/USDT:USDT,2026-07-14 11:30:00+00:00,short,0.32,jev-1.13.0,False,-74.74976852587747,0,initial_stop,0.0
late,DOT/USDT:USDT|2026-07-14T12:30:00+00:00|short,DOT/USDT:USDT,2026-07-14 12:30:00+00:00,short,0.13,jev-1.13.0,False,-75.06373692227199,0,initial_stop,0.0
late,SPCX/USDT:USDT|2026-07-14T16:30:00+00:00|short,SPCX/USDT:USDT,2026-07-14 16:30:00+00:00,short,0.15,jev-1.13.0,False,149.79717910875445,1,fixed_3r,0.0
late,PARTI/USDT:USDT|2026-07-14T20:15:00+00:00|short,PARTI/USDT:USDT,2026-07-14 20:15:00+00:00,short,0.18,jev-1.13.0,False,-75.07028255345475,0,initial_stop,0.0
late,RIVER/USDT:USDT|2026-07-15T00:15:00+00:00|short,RIVER/USDT:USDT,2026-07-15 00:15:00+00:00,short,0.08,jev-1.13.0,False,-75.06894010359123,0,initial_stop,0.0
late,BARD/USDT:USDT|2026-07-15T03:45:00+00:00|short,BARD/USDT:USDT,2026-07-15 03:45:00+00:00,short,0.26,jev-1.13.0,False,-75.04363751373617,0,initial_stop,0.0
late,STABLE/USDT:USDT|2026-07-15T05:00:00+00:00|long,STABLE/USDT:USDT,2026-07-15 05:00:00+00:00,long,0.14,jev-1.13.0,False,-74.74741088126612,0,initial_stop,0.0
late,ICP/USDT:USDT|2026-07-15T07:30:00+00:00|short,ICP/USDT:USDT,2026-07-15 07:30:00+00:00,short,0.25,jev-1.13.0,False,-74.84422894424645,0,initial_stop,0.0
late,RESOLV/USDT:USDT|2026-07-15T08:30:00+00:00|short,RESOLV/USDT:USDT,2026-07-15 08:30:00+00:00,short,0.13,jev-1.13.0,False,-75.06774134321425,0,initial_stop,0.0
late,INJ/USDT:USDT|2026-07-15T12:00:00+00:00|long,INJ/USDT:USDT,2026-07-15 12:00:00+00:00,long,0.46,jev-1.13.0,False,-30.989546124764484,0,all_24h,0.0
late,NMR/USDT:USDT|2026-07-15T13:00:00+00:00|long,NMR/USDT:USDT,2026-07-15 13:00:00+00:00,long,0.3,jev-1.13.0,False,-35.88287129596818,0,all_24h,0.0
late,BARD/USDT:USDT|2026-07-15T16:15:00+00:00|short,BARD/USDT:USDT,2026-07-15 16:15:00+00:00,short,0.12,jev-1.13.0,False,-77.76891078156464,0,initial_stop,0.0
late,NMR/USDT:USDT|2026-07-15T18:30:00+00:00|long,NMR/USDT:USDT,2026-07-15 18:30:00+00:00,long,0.17,jev-1.13.0,False,-74.931504808504,0,initial_stop,0.0
late,LPT/USDT:USDT|2026-07-15T20:15:00+00:00|short,LPT/USDT:USDT,2026-07-15 20:15:00+00:00,short,0.15,jev-1.13.0,False,-75.05418279985453,0,initial_stop,0.0
late,NEAR/USDT:USDT|2026-07-15T20:30:00+00:00|long,NEAR/USDT:USDT,2026-07-15 20:30:00+00:00,long,0.1,jev-1.13.0,False,-76.61595590960614,0,initial_stop,0.0
late,MOODENG/USDT:USDT|2026-07-16T00:45:00+00:00|short,MOODENG/USDT:USDT,2026-07-16 00:45:00+00:00,short,0.13,jev-1.13.0,False,-75.06776682418834,0,initial_stop,0.0
late,LUNA/USDT:USDT|2026-07-16T04:15:00+00:00|short,LUNA/USDT:USDT,2026-07-16 04:15:00+00:00,short,0.09,jev-1.13.0,False,187.391539309635,1,fixed_3r,0.0
late,LUNA/USDT:USDT|2026-07-16T06:15:00+00:00|short,LUNA/USDT:USDT,2026-07-16 06:15:00+00:00,short,0.26,jev-1.13.0,False,175.19634211709078,1,fixed_3r,0.0
late,LAYER/USDT:USDT|2026-07-16T08:15:00+00:00|short,LAYER/USDT:USDT,2026-07-16 08:15:00+00:00,short,0.1,jev-1.13.0,False,41.05569520258594,1,all_24h,0.0
late,INJ/USDT:USDT|2026-07-16T08:30:00+00:00|long,INJ/USDT:USDT,2026-07-16 08:30:00+00:00,long,0.13,jev-1.13.0,False,-74.93879962841983,0,initial_stop,0.0
late,RESOLV/USDT:USDT|2026-07-16T12:15:00+00:00|short,RESOLV/USDT:USDT,2026-07-16 12:15:00+00:00,short,0.15,jev-1.13.0,False,-75.07121960464083,0,initial_stop,0.0
late,TRUMP/USDT:USDT|2026-07-16T13:45:00+00:00|short,TRUMP/USDT:USDT,2026-07-16 13:45:00+00:00,short,0.17,jev-1.13.0,False,-75.05647717669953,0,initial_stop,0.0
late,ETHFI/USDT:USDT|2026-07-16T15:00:00+00:00|long,ETHFI/USDT:USDT,2026-07-16 15:00:00+00:00,long,0.14,jev-1.13.0,False,-74.93713203976276,0,initial_stop,0.0
late,AUCTION/USDT:USDT|2026-07-16T16:15:00+00:00|short,AUCTION/USDT:USDT,2026-07-16 16:15:00+00:00,short,0.14,jev-1.13.0,False,-75.04874844481976,0,initial_stop,0.0
late,ADA/USDT:USDT|2026-07-16T20:15:00+00:00|short,ADA/USDT:USDT,2026-07-16 20:15:00+00:00,short,0.26,jev-1.13.0,False,-76.15081897818054,0,initial_stop,0.0
late,NEIRO/USDT:USDT|2026-07-16T20:15:00+00:00|short,NEIRO/USDT:USDT,2026-07-16 20:15:00+00:00,short,0.18,jev-1.13.0,False,66.31129531504409,1,all_24h,0.0
late,WLFI/USDT:USDT|2026-07-16T22:15:00+00:00|short,WLFI/USDT:USDT,2026-07-16 22:15:00+00:00,short,0.15,jev-1.13.0,False,-75.05464132423803,0,initial_stop,0.0
late,WIF/USDT:USDT|2026-07-17T00:15:00+00:00|short,WIF/USDT:USDT,2026-07-17 00:15:00+00:00,short,0.25,jev-1.13.0,False,-75.06901770267226,0,initial_stop,0.0
late,S/USDT:USDT|2026-07-17T02:15:00+00:00|short,S/USDT:USDT,2026-07-17 02:15:00+00:00,short,0.33,jev-1.13.0,False,-75.06860380107142,0,initial_stop,0.0
late,ALLO/USDT:USDT|2026-07-17T04:00:00+00:00|long,ALLO/USDT:USDT,2026-07-17 04:00:00+00:00,long,0.09,jev-1.13.0,False,-74.9398646703682,0,initial_stop,0.0
late,BLEND/USDT:USDT|2026-07-17T08:15:00+00:00|short,BLEND/USDT:USDT,2026-07-17 08:15:00+00:00,short,0.25,jev-1.13.0,False,-75.06793081778991,0,initial_stop,0.0
late,TRB/USDT:USDT|2026-07-17T09:30:00+00:00|short,TRB/USDT:USDT,2026-07-17 09:30:00+00:00,short,0.11,jev-1.13.0,False,-74.51799145890206,0,initial_stop,0.0
late,API3/USDT:USDT|2026-07-17T13:30:00+00:00|short,API3/USDT:USDT,2026-07-17 13:30:00+00:00,short,0.24,jev-1.13.0,False,-74.89329061529735,0,initial_stop,0.0
late,WCT/USDT:USDT|2026-07-17T14:00:00+00:00|short,WCT/USDT:USDT,2026-07-17 14:00:00+00:00,short,0.24,jev-1.13.0,False,-75.06450910238242,0,initial_stop,0.0
late,ZAMA/USDT:USDT|2026-07-17T15:30:00+00:00|long,ZAMA/USDT:USDT,2026-07-17 15:30:00+00:00,long,0.09,jev-1.13.0,False,-74.13750389033804,0,initial_stop,0.0
late,S/USDT:USDT|2026-07-17T16:15:00+00:00|short,S/USDT:USDT,2026-07-17 16:15:00+00:00,short,0.23,jev-1.13.0,False,173.08691546253874,1,fixed_3r,0.0
late,SOL/USDT:USDT|2026-07-17T18:15:00+00:00|short,SOL/USDT:USDT,2026-07-17 18:15:00+00:00,short,0.11,jev-1.13.0,False,-75.04372020339477,0,initial_stop,0.0
late,WCT/USDT:USDT|2026-07-17T20:15:00+00:00|short,WCT/USDT:USDT,2026-07-17 20:15:00+00:00,short,0.15,jev-1.13.0,False,-75.05935531523653,0,initial_stop,0.0
late,LUNA/USDT:USDT|2026-07-17T23:15:00+00:00|short,LUNA/USDT:USDT,2026-07-17 23:15:00+00:00,short,0.1,jev-1.13.0,False,-74.43189848659851,0,initial_stop,0.0
late,ACT/USDT:USDT|2026-07-18T00:15:00+00:00|short,ACT/USDT:USDT,2026-07-18 00:15:00+00:00,short,0.14,jev-1.13.0,False,180.88882594395704,1,fixed_3r,0.0
late,MON/USDT:USDT|2026-07-18T01:00:00+00:00|short,MON/USDT:USDT,2026-07-18 01:00:00+00:00,short,0.12,jev-1.13.0,False,120.56038363985563,1,fixed_3r,0.0
late,LAYER/USDT:USDT|2026-07-18T03:45:00+00:00|short,LAYER/USDT:USDT,2026-07-18 03:45:00+00:00,short,0.16,jev-1.13.0,False,-75.0455720855476,0,initial_stop,0.0
late,DOGE/USDT:USDT|2026-07-18T06:30:00+00:00|short,DOGE/USDT:USDT,2026-07-18 06:30:00+00:00,short,0.13,jev-1.13.0,False,-72.28024926621511,0,initial_stop,0.0
late,PENGU/USDT:USDT|2026-07-18T09:15:00+00:00|short,PENGU/USDT:USDT,2026-07-18 09:15:00+00:00,short,0.16,jev-1.13.0,False,-75.23827174887023,0,initial_stop,0.0
late,PIEVERSE/USDT:USDT|2026-07-18T11:45:00+00:00|short,PIEVERSE/USDT:USDT,2026-07-18 11:45:00+00:00,short,0.31,jev-1.13.0,False,-74.69111030428377,0,initial_stop,0.0
late,BCH/USDT:USDT|2026-07-18T13:15:00+00:00|short,BCH/USDT:USDT,2026-07-18 13:15:00+00:00,short,0.1,jev-1.13.0,False,-75.06116047772205,0,initial_stop,0.0
late,SENT/USDT:USDT|2026-07-18T16:15:00+00:00|short,SENT/USDT:USDT,2026-07-18 16:15:00+00:00,short,0.12,jev-1.13.0,False,-77.58651777668112,0,initial_stop,0.0
late,AIXBT/USDT:USDT|2026-07-18T18:30:00+00:00|short,AIXBT/USDT:USDT,2026-07-18 18:30:00+00:00,short,0.09,jev-1.13.0,False,-73.00423663393616,0,initial_stop,0.0
late,NEIRO/USDT:USDT|2026-07-18T22:15:00+00:00|short,NEIRO/USDT:USDT,2026-07-18 22:15:00+00:00,short,0.1,jev-1.13.0,False,9.94184126845451,1,fixed_3r,0.0
late,UNI/USDT:USDT|2026-07-19T00:15:00+00:00|long,UNI/USDT:USDT,2026-07-19 00:15:00+00:00,long,0.16,jev-1.13.0,False,-74.93348820546348,0,initial_stop,0.0
late,RIVER/USDT:USDT|2026-07-19T01:30:00+00:00|short,RIVER/USDT:USDT,2026-07-19 01:30:00+00:00,short,0.2,jev-1.13.0,False,-75.06046868378124,0,initial_stop,0.0
late,MASK/USDT:USDT|2026-07-19T03:15:00+00:00|short,MASK/USDT:USDT,2026-07-19 03:15:00+00:00,short,0.15,jev-1.13.0,False,-75.05921068883715,0,initial_stop,0.0
late,ONT/USDT:USDT|2026-07-19T04:15:00+00:00|short,ONT/USDT:USDT,2026-07-19 04:15:00+00:00,short,0.12,jev-1.13.0,False,165.29233543425377,1,all_24h,0.0
late,ACT/USDT:USDT|2026-07-19T08:00:00+00:00|short,ACT/USDT:USDT,2026-07-19 08:00:00+00:00,short,0.12,jev-1.13.0,False,-20.69360365820514,0,all_24h,0.0
late,RIVER/USDT:USDT|2026-07-19T08:15:00+00:00|short,RIVER/USDT:USDT,2026-07-19 08:15:00+00:00,short,0.16,jev-1.13.0,False,160.44086399834163,1,fixed_3r,0.0
late,XAG/USDT:USDT|2026-07-19T09:15:00+00:00|short,XAG/USDT:USDT,2026-07-19 09:15:00+00:00,short,0.1,jev-1.13.0,False,-75.04164395429325,0,initial_stop,0.0
late,SNX/USDT:USDT|2026-07-19T11:15:00+00:00|short,SNX/USDT:USDT,2026-07-19 11:15:00+00:00,short,0.33,jev-1.13.0,False,151.29480810072542,1,fixed_3r,0.0
late,MERL/USDT:USDT|2026-07-19T12:15:00+00:00|short,MERL/USDT:USDT,2026-07-19 12:15:00+00:00,short,0.09,jev-1.13.0,False,-74.77575877802698,0,initial_stop,0.0
late,PIPPIN/USDT:USDT|2026-07-19T13:00:00+00:00|short,PIPPIN/USDT:USDT,2026-07-19 13:00:00+00:00,short,0.28,jev-1.13.0,False,190.05423007523777,1,fixed_3r,0.0
late,TURBO/USDT:USDT|2026-07-19T14:30:00+00:00|short,TURBO/USDT:USDT,2026-07-19 14:30:00+00:00,short,0.32,jev-1.13.0,False,-74.46236426710786,0,initial_stop,0.0
late,WLD/USDT:USDT|2026-07-19T16:15:00+00:00|short,WLD/USDT:USDT,2026-07-19 16:15:00+00:00,short,0.32,jev-1.13.0,False,-75.13030094187954,0,initial_stop,0.0
late,ETHFI/USDT:USDT|2026-07-19T17:15:00+00:00|long,ETHFI/USDT:USDT,2026-07-19 17:15:00+00:00,long,0.13,jev-1.13.0,False,-74.94363545992601,0,initial_stop,0.0
late,LAYER/USDT:USDT|2026-07-19T17:45:00+00:00|short,LAYER/USDT:USDT,2026-07-19 17:45:00+00:00,short,0.27,jev-1.13.0,False,-74.45108061070204,0,initial_stop,0.0
late,DASH/USDT:USDT|2026-07-19T21:15:00+00:00|short,DASH/USDT:USDT,2026-07-19 21:15:00+00:00,short,0.27,jev-1.13.0,False,-75.06397780208619,0,initial_stop,0.0
late,BONK/USDT:USDT|2026-07-19T22:30:00+00:00|short,BONK/USDT:USDT,2026-07-19 22:30:00+00:00,short,0.33,jev-1.13.0,False,-74.6740636550272,0,initial_stop,0.0
late,PEOPLE/USDT:USDT|2026-07-20T00:00:00+00:00|short,PEOPLE/USDT:USDT,2026-07-20 00:00:00+00:00,short,0.16,jev-1.13.0,False,-75.06243411126603,0,initial_stop,0.0
late,XPL/USDT:USDT|2026-07-20T00:45:00+00:00|short,XPL/USDT:USDT,2026-07-20 00:45:00+00:00,short,0.13,jev-1.13.0,False,-75.06262425947556,0,initial_stop,0.0
late,BONK/USDT:USDT|2026-07-20T02:45:00+00:00|short,BONK/USDT:USDT,2026-07-20 02:45:00+00:00,short,0.28,jev-1.13.0,False,-75.06979420546371,0,initial_stop,0.0
late,WLFI/USDT:USDT|2026-07-20T04:15:00+00:00|short,WLFI/USDT:USDT,2026-07-20 04:15:00+00:00,short,0.1,jev-1.13.0,False,-74.25924134010734,0,initial_stop,0.0
late,TRB/USDT:USDT|2026-07-20T08:00:00+00:00|short,TRB/USDT:USDT,2026-07-20 08:00:00+00:00,short,0.16,jev-1.13.0,False,-75.06283759739696,0,initial_stop,0.0
late,KAITO/USDT:USDT|2026-07-20T10:00:00+00:00|long,KAITO/USDT:USDT,2026-07-20 10:00:00+00:00,long,0.28,jev-1.13.0,False,18.428840144776142,1,all_24h,0.0
late,WLFI/USDT:USDT|2026-07-20T11:45:00+00:00|short,WLFI/USDT:USDT,2026-07-20 11:45:00+00:00,short,0.3,jev-1.13.0,False,-74.08198037407247,0,initial_stop,0.0
late,BCH/USDT:USDT|2026-07-20T13:45:00+00:00|short,BCH/USDT:USDT,2026-07-20 13:45:00+00:00,short,0.15,jev-1.13.0,False,45.7575616296307,1,fixed_3r,0.0
late,ALLO/USDT:USDT|2026-07-20T15:15:00+00:00|long,ALLO/USDT:USDT,2026-07-20 15:15:00+00:00,long,0.23,jev-1.13.0,False,202.27573719414085,1,fixed_3r,0.0
late,LDO/USDT:USDT|2026-07-20T16:15:00+00:00|long,LDO/USDT:USDT,2026-07-20 16:15:00+00:00,long,0.25,jev-1.13.0,False,212.7418224690198,1,fixed_3r,0.0
late,ALLO/USDT:USDT|2026-07-20T19:15:00+00:00|long,ALLO/USDT:USDT,2026-07-20 19:15:00+00:00,long,0.34,jev-1.13.0,False,206.65530045613718,1,fixed_3r,0.0
late,TURBO/USDT:USDT|2026-07-20T20:15:00+00:00|short,TURBO/USDT:USDT,2026-07-20 20:15:00+00:00,short,0.12,jev-1.13.0,False,-74.66027250956436,0,initial_stop,0.0
late,ALLO/USDT:USDT|2026-07-20T22:30:00+00:00|long,ALLO/USDT:USDT,2026-07-20 22:30:00+00:00,long,0.36,jev-1.13.0,False,-3.4559496461698385,0,all_24h,0.0
late,LAB/USDT:USDT|2026-07-21T00:15:00+00:00|short,LAB/USDT:USDT,2026-07-21 00:15:00+00:00,short,0.26,jev-1.13.0,False,-35.32512222468185,0,all_24h,0.0
late,WLFI/USDT:USDT|2026-07-21T00:45:00+00:00|short,WLFI/USDT:USDT,2026-07-21 00:45:00+00:00,short,0.27,jev-1.13.0,False,153.06342710524467,1,fixed_3r,0.0
late,EIGEN/USDT:USDT|2026-07-21T13:30:00+00:00|long,EIGEN/USDT:USDT,2026-07-21 13:30:00+00:00,long,0.1,jev-1.13.0,False,-74.9383232904055,0,initial_stop,0.0
late,MASK/USDT:USDT|2026-07-21T20:15:00+00:00|short,MASK/USDT:USDT,2026-07-21 20:15:00+00:00,short,0.14,jev-1.13.0,False,-75.0489651517338,0,initial_stop,0.0
late,ZAMA/USDT:USDT|2026-07-22T03:00:00+00:00|long,ZAMA/USDT:USDT,2026-07-22 03:00:00+00:00,long,0.07,jev-1.13.0,False,-74.93648317320326,0,initial_stop,0.0
late,RIVER/USDT:USDT|2026-07-22T04:15:00+00:00|short,RIVER/USDT:USDT,2026-07-22 04:15:00+00:00,short,0.08,jev-1.13.0,False,-73.32718499150336,0,initial_stop,0.0
late,AAVE/USDT:USDT|2026-07-22T08:15:00+00:00|long,AAVE/USDT:USDT,2026-07-22 08:15:00+00:00,long,0.29,jev-1.13.0,False,26.29572915573734,1,all_24h,0.0
late,SPCX/USDT:USDT|2026-07-22T08:15:00+00:00|short,SPCX/USDT:USDT,2026-07-22 08:15:00+00:00,short,0.15,jev-1.13.0,False,-75.06502800109463,0,initial_stop,0.0
late,WLFI/USDT:USDT|2026-07-22T10:45:00+00:00|short,WLFI/USDT:USDT,2026-07-22 10:45:00+00:00,short,0.25,jev-1.13.0,False,54.83302526239056,1,fixed_3r,0.0
late,ONT/USDT:USDT|2026-07-22T13:45:00+00:00|short,ONT/USDT:USDT,2026-07-22 13:45:00+00:00,short,0.13,jev-1.13.0,False,-75.0440133959852,0,initial_stop,0.0
late,DOGE/USDT:USDT|2026-07-22T15:15:00+00:00|short,DOGE/USDT:USDT,2026-07-22 15:15:00+00:00,short,0.14,jev-1.13.0,False,-75.04781378518187,0,initial_stop,0.0
late,MOODENG/USDT:USDT|2026-07-22T19:15:00+00:00|short,MOODENG/USDT:USDT,2026-07-22 19:15:00+00:00,short,0.22,jev-1.13.0,False,-74.51482529771988,0,initial_stop,0.0
late,PEOPLE/USDT:USDT|2026-07-22T20:15:00+00:00|short,PEOPLE/USDT:USDT,2026-07-22 20:15:00+00:00,short,0.14,jev-1.13.0,False,166.53079628667356,1,fixed_3r,0.0
late,PARTI/USDT:USDT|2026-07-22T21:15:00+00:00|short,PARTI/USDT:USDT,2026-07-22 21:15:00+00:00,short,0.12,jev-1.13.0,False,-75.0525795466122,0,initial_stop,0.0
late,BNB/USDT:USDT|2026-07-23T00:15:00+00:00|short,BNB/USDT:USDT,2026-07-23 00:15:00+00:00,short,0.25,jev-1.13.0,False,-75.04502267297944,0,initial_stop,0.0
late,ETHFI/USDT:USDT|2026-07-23T01:15:00+00:00|long,ETHFI/USDT:USDT,2026-07-23 01:15:00+00:00,long,0.12,jev-1.13.0,False,-75.21978865045413,0,initial_stop,0.0
late,POPCAT/USDT:USDT|2026-07-23T04:15:00+00:00|short,POPCAT/USDT:USDT,2026-07-23 04:15:00+00:00,short,0.23,jev-1.13.0,False,-75.06187656736788,0,initial_stop,0.0
late,PARTI/USDT:USDT|2026-07-23T05:00:00+00:00|short,PARTI/USDT:USDT,2026-07-23 05:00:00+00:00,short,0.15,jev-1.13.0,False,-75.0537819243142,0,initial_stop,0.0
late,S/USDT:USDT|2026-07-23T07:15:00+00:00|short,S/USDT:USDT,2026-07-23 07:15:00+00:00,short,0.26,jev-1.13.0,False,34.92066082006425,1,all_24h,0.0
late,LPT/USDT:USDT|2026-07-23T09:45:00+00:00|short,LPT/USDT:USDT,2026-07-23 09:45:00+00:00,short,0.32,jev-1.13.0,False,137.75085967763476,1,fixed_3r,0.0
late,UNI/USDT:USDT|2026-07-23T13:00:00+00:00|long,UNI/USDT:USDT,2026-07-23 13:00:00+00:00,long,0.11,jev-1.13.0,False,-74.93875952849099,0,initial_stop,0.0
late,SPCX/USDT:USDT|2026-07-23T19:30:00+00:00|short,SPCX/USDT:USDT,2026-07-23 19:30:00+00:00,short,0.12,jev-1.13.0,False,-75.06388346955772,0,initial_stop,0.0
late,ONDO/USDT:USDT|2026-07-23T23:45:00+00:00|long,ONDO/USDT:USDT,2026-07-23 23:45:00+00:00,long,0.08,jev-1.13.0,False,-74.94869649067846,0,initial_stop,0.0
late,ZAMA/USDT:USDT|2026-07-24T03:00:00+00:00|long,ZAMA/USDT:USDT,2026-07-24 03:00:00+00:00,long,0.11,jev-1.13.0,False,-74.94378377261134,0,initial_stop,0.0
late,SNX/USDT:USDT|2026-07-24T05:15:00+00:00|short,SNX/USDT:USDT,2026-07-24 05:15:00+00:00,short,0.15,jev-1.13.0,False,-75.03857552493811,0,initial_stop,0.0
late,DOT/USDT:USDT|2026-07-24T07:45:00+00:00|short,DOT/USDT:USDT,2026-07-24 07:45:00+00:00,short,0.32,jev-1.13.0,False,-18.28739266389165,0,all_24h,0.0
late,MASK/USDT:USDT|2026-07-24T09:45:00+00:00|short,MASK/USDT:USDT,2026-07-24 09:45:00+00:00,short,0.17,jev-1.13.0,False,-75.05278227225371,0,initial_stop,0.0
late,H/USDT:USDT|2026-07-24T12:15:00+00:00|short,H/USDT:USDT,2026-07-24 12:15:00+00:00,short,0.31,jev-1.13.0,False,-75.06896671639905,0,initial_stop,0.0
late,BSB/USDT:USDT|2026-07-24T13:15:00+00:00|short,BSB/USDT:USDT,2026-07-24 13:15:00+00:00,short,0.26,jev-1.13.0,False,-74.73799777121721,0,initial_stop,0.0
late,WLD/USDT:USDT|2026-07-24T15:00:00+00:00|short,WLD/USDT:USDT,2026-07-24 15:00:00+00:00,short,0.23,jev-1.13.0,False,194.3274652835961,1,fixed_3r,0.0
late,SAHARA/USDT:USDT|2026-07-24T18:15:00+00:00|short,SAHARA/USDT:USDT,2026-07-24 18:15:00+00:00,short,0.34,jev-1.13.0,False,-75.0613803869197,0,initial_stop,0.0
late,LAYER/USDT:USDT|2026-07-24T20:15:00+00:00|short,LAYER/USDT:USDT,2026-07-24 20:15:00+00:00,short,0.2,jev-1.13.0,False,-73.87652443984477,0,initial_stop,0.0
late,DOGE/USDT:USDT|2026-07-24T23:45:00+00:00|short,DOGE/USDT:USDT,2026-07-24 23:45:00+00:00,short,0.15,jev-1.13.0,False,-75.49614165631299,0,initial_stop,0.0
late,ANIME/USDT:USDT|2026-07-25T01:15:00+00:00|short,ANIME/USDT:USDT,2026-07-25 01:15:00+00:00,short,0.1,jev-1.13.0,False,-75.05264719577674,0,initial_stop,0.0
late,PNUT/USDT:USDT|2026-07-25T04:15:00+00:00|short,PNUT/USDT:USDT,2026-07-25 04:15:00+00:00,short,0.13,jev-1.13.0,False,66.09305077465382,1,fixed_3r,0.0
late,SATS/USDT:USDT|2026-07-25T06:00:00+00:00|short,SATS/USDT:USDT,2026-07-25 06:00:00+00:00,short,0.13,jev-1.13.0,False,-74.12588818656803,0,initial_stop,0.0
late,NEIRO/USDT:USDT|2026-07-25T06:45:00+00:00|short,NEIRO/USDT:USDT,2026-07-25 06:45:00+00:00,short,0.11,jev-1.13.0,False,-76.64531565505574,0,initial_stop,0.0
late,STABLE/USDT:USDT|2026-07-25T08:15:00+00:00|long,STABLE/USDT:USDT,2026-07-25 08:15:00+00:00,long,0.35,jev-1.13.0,False,188.40925961046642,1,fixed_3r,0.0
late,SATS/USDT:USDT|2026-07-25T12:00:00+00:00|short,SATS/USDT:USDT,2026-07-25 12:00:00+00:00,short,0.32,jev-1.13.0,False,-75.06318763652473,0,initial_stop,0.0
late,FIL/USDT:USDT|2026-07-25T14:45:00+00:00|short,FIL/USDT:USDT,2026-07-25 14:45:00+00:00,short,0.22,jev-1.13.0,False,-75.06073787966206,0,initial_stop,0.0
late,TRUMP/USDT:USDT|2026-07-25T17:30:00+00:00|short,TRUMP/USDT:USDT,2026-07-25 17:30:00+00:00,short,0.1,jev-1.13.0,False,-75.04513120984942,0,initial_stop,0.0
late,TAO/USDT:USDT|2026-07-25T20:30:00+00:00|short,TAO/USDT:USDT,2026-07-25 20:30:00+00:00,short,0.12,jev-1.13.0,False,-75.05758790778606,0,initial_stop,0.0
late,S/USDT:USDT|2026-07-25T23:30:00+00:00|short,S/USDT:USDT,2026-07-25 23:30:00+00:00,short,0.14,jev-1.13.0,False,-77.29358249831895,0,initial_stop,0.0
late,PARTI/USDT:USDT|2026-07-26T01:15:00+00:00|short,PARTI/USDT:USDT,2026-07-26 01:15:00+00:00,short,0.12,jev-1.13.0,False,174.18263653256534,1,fixed_3r,0.0
late,MOVE/USDT:USDT|2026-07-26T02:30:00+00:00|short,MOVE/USDT:USDT,2026-07-26 02:30:00+00:00,short,0.23,jev-1.13.0,False,-74.69105960593885,0,initial_stop,0.0
late,NEAR/USDT:USDT|2026-07-26T04:30:00+00:00|short,NEAR/USDT:USDT,2026-07-26 04:30:00+00:00,short,0.15,jev-1.13.0,False,-75.05403467281836,0,initial_stop,0.0
late,SPK/USDT:USDT|2026-07-26T10:00:00+00:00|short,SPK/USDT:USDT,2026-07-26 10:00:00+00:00,short,0.14,jev-1.13.0,False,-75.05062987421597,0,initial_stop,0.0
late,RVN/USDT:USDT|2026-07-26T12:00:00+00:00|short,RVN/USDT:USDT,2026-07-26 12:00:00+00:00,short,0.11,jev-1.13.0,False,-75.7042705029783,0,initial_stop,0.0
late,TRUMP/USDT:USDT|2026-07-26T14:15:00+00:00|short,TRUMP/USDT:USDT,2026-07-26 14:15:00+00:00,short,0.11,jev-1.13.0,False,-75.06132197860988,0,initial_stop,0.0
late,ONDO/USDT:USDT|2026-07-26T16:15:00+00:00|long,ONDO/USDT:USDT,2026-07-26 16:15:00+00:00,long,0.47,jev-1.13.0,False,14.535960976268719,1,all_24h,0.0
late,JUP/USDT:USDT|2026-07-26T20:15:00+00:00|short,JUP/USDT:USDT,2026-07-26 20:15:00+00:00,short,0.12,jev-1.13.0,False,-75.05389408354019,0,initial_stop,0.0
late,XLM/USDT:USDT|2026-07-26T21:15:00+00:00|short,XLM/USDT:USDT,2026-07-26 21:15:00+00:00,short,0.11,jev-1.13.0,False,-75.05588265649484,0,initial_stop,0.0
late,H/USDT:USDT|2026-07-27T03:15:00+00:00|short,H/USDT:USDT,2026-07-27 03:15:00+00:00,short,0.23,jev-1.13.0,False,-74.63252699060611,0,initial_stop,0.0
late,ONT/USDT:USDT|2026-07-27T04:15:00+00:00|short,ONT/USDT:USDT,2026-07-27 04:15:00+00:00,short,0.11,jev-1.13.0,False,-75.06488430582986,0,initial_stop,0.0
late,WLFI/USDT:USDT|2026-07-27T06:30:00+00:00|short,WLFI/USDT:USDT,2026-07-27 06:30:00+00:00,short,0.29,jev-1.13.0,False,-44.38940059851485,0,all_24h,0.0
late,RVN/USDT:USDT|2026-07-27T08:15:00+00:00|short,RVN/USDT:USDT,2026-07-27 08:15:00+00:00,short,0.13,jev-1.13.0,False,173.13382938956977,1,fixed_3r,0.0
late,KAITO/USDT:USDT|2026-07-27T11:00:00+00:00|long,KAITO/USDT:USDT,2026-07-27 11:00:00+00:00,long,0.18,jev-1.13.0,False,200.7684267771516,1,fixed_3r,0.0
late,UNI/USDT:USDT|2026-07-27T12:30:00+00:00|long,UNI/USDT:USDT,2026-07-27 12:30:00+00:00,long,0.11,jev-1.13.0,False,-74.95753928044627,0,initial_stop,0.0
late,TURBO/USDT:USDT|2026-07-27T14:30:00+00:00|short,TURBO/USDT:USDT,2026-07-27 14:30:00+00:00,short,0.28,jev-1.13.0,False,104.49136555686047,1,all_24h,0.0
late,SPCX/USDT:USDT|2026-07-27T16:15:00+00:00|short,SPCX/USDT:USDT,2026-07-27 16:15:00+00:00,short,0.14,jev-1.13.0,False,-75.07030129840955,0,initial_stop,0.0
late,SPCX/USDT:USDT|2026-07-27T19:45:00+00:00|short,SPCX/USDT:USDT,2026-07-27 19:45:00+00:00,short,0.12,jev-1.13.0,False,-75.06298424778217,0,initial_stop,0.0
late,API3/USDT:USDT|2026-07-28T00:15:00+00:00|short,API3/USDT:USDT,2026-07-28 00:15:00+00:00,short,0.16,jev-1.13.0,False,60.28574518397774,1,all_24h,0.0
late,ZAMA/USDT:USDT|2026-07-28T06:15:00+00:00|long,ZAMA/USDT:USDT,2026-07-28 06:15:00+00:00,long,0.38,jev-1.13.0,False,-74.47109133416417,0,initial_stop,0.0
late,ASTER/USDT:USDT|2026-07-28T13:45:00+00:00|short,ASTER/USDT:USDT,2026-07-28 13:45:00+00:00,short,0.25,jev-1.13.0,False,23.09677215087285,1,all_24h,0.0
late,ONDO/USDT:USDT|2026-07-28T16:15:00+00:00|long,ONDO/USDT:USDT,2026-07-28 16:15:00+00:00,long,0.18,jev-1.13.0,False,-75.06519219483462,0,initial_stop,0.0
late,TURBO/USDT:USDT|2026-07-28T18:15:00+00:00|short,TURBO/USDT:USDT,2026-07-28 18:15:00+00:00,short,0.09,jev-1.13.0,False,150.09941938977724,1,fixed_3r,0.0
late,DASH/USDT:USDT|2026-07-28T22:45:00+00:00|short,DASH/USDT:USDT,2026-07-28 22:45:00+00:00,short,0.1,jev-1.13.0,False,-74.52185751386442,0,initial_stop,0.0
late,ASTER/USDT:USDT|2026-07-29T00:15:00+00:00|short,ASTER/USDT:USDT,2026-07-29 00:15:00+00:00,short,0.17,jev-1.13.0,False,-69.40578319031138,0,initial_stop,0.0
late,VIRTUAL/USDT:USDT|2026-07-29T01:15:00+00:00|short,VIRTUAL/USDT:USDT,2026-07-29 01:15:00+00:00,short,0.32,jev-1.13.0,False,28.79837867865245,1,all_24h,0.0
late,LUNA/USDT:USDT|2026-07-29T02:30:00+00:00|short,LUNA/USDT:USDT,2026-07-29 02:30:00+00:00,short,0.29,jev-1.13.0,False,178.3265411137989,1,fixed_3r,0.0
late,SPK/USDT:USDT|2026-07-29T04:00:00+00:00|short,SPK/USDT:USDT,2026-07-29 04:00:00+00:00,short,0.3,jev-1.13.0,False,-6.353677415066345,0,all_24h,0.0
late,XLM/USDT:USDT|2026-07-29T04:30:00+00:00|short,XLM/USDT:USDT,2026-07-29 04:30:00+00:00,short,0.16,jev-1.13.0,False,-75.06763870485858,0,initial_stop,0.0
late,ENSO/USDT:USDT|2026-07-29T08:15:00+00:00|long,ENSO/USDT:USDT,2026-07-29 08:15:00+00:00,long,0.36,jev-1.13.0,False,2.106202794687211,1,all_24h,0.0
late,LPT/USDT:USDT|2026-07-29T09:45:00+00:00|short,LPT/USDT:USDT,2026-07-29 09:45:00+00:00,short,0.24,jev-1.13.0,False,170.79601991463414,1,fixed_3r,0.0
late,UB/USDT:USDT|2026-07-29T12:15:00+00:00|long,UB/USDT:USDT,2026-07-29 12:15:00+00:00,long,0.35,jev-1.13.0,False,-74.92611011668284,0,initial_stop,0.0
late,SNDK/USDT:USDT|2026-07-29T13:45:00+00:00|short,SNDK/USDT:USDT,2026-07-29 13:45:00+00:00,short,0.13,jev-1.13.0,False,-72.92159945324379,0,initial_stop,0.0
late,CFX/USDT:USDT|2026-07-29T15:00:00+00:00|short,CFX/USDT:USDT,2026-07-29 15:00:00+00:00,short,0.21,jev-1.13.0,False,-74.3017110013309,0,initial_stop,0.0
late,TRB/USDT:USDT|2026-07-29T18:45:00+00:00|short,TRB/USDT:USDT,2026-07-29 18:45:00+00:00,short,0.13,jev-1.13.0,False,-75.04797630122714,0,initial_stop,0.0
late,BIO/USDT:USDT|2026-07-29T19:45:00+00:00|short,BIO/USDT:USDT,2026-07-29 19:45:00+00:00,short,0.14,jev-1.13.0,False,-77.24328301351528,0,initial_stop,0.0
late,BASED/USDT:USDT|2026-07-29T20:15:00+00:00|short,BASED/USDT:USDT,2026-07-29 20:15:00+00:00,short,0.12,jev-1.13.0,False,-75.06697646742197,0,initial_stop,0.0
late,AXS/USDT:USDT|2026-07-29T22:00:00+00:00|short,AXS/USDT:USDT,2026-07-29 22:00:00+00:00,short,0.27,jev-1.13.0,False,-75.34019733089048,0,initial_stop,0.0
late,ACT/USDT:USDT|2026-07-30T00:30:00+00:00|short,ACT/USDT:USDT,2026-07-30 00:30:00+00:00,short,0.15,jev-1.13.0,False,-75.05121776128239,0,initial_stop,0.0
late,PEPE/USDT:USDT|2026-07-30T01:45:00+00:00|short,PEPE/USDT:USDT,2026-07-30 01:45:00+00:00,short,0.13,jev-1.13.0,False,-75.05753110895871,0,initial_stop,0.0
late,BCH/USDT:USDT|2026-07-30T02:30:00+00:00|short,BCH/USDT:USDT,2026-07-30 02:30:00+00:00,short,0.1,jev-1.13.0,False,-74.45880943788005,0,initial_stop,0.0
late,MERL/USDT:USDT|2026-07-30T05:45:00+00:00|short,MERL/USDT:USDT,2026-07-30 05:45:00+00:00,short,0.32,jev-1.13.0,False,-75.06304040085796,0,initial_stop,0.0
late,BCH/USDT:USDT|2026-07-30T08:00:00+00:00|short,BCH/USDT:USDT,2026-07-30 08:00:00+00:00,short,0.15,jev-1.13.0,False,-75.06529130520373,0,initial_stop,0.0
late,WLD/USDT:USDT|2026-07-30T10:15:00+00:00|short,WLD/USDT:USDT,2026-07-30 10:15:00+00:00,short,0.18,jev-1.13.0,False,-75.05831063853012,0,initial_stop,0.0
late,ANIME/USDT:USDT|2026-07-30T11:15:00+00:00|short,ANIME/USDT:USDT,2026-07-30 11:15:00+00:00,short,0.14,jev-1.13.0,False,-74.74364444637324,0,initial_stop,0.0
late,SPK/USDT:USDT|2026-07-30T13:30:00+00:00|short,SPK/USDT:USDT,2026-07-30 13:30:00+00:00,short,0.12,jev-1.13.0,False,-75.06260139618456,0,initial_stop,0.0
late,SPK/USDT:USDT|2026-07-30T15:00:00+00:00|short,SPK/USDT:USDT,2026-07-30 15:00:00+00:00,short,0.13,jev-1.13.0,False,-75.00865532778612,0,initial_stop,0.0
late,BIO/USDT:USDT|2026-07-30T16:30:00+00:00|short,BIO/USDT:USDT,2026-07-30 16:30:00+00:00,short,0.12,jev-1.13.0,False,-75.81052424440882,0,initial_stop,0.0
late,SPCX/USDT:USDT|2026-07-30T20:15:00+00:00|short,SPCX/USDT:USDT,2026-07-30 20:15:00+00:00,short,0.22,jev-1.13.0,False,-73.9910944060973,0,initial_stop,0.0
late,ENJ/USDT:USDT|2026-07-30T23:45:00+00:00|short,ENJ/USDT:USDT,2026-07-30 23:45:00+00:00,short,0.1,jev-1.13.0,False,-76.20308705958246,0,initial_stop,0.0
late,PEOPLE/USDT:USDT|2026-07-31T00:15:00+00:00|long,PEOPLE/USDT:USDT,2026-07-31 00:15:00+00:00,long,0.09,jev-1.13.0,False,-60.82949030679248,0,initial_stop,0.0
late,MOVE/USDT:USDT|2026-07-31T00:45:00+00:00|short,MOVE/USDT:USDT,2026-07-31 00:45:00+00:00,short,0.19,jev-1.13.0,False,-75.05943086567441,0,initial_stop,0.0
late,PIEVERSE/USDT:USDT|2026-07-31T02:00:00+00:00|short,PIEVERSE/USDT:USDT,2026-07-31 02:00:00+00:00,short,0.1,jev-1.13.0,False,184.35684961568717,1,fixed_3r,0.0
late,BARD/USDT:USDT|2026-07-31T03:15:00+00:00|short,BARD/USDT:USDT,2026-07-31 03:15:00+00:00,short,0.26,jev-1.13.0,False,-75.06235428633944,0,initial_stop,0.0
late,NEIRO/USDT:USDT|2026-07-31T04:15:00+00:00|short,NEIRO/USDT:USDT,2026-07-31 04:15:00+00:00,short,0.12,jev-1.13.0,False,-75.06518303958303,0,initial_stop,0.0
late,XPL/USDT:USDT|2026-07-31T05:45:00+00:00|short,XPL/USDT:USDT,2026-07-31 05:45:00+00:00,short,0.13,jev-1.13.0,False,-75.06158757781023,0,initial_stop,0.0
late,LAB/USDT:USDT|2026-07-31T08:15:00+00:00|short,LAB/USDT:USDT,2026-07-31 08:15:00+00:00,short,0.12,jev-1.13.0,False,-74.57264080064242,0,initial_stop,0.0
late,MOVE/USDT:USDT|2026-07-31T10:30:00+00:00|short,MOVE/USDT:USDT,2026-07-31 10:30:00+00:00,short,0.29,jev-1.13.0,False,195.25328051877682,1,fixed_3r,0.0
late,PEPE/USDT:USDT|2026-07-31T12:30:00+00:00|short,PEPE/USDT:USDT,2026-07-31 12:30:00+00:00,short,0.28,jev-1.13.0,False,-75.06149497182251,0,initial_stop,0.0
late,WLFI/USDT:USDT|2026-07-31T14:15:00+00:00|short,WLFI/USDT:USDT,2026-07-31 14:15:00+00:00,short,0.26,jev-1.13.0,False,-75.17678653649308,0,initial_stop,0.0
late,PARTI/USDT:USDT|2026-07-31T17:30:00+00:00|short,PARTI/USDT:USDT,2026-07-31 17:30:00+00:00,short,0.15,jev-1.13.0,False,-65.6224517283799,0,initial_stop,0.0
late,BASED/USDT:USDT|2026-07-31T20:15:00+00:00|short,BASED/USDT:USDT,2026-07-31 20:15:00+00:00,short,0.16,jev-1.13.0,False,-74.83638564411591,0,initial_stop,0.0
late,ARB/USDT:USDT|2026-07-31T22:00:00+00:00|short,ARB/USDT:USDT,2026-07-31 22:00:00+00:00,short,0.12,jev-1.13.0,False,-75.0560095478519,0,initial_stop,0.0
late,ZRO/USDT:USDT|2026-08-01T01:15:00+00:00|short,ZRO/USDT:USDT,2026-08-01 01:15:00+00:00,short,0.15,jev-1.13.0,False,-75.0377944470014,0,initial_stop,0.0
late,AVAX/USDT:USDT|2026-08-01T04:30:00+00:00|short,AVAX/USDT:USDT,2026-08-01 04:30:00+00:00,short,0.18,jev-1.13.0,False,-75.0509045430625,0,initial_stop,0.0
late,BONK/USDT:USDT|2026-08-01T06:00:00+00:00|short,BONK/USDT:USDT,2026-08-01 06:00:00+00:00,short,0.11,jev-1.13.0,False,184.15117824981562,1,fixed_3r,0.0
late,API3/USDT:USDT|2026-08-01T08:00:00+00:00|short,API3/USDT:USDT,2026-08-01 08:00:00+00:00,short,0.11,jev-1.13.0,False,-74.15526585343159,0,initial_stop,0.0
late,ENJ/USDT:USDT|2026-08-01T09:15:00+00:00|short,ENJ/USDT:USDT,2026-08-01 09:15:00+00:00,short,0.14,jev-1.13.0,False,86.09233474552187,1,fixed_3r,0.0
late,CFX/USDT:USDT|2026-08-01T11:45:00+00:00|short,CFX/USDT:USDT,2026-08-01 11:45:00+00:00,short,0.11,jev-1.13.0,False,-75.06645634823622,0,initial_stop,0.0
late,BONK/USDT:USDT|2026-08-01T16:15:00+00:00|short,BONK/USDT:USDT,2026-08-01 16:15:00+00:00,short,0.24,jev-1.13.0,False,168.33837691306363,1,fixed_3r,0.0
late,BEAT/USDT:USDT|2026-08-01T17:45:00+00:00|long,BEAT/USDT:USDT,2026-08-01 17:45:00+00:00,long,0.24,jev-1.13.0,False,-74.92669700449142,0,initial_stop,0.0
late,MOVE/USDT:USDT|2026-08-01T20:15:00+00:00|short,MOVE/USDT:USDT,2026-08-01 20:15:00+00:00,short,0.33,jev-1.13.0,False,-79.82978506513882,0,initial_stop,0.0
late,CL/USDT:USDT|2026-08-02T00:00:00+00:00|long,CL/USDT:USDT,2026-08-02 00:00:00+00:00,long,0.14,jev-1.13.0,False,-74.94571275957722,0,initial_stop,0.0
late,XLM/USDT:USDT|2026-08-02T00:30:00+00:00|short,XLM/USDT:USDT,2026-08-02 00:30:00+00:00,short,0.11,jev-1.13.0,False,-75.0602743776916,0,initial_stop,0.0
late,LAYER/USDT:USDT|2026-08-02T02:30:00+00:00|short,LAYER/USDT:USDT,2026-08-02 02:30:00+00:00,short,0.11,jev-1.13.0,False,57.38948822790169,1,fixed_3r,0.0
late,RIVER/USDT:USDT|2026-08-02T08:30:00+00:00|short,RIVER/USDT:USDT,2026-08-02 08:30:00+00:00,short,0.16,jev-1.13.0,False,-75.06010255870767,0,initial_stop,0.0
late,CFX/USDT:USDT|2026-08-02T12:15:00+00:00|short,CFX/USDT:USDT,2026-08-02 12:15:00+00:00,short,0.11,jev-1.13.0,False,191.30607527654152,1,fixed_3r,0.0
late,XPL/USDT:USDT|2026-08-02T12:15:00+00:00|short,XPL/USDT:USDT,2026-08-02 12:15:00+00:00,short,0.18,jev-1.13.0,False,-75.0608047118398,0,initial_stop,0.0
late,SPCX/USDT:USDT|2026-08-02T15:30:00+00:00|short,SPCX/USDT:USDT,2026-08-02 15:30:00+00:00,short,0.27,jev-1.13.0,False,-75.04833352866788,0,initial_stop,0.0
late,BIO/USDT:USDT|2026-08-02T17:30:00+00:00|short,BIO/USDT:USDT,2026-08-02 17:30:00+00:00,short,0.13,jev-1.13.0,False,-75.04051288366503,0,initial_stop,0.0
late,LAYER/USDT:USDT|2026-08-02T19:00:00+00:00|short,LAYER/USDT:USDT,2026-08-02 19:00:00+00:00,short,0.14,jev-1.13.0,False,124.52442872286639,1,fixed_3r,0.0
late,USELESS/USDT:USDT|2026-08-02T20:45:00+00:00|short,USELESS/USDT:USDT,2026-08-02 20:45:00+00:00,short,0.17,jev-1.13.0,False,-75.05380435323457,0,initial_stop,0.0
late,CRV/USDT:USDT|2026-08-02T23:45:00+00:00|short,CRV/USDT:USDT,2026-08-02 23:45:00+00:00,short,0.12,jev-1.13.0,False,-75.85821072882678,0,initial_stop,0.0
late,WIF/USDT:USDT|2026-08-03T00:45:00+00:00|short,WIF/USDT:USDT,2026-08-03 00:45:00+00:00,short,0.33,jev-1.13.0,False,-74.22462607712069,0,initial_stop,0.0
late,BERA/USDT:USDT|2026-08-03T04:15:00+00:00|short,BERA/USDT:USDT,2026-08-03 04:15:00+00:00,short,0.32,jev-1.13.0,False,-74.56303230474447,0,initial_stop,0.0
late,SOL/USDT:USDT|2026-08-03T04:15:00+00:00|short,SOL/USDT:USDT,2026-08-03 04:15:00+00:00,short,0.13,jev-1.13.0,False,-75.17022449098123,0,initial_stop,0.0
late,MOVE/USDT:USDT|2026-08-03T06:30:00+00:00|short,MOVE/USDT:USDT,2026-08-03 06:30:00+00:00,short,0.23,jev-1.13.0,False,-76.96385795846555,0,initial_stop,0.0
late,SOXL/USDT:USDT|2026-08-03T08:15:00+00:00|short,SOXL/USDT:USDT,2026-08-03 08:15:00+00:00,short,0.1,jev-1.13.0,False,213.49888129093378,1,fixed_3r,0.0
late,PIPPIN/USDT:USDT|2026-08-03T11:30:00+00:00|short,PIPPIN/USDT:USDT,2026-08-03 11:30:00+00:00,short,0.21,jev-1.13.0,False,-73.1640643092519,0,initial_stop,0.0
late,BERA/USDT:USDT|2026-08-03T13:45:00+00:00|short,BERA/USDT:USDT,2026-08-03 13:45:00+00:00,short,0.12,jev-1.13.0,False,-63.509302413371216,0,initial_stop,0.0
late,BCH/USDT:USDT|2026-08-03T14:30:00+00:00|short,BCH/USDT:USDT,2026-08-03 14:30:00+00:00,short,0.13,jev-1.13.0,False,-73.73580937349787,0,initial_stop,0.0
late,LTC/USDT:USDT|2026-08-03T16:45:00+00:00|short,LTC/USDT:USDT,2026-08-03 16:45:00+00:00,short,0.34,jev-1.13.0,False,-75.44328744577379,0,initial_stop,0.0
late,XLM/USDT:USDT|2026-08-03T21:30:00+00:00|short,XLM/USDT:USDT,2026-08-03 21:30:00+00:00,short,0.12,jev-1.13.0,False,148.2088836084928,1,fixed_3r,0.0
late,TAO/USDT:USDT|2026-08-03T23:30:00+00:00|short,TAO/USDT:USDT,2026-08-03 23:30:00+00:00,short,0.14,jev-1.13.0,False,-75.06058698753765,0,initial_stop,0.0
late,TURBO/USDT:USDT|2026-08-04T00:15:00+00:00|short,TURBO/USDT:USDT,2026-08-04 00:15:00+00:00,short,0.17,jev-1.13.0,False,-75.05063201198728,0,initial_stop,0.0
late,XLM/USDT:USDT|2026-08-04T01:45:00+00:00|short,XLM/USDT:USDT,2026-08-04 01:45:00+00:00,short,0.24,jev-1.13.0,False,-75.06199452124982,0,initial_stop,0.0
late,MU/USDT:USDT|2026-08-04T04:15:00+00:00|short,MU/USDT:USDT,2026-08-04 04:15:00+00:00,short,0.11,jev-1.13.0,False,-75.06504196181706,0,initial_stop,0.0
late,LINK/USDT:USDT|2026-08-04T05:30:00+00:00|short,LINK/USDT:USDT,2026-08-04 05:30:00+00:00,short,0.24,jev-1.13.0,False,-75.26262561830183,0,initial_stop,0.0
late,XLM/USDT:USDT|2026-08-04T12:00:00+00:00|short,XLM/USDT:USDT,2026-08-04 12:00:00+00:00,short,0.28,jev-1.13.0,False,142.904109105301,1,fixed_3r,0.0
late,MOVE/USDT:USDT|2026-08-04T12:15:00+00:00|short,MOVE/USDT:USDT,2026-08-04 12:15:00+00:00,short,0.13,jev-1.13.0,False,-77.74938684305056,0,initial_stop,0.0
late,AUCTION/USDT:USDT|2026-08-04T16:00:00+00:00|short,AUCTION/USDT:USDT,2026-08-04 16:00:00+00:00,short,0.28,jev-1.13.0,False,89.9106607288497,1,fixed_3r,0.0
late,AIXBT/USDT:USDT|2026-08-04T18:15:00+00:00|short,AIXBT/USDT:USDT,2026-08-04 18:15:00+00:00,short,0.19,jev-1.13.0,False,-61.65600863543537,0,initial_stop,0.0
late,VIRTUAL/USDT:USDT|2026-08-04T20:30:00+00:00|short,VIRTUAL/USDT:USDT,2026-08-04 20:30:00+00:00,short,0.3,jev-1.13.0,False,-74.59023944591151,0,initial_stop,0.0
late,ONT/USDT:USDT|2026-08-04T22:15:00+00:00|short,ONT/USDT:USDT,2026-08-04 22:15:00+00:00,short,0.12,jev-1.13.0,False,-75.04279255679184,0,initial_stop,0.0
late,ORDI/USDT:USDT|2026-08-05T00:15:00+00:00|short,ORDI/USDT:USDT,2026-08-05 00:15:00+00:00,short,0.28,jev-1.13.0,False,-74.65851169305574,0,initial_stop,0.0
late,CFX/USDT:USDT|2026-08-05T01:15:00+00:00|short,CFX/USDT:USDT,2026-08-05 01:15:00+00:00,short,0.32,jev-1.13.0,False,117.21924867011433,1,all_24h,0.0
late,PNUT/USDT:USDT|2026-08-05T03:30:00+00:00|short,PNUT/USDT:USDT,2026-08-05 03:30:00+00:00,short,0.32,jev-1.13.0,False,-74.29182738949916,0,initial_stop,0.0
late,ENJ/USDT:USDT|2026-08-05T05:00:00+00:00|short,ENJ/USDT:USDT,2026-08-05 05:00:00+00:00,short,0.15,jev-1.13.0,False,-77.86955084442098,0,initial_stop,0.0
late,MERL/USDT:USDT|2026-08-05T08:45:00+00:00|short,MERL/USDT:USDT,2026-08-05 08:45:00+00:00,short,0.28,jev-1.13.0,False,30.528324993996694,1,all_24h,0.0
late,AIXBT/USDT:USDT|2026-08-05T12:15:00+00:00|short,AIXBT/USDT:USDT,2026-08-05 12:15:00+00:00,short,0.14,jev-1.13.0,False,-75.04859282770926,0,initial_stop,0.0
late,LPT/USDT:USDT|2026-08-05T12:15:00+00:00|short,LPT/USDT:USDT,2026-08-05 12:15:00+00:00,short,0.13,jev-1.13.0,False,-75.0537644447682,0,initial_stop,0.0
late,WIF/USDT:USDT|2026-08-05T12:15:00+00:00|short,WIF/USDT:USDT,2026-08-05 12:15:00+00:00,short,0.11,jev-1.13.0,False,-75.06627897935724,0,initial_stop,0.0
late,MERL/USDT:USDT|2026-08-05T15:30:00+00:00|short,MERL/USDT:USDT,2026-08-05 15:30:00+00:00,short,0.3,jev-1.13.0,False,52.134407829213764,1,all_24h,0.0
late,XPL/USDT:USDT|2026-08-05T16:15:00+00:00|short,XPL/USDT:USDT,2026-08-05 16:15:00+00:00,short,0.13,jev-1.13.0,False,198.71281738984612,1,fixed_3r,0.0
late,DASH/USDT:USDT|2026-08-05T20:15:00+00:00|short,DASH/USDT:USDT,2026-08-05 20:15:00+00:00,short,0.13,jev-1.13.0,False,142.89683188765073,1,fixed_3r,0.0
late,SLX/USDT:USDT|2026-08-05T22:15:00+00:00|short,SLX/USDT:USDT,2026-08-05 22:15:00+00:00,short,0.12,jev-1.13.0,False,-75.05339402039556,0,initial_stop,0.0
late,SUI/USDT:USDT|2026-08-06T00:15:00+00:00|short,SUI/USDT:USDT,2026-08-06 00:15:00+00:00,short,0.21,jev-1.13.0,False,138.63125769239824,1,fixed_3r,0.0
late,MOVE/USDT:USDT|2026-08-06T03:30:00+00:00|short,MOVE/USDT:USDT,2026-08-06 03:30:00+00:00,short,0.32,jev-1.13.0,False,-80.0380708707217,0,initial_stop,0.0
late,PARTI/USDT:USDT|2026-08-06T04:15:00+00:00|short,PARTI/USDT:USDT,2026-08-06 04:15:00+00:00,short,0.15,jev-1.13.0,False,-75.05947366175056,0,initial_stop,0.0
late,MOVE/USDT:USDT|2026-08-06T05:45:00+00:00|short,MOVE/USDT:USDT,2026-08-06 05:45:00+00:00,short,0.3,jev-1.13.0,False,-75.06333415290324,0,initial_stop,0.0
late,FIL/USDT:USDT|2026-08-06T08:00:00+00:00|short,FIL/USDT:USDT,2026-08-06 08:00:00+00:00,short,0.26,jev-1.13.0,False,178.53884591211113,1,fixed_3r,0.0
late,ENSO/USDT:USDT|2026-08-06T12:15:00+00:00|long,ENSO/USDT:USDT,2026-08-06 12:15:00+00:00,long,0.49,jev-1.13.0,False,118.18715204152885,1,all_24h,0.0
late,S/USDT:USDT|2026-08-06T12:15:00+00:00|short,S/USDT:USDT,2026-08-06 12:15:00+00:00,short,0.14,jev-1.13.0,False,-74.4142755390457,0,initial_stop,0.0
late,ORDI/USDT:USDT|2026-08-06T14:45:00+00:00|short,ORDI/USDT:USDT,2026-08-06 14:45:00+00:00,short,0.31,jev-1.13.0,False,-74.51634495595356,0,initial_stop,0.0
late,BONK/USDT:USDT|2026-08-06T18:00:00+00:00|short,BONK/USDT:USDT,2026-08-06 18:00:00+00:00,short,0.1,jev-1.13.0,False,-75.04853844986683,0,initial_stop,0.0
late,PUMP/USDT:USDT|2026-08-06T20:15:00+00:00|long,PUMP/USDT:USDT,2026-08-06 20:15:00+00:00,long,0.22,jev-1.13.0,False,-74.90665509520481,0,initial_stop,0.0
late,XPL/USDT:USDT|2026-08-06T23:30:00+00:00|short,XPL/USDT:USDT,2026-08-06 23:30:00+00:00,short,0.13,jev-1.13.0,False,-74.59527587502694,0,initial_stop,0.0
late,XLM/USDT:USDT|2026-08-07T02:30:00+00:00|short,XLM/USDT:USDT,2026-08-07 02:30:00+00:00,short,0.16,jev-1.13.0,False,133.5833117045698,1,fixed_3r,0.0
late,ICP/USDT:USDT|2026-08-07T04:15:00+00:00|short,ICP/USDT:USDT,2026-08-07 04:15:00+00:00,short,0.28,jev-1.13.0,False,-74.92308598469718,0,initial_stop,0.0
late,MERL/USDT:USDT|2026-08-07T05:45:00+00:00|short,MERL/USDT:USDT,2026-08-07 05:45:00+00:00,short,0.15,jev-1.13.0,False,-75.04771147022481,0,initial_stop,0.0
late,HBAR/USDT:USDT|2026-08-07T08:30:00+00:00|short,HBAR/USDT:USDT,2026-08-07 08:30:00+00:00,short,0.15,jev-1.13.0,False,-64.32659812610598,0,initial_stop,0.0
late,WLD/USDT:USDT|2026-08-07T11:15:00+00:00|short,WLD/USDT:USDT,2026-08-07 11:15:00+00:00,short,0.16,jev-1.13.0,False,-75.05533342552386,0,initial_stop,0.0
late,SLX/USDT:USDT|2026-08-07T12:15:00+00:00|short,SLX/USDT:USDT,2026-08-07 12:15:00+00:00,short,0.2,jev-1.13.0,False,-75.06974316566611,0,initial_stop,0.0
late,NEAR/USDT:USDT|2026-08-07T12:30:00+00:00|short,NEAR/USDT:USDT,2026-08-07 12:30:00+00:00,short,0.25,jev-1.13.0,False,196.11930161211632,1,fixed_3r,0.0
late,CL/USDT:USDT|2026-08-07T14:15:00+00:00|short,CL/USDT:USDT,2026-08-07 14:15:00+00:00,short,0.17,jev-1.13.0,False,-75.04763635739926,0,initial_stop,0.0
late,LAB/USDT:USDT|2026-08-07T16:15:00+00:00|short,LAB/USDT:USDT,2026-08-07 16:15:00+00:00,short,0.32,jev-1.13.0,False,-73.17088503926796,0,initial_stop,0.0
late,LAB/USDT:USDT|2026-08-07T16:45:00+00:00|short,LAB/USDT:USDT,2026-08-07 16:45:00+00:00,short,0.29,jev-1.13.0,False,-74.10787792257945,0,initial_stop,0.0
late,UNI/USDT:USDT|2026-08-07T20:15:00+00:00|long,UNI/USDT:USDT,2026-08-07 20:15:00+00:00,long,0.11,jev-1.13.0,False,-74.9368451598039,0,initial_stop,0.0
late,LINK/USDT:USDT|2026-08-08T00:15:00+00:00|short,LINK/USDT:USDT,2026-08-08 00:15:00+00:00,short,0.16,jev-1.13.0,False,-75.06479648342659,0,initial_stop,0.0
late,LAYER/USDT:USDT|2026-08-08T01:00:00+00:00|short,LAYER/USDT:USDT,2026-08-08 01:00:00+00:00,short,0.12,jev-1.13.0,False,-75.05326776482458,0,initial_stop,0.0
late,WIF/USDT:USDT|2026-08-08T02:45:00+00:00|short,WIF/USDT:USDT,2026-08-08 02:45:00+00:00,short,0.15,jev-1.13.0,False,-72.35409622090255,0,initial_stop,0.0
late,INJ/USDT:USDT|2026-08-08T06:00:00+00:00|short,INJ/USDT:USDT,2026-08-08 06:00:00+00:00,short,0.15,jev-1.13.0,False,119.47968513914797,1,all_24h,0.0
late,LIT/USDT:USDT|2026-08-08T12:00:00+00:00|long,LIT/USDT:USDT,2026-08-08 12:00:00+00:00,long,0.31,jev-1.13.0,False,-74.92984090288614,0,initial_stop,0.0
late,AUCTION/USDT:USDT|2026-08-08T14:00:00+00:00|short,AUCTION/USDT:USDT,2026-08-08 14:00:00+00:00,short,0.16,jev-1.13.0,False,-75.05522178115423,0,initial_stop,0.0
late,ZEC/USDT:USDT|2026-08-08T17:45:00+00:00|long,ZEC/USDT:USDT,2026-08-08 17:45:00+00:00,long,0.14,jev-1.13.0,False,-74.93622829090782,0,initial_stop,0.0
late,BASED/USDT:USDT|2026-08-08T23:45:00+00:00|short,BASED/USDT:USDT,2026-08-08 23:45:00+00:00,short,0.28,jev-1.13.0,False,180.06992278293342,1,fixed_3r,0.0
