candidate,compression_atr,breakout_atr,pullback_atr,pullback_wait_15m,stop_buffer_atr,compressed_zone_max_age_1h,strict_market_consensus,passed,score,profit_factor,max_drawdown,trades,worst_window_pf,stress_pf,failed_gates,events
18,0.4,0.1,0.1,12,0.1,6,True,False,5.0052813198310355,9.132440655228272,0.012410839867681,2,9.132440655228272,0.0,"trades,stress_pf",22
22,0.4,0.2,0.1,12,0.1,6,True,False,5.0052813198310355,9.132440655228272,0.012410839867681,2,9.132440655228272,0.0,"trades,stress_pf",20
20,0.4,0.1,0.3,8,0.1,6,False,False,2.9454422868392003,1.3127939654937864,0.0180793177161048,2,1.3127939654937864,0.3259099917174395,"trades,stress_pf",37
24,0.4,0.2,0.3,8,0.1,6,False,False,2.9454422868392003,1.3127939654937864,0.0180793177161048,2,1.3127939654937864,0.3259099917174395,"trades,stress_pf",31
9,0.6,0.1,0.3,12,0.1,6,False,False,2.689379790079742,1.3127939654937864,0.0180793177161048,2,1.3127939654937864,0.0698474949579804,"trades,stress_pf",136
8,0.6,0.1,0.1,12,0.1,6,False,False,1.1507061565691996,0.5708203361202382,0.0193233205716216,3,0.5708203361202382,0.0,"profit_factor,trades,worst_window_pf,stress_pf",96
4,1.0,0.1,0.2,12,0.1,6,False,False,0.9729862997508716,0.3415831372080464,0.0565704202155921,20,0.3415831372080464,0.272857866199565,"profit_factor,trades,worst_window_pf,stress_pf",465
16,0.4,0.05,0.3,8,0.1,6,False,False,0.6544382842101895,0.2591469108481536,0.0155726518624408,2,0.2591469108481536,0.1371867666723657,"profit_factor,trades,worst_window_pf,stress_pf",39
28,0.4,0.3,0.3,8,0.1,6,False,False,0.5781847939893308,0.2258257671877769,0.015308751995923,2,0.2258257671877769,0.1270477640392249,"profit_factor,trades,worst_window_pf,stress_pf",26
31,0.6,0.05,0.3,8,0.1,6,True,False,0.4815950968620062,0.2180837218437634,0.0180425747712273,2,0.2180837218437634,0.0514098031505358,"profit_factor,trades,worst_window_pf,stress_pf",120
3,0.8,0.1,0.2,12,0.1,6,False,False,0.3791841641956331,0.1391981917160051,0.0523101598194141,11,0.1391981917160051,0.1012688318866286,"profit_factor,trades,worst_window_pf,stress_pf",274
13,0.4,0.05,0.1,4,0.1,6,False,False,0.004496723878237,0.0,0.0128031378440805,2,0.0,0.0,"profit_factor,trades,worst_window_pf,stress_pf",22
14,0.4,0.05,0.1,12,0.1,6,True,False,0.004496723878237,0.0,0.0128031378440805,2,0.0,0.0,"profit_factor,trades,worst_window_pf,stress_pf",23
15,0.4,0.05,0.2,8,0.1,6,True,False,0.004496723878237,0.0,0.0128031378440805,2,0.0,0.0,"profit_factor,trades,worst_window_pf,stress_pf",24
5,0.6,0.05,0.2,12,0.1,6,False,False,0.0021663335042137,0.0,0.0227728959838762,3,0.0,0.0,"profit_factor,trades,worst_window_pf,stress_pf",127
29,0.6,0.05,0.1,4,0.1,6,True,False,0.0021663335042137,0.0,0.0227728959838762,3,0.0,0.0,"profit_factor,trades,worst_window_pf,stress_pf",82
30,0.6,0.05,0.1,12,0.1,6,True,False,0.0021663335042137,0.0,0.0227728959838762,3,0.0,0.0,"profit_factor,trades,worst_window_pf,stress_pf",97
10,0.6,0.1,0.2,4,0.1,6,False,False,-0.0025617761303655,0.0,0.0163323878483818,2,0.0,0.0,"profit_factor,trades,worst_window_pf,stress_pf",101
6,0.6,0.2,0.2,12,0.1,6,False,False,-0.0029343116035654,0.0,0.0165186555849818,2,0.0,0.0,"profit_factor,trades,worst_window_pf,stress_pf",95
7,0.6,0.3,0.2,12,0.1,6,False,False,-0.0054735392458342,0.0,0.0177882694061161,2,0.0,0.0,"profit_factor,trades,worst_window_pf,stress_pf",76
17,0.4,0.1,0.1,4,0.1,6,False,False,-0.0061319436362261,0.0,0.0181174716013121,2,0.0,0.0,"profit_factor,trades,worst_window_pf,stress_pf",20
21,0.4,0.2,0.1,4,0.1,6,False,False,-0.0061319436362261,0.0,0.0181174716013121,2,0.0,0.0,"profit_factor,trades,worst_window_pf,stress_pf",20
32,0.6,0.1,0.1,4,0.1,6,True,False,-0.0074384680643218,0.0,0.0187707338153599,2,0.0,0.0,"profit_factor,trades,worst_window_pf,stress_pf",73
1,0.6,0.1,0.2,12,0.1,6,False,False,-0.0082366721652066,0.0,0.0191698358658024,2,0.0,0.0,"profit_factor,trades,worst_window_pf,stress_pf",115
11,0.6,0.1,0.2,8,0.1,6,False,False,-0.0082366721652066,0.0,0.0191698358658024,2,0.0,0.0,"profit_factor,trades,worst_window_pf,stress_pf",104
12,0.6,0.1,0.2,12,0.1,6,True,False,-0.0082366721652066,0.0,0.0191698358658024,2,0.0,0.0,"profit_factor,trades,worst_window_pf,stress_pf",105
2,0.4,0.1,0.2,12,0.1,6,False,False,-0.0085109120277456,0.0,0.0193069557970718,2,0.0,0.0,"profit_factor,trades,worst_window_pf,stress_pf",33
19,0.4,0.1,0.2,8,0.1,6,True,False,-0.0085109120277456,0.0,0.0193069557970718,2,0.0,0.0,"profit_factor,trades,worst_window_pf,stress_pf",23
23,0.4,0.2,0.2,12,0.1,6,False,False,-0.0085109120277456,0.0,0.0193069557970718,2,0.0,0.0,"profit_factor,trades,worst_window_pf,stress_pf",29
25,0.4,0.3,0.1,4,0.1,6,True,False,-0.0237995297450354,0.0,0.0118997648725177,1,0.0,0.0,"profit_factor,trades,worst_window_pf,stress_pf",12
26,0.4,0.3,0.1,12,0.1,6,True,False,-0.0237995297450354,0.0,0.0118997648725177,1,0.0,0.0,"profit_factor,trades,worst_window_pf,stress_pf",16
27,0.4,0.3,0.2,12,0.1,6,False,False,-0.0237995297450354,0.0,0.0118997648725177,1,0.0,0.0,"profit_factor,trades,worst_window_pf,stress_pf",25
