instrument,first_candle,last_candle,rows_15m,rows_1h,rows_4h,funding_events
AAVE-USDT-SWAP,2025-01-01T00:00:00+00:00,2026-08-10T12:00:00+00:00,56305,14076,3519,294
ACT-USDT-SWAP,2025-01-01T00:00:00+00:00,2026-08-10T12:00:00+00:00,56305,14076,3519,599
ADA-USDT-SWAP,2025-01-01T00:00:00+00:00,2026-08-10T12:00:00+00:00,56305,14076,3519,294
AIXBT-USDT-SWAP,2025-01-03T07:00:00+00:00,2026-08-10T12:00:00+00:00,56085,14021,3505,588
ALLO-USDT-SWAP,2025-11-11T16:45:00+00:00,2026-08-10T12:00:00+00:00,26094,6523,1630,588
ANIME-USDT-SWAP,2025-01-23T15:00:00+00:00,2026-08-10T12:00:00+00:00,54133,13533,3383,588
API3-USDT-SWAP,2025-01-01T00:00:00+00:00,2026-08-10T12:00:00+00:00,56305,14076,3519,588
ARB-USDT-SWAP,2025-01-01T00:00:00+00:00,2026-08-10T12:00:00+00:00,56305,14076,3519,294
ASTER-USDT-SWAP,2025-09-22T05:00:00+00:00,2026-08-10T12:00:00+00:00,30941,7735,1933,588
AUCTION-USDT-SWAP,2025-01-01T00:00:00+00:00,2026-08-10T12:00:00+00:00,56305,14076,3519,588
AVAX-USDT-SWAP,2025-01-01T00:00:00+00:00,2026-08-10T12:00:00+00:00,56305,14076,3519,294
AXS-USDT-SWAP,2025-01-01T00:00:00+00:00,2026-08-10T12:00:00+00:00,56305,14076,3519,588
BARD-USDT-SWAP,2025-09-18T12:00:00+00:00,2026-08-10T12:00:00+00:00,31297,7824,1956,598
BASED-USDT-SWAP,2026-03-30T10:30:00+00:00,2026-08-10T12:15:00+00:00,12776,3193,798,588
BCH-USDT-SWAP,2025-01-01T00:00:00+00:00,2026-08-10T12:00:00+00:00,56305,14076,3519,294
BEAT-USDT-SWAP,2025-11-12T16:15:00+00:00,2026-08-10T12:00:00+00:00,26000,6499,1624,588
BERA-USDT-SWAP,2025-02-06T14:00:00+00:00,2026-08-10T12:00:00+00:00,52793,13198,3299,588
BIO-USDT-SWAP,2025-01-03T10:45:00+00:00,2026-08-10T12:15:00+00:00,56071,14017,3504,588
BLEND-USDT-SWAP,2026-04-29T10:00:00+00:00,2026-08-10T12:15:00+00:00,9898,2474,618,588
BNB-USDT-SWAP,2025-01-01T00:00:00+00:00,2026-08-10T12:15:00+00:00,56306,14076,3519,294
BONK-USDT-SWAP,2025-01-01T00:00:00+00:00,2026-08-10T12:15:00+00:00,56306,14076,3519,294
BSB-USDT-SWAP,2026-04-02T10:00:00+00:00,2026-08-10T12:15:00+00:00,12490,3122,780,588
BTC-USDT-SWAP,2025-01-01T00:00:00+00:00,2026-08-10T12:15:00+00:00,56306,14076,3519,294
CFX-USDT-SWAP,2025-01-01T00:00:00+00:00,2026-08-10T12:15:00+00:00,56306,14076,3519,294
CL-USDT-SWAP,2026-03-04T12:15:00+00:00,2026-08-10T12:15:00+00:00,15265,3815,953,588
CRV-USDT-SWAP,2025-01-01T00:00:00+00:00,2026-08-10T12:15:00+00:00,56306,14076,3519,294
DASH-USDT-SWAP,2025-11-06T03:00:00+00:00,2026-08-10T12:15:00+00:00,26630,6657,1664,588
DOGE-USDT-SWAP,2025-01-01T00:00:00+00:00,2026-08-10T12:15:00+00:00,56306,14076,3519,294
DOT-USDT-SWAP,2025-01-01T00:00:00+00:00,2026-08-10T12:15:00+00:00,56306,14076,3519,294
EIGEN-USDT-SWAP,2025-01-01T00:00:00+00:00,2026-08-10T12:15:00+00:00,56306,14076,3519,588
ENJ-USDT-SWAP,2025-01-01T00:00:00+00:00,2026-08-10T12:15:00+00:00,56306,14076,3519,588
ENSO-USDT-SWAP,2025-10-29T10:00:00+00:00,2026-08-10T12:15:00+00:00,27370,6842,1710,588
ETH-USDT-SWAP,2025-01-01T00:00:00+00:00,2026-08-10T12:15:00+00:00,56306,14076,3519,294
ETHFI-USDT-SWAP,2025-01-01T00:00:00+00:00,2026-08-10T12:15:00+00:00,56306,14076,3519,588
FARTCOIN-USDT-SWAP,2025-01-01T00:00:00+00:00,2026-08-10T12:15:00+00:00,56306,14076,3519,588
FIL-USDT-SWAP,2025-01-01T00:00:00+00:00,2026-08-10T12:15:00+00:00,56306,14076,3519,294
H-USDT-SWAP,2025-07-03T06:00:00+00:00,2026-08-10T12:15:00+00:00,38714,9678,2419,719
HBAR-USDT-SWAP,2025-01-01T00:00:00+00:00,2026-08-10T12:15:00+00:00,56306,14076,3519,294
HYPE-USDT-SWAP,2025-02-21T07:00:00+00:00,2026-08-10T12:15:00+00:00,51382,12845,3211,294
ICP-USDT-SWAP,2025-01-01T00:00:00+00:00,2026-08-10T12:15:00+00:00,56306,14076,3519,294
INJ-USDT-SWAP,2025-01-01T00:00:00+00:00,2026-08-10T12:15:00+00:00,56306,14076,3519,294
JELLYJELLY-USDT-SWAP,2025-03-26T15:45:00+00:00,2026-08-10T12:15:00+00:00,48179,12044,3011,588
JTO-USDT-SWAP,2025-01-01T00:00:00+00:00,2026-08-10T12:15:00+00:00,56306,14076,3519,588
JUP-USDT-SWAP,2025-01-01T00:00:00+00:00,2026-08-10T12:15:00+00:00,56306,14076,3519,588
KAITO-USDT-SWAP,2025-02-20T14:00:00+00:00,2026-08-10T12:30:00+00:00,51451,12862,3215,598
LAB-USDT-SWAP,2025-11-01T12:00:00+00:00,2026-08-10T12:30:00+00:00,27075,6768,1692,825
LAYER-USDT-SWAP,2025-02-11T14:30:00+00:00,2026-08-10T12:30:00+00:00,52313,13077,3269,602
LDO-USDT-SWAP,2025-01-01T00:00:00+00:00,2026-08-10T12:30:00+00:00,56307,14076,3519,294
LINK-USDT-SWAP,2025-01-01T00:00:00+00:00,2026-08-10T12:30:00+00:00,56307,14076,3519,294
LIT-USDT-SWAP,2025-12-24T03:30:00+00:00,2026-08-10T12:30:00+00:00,22021,5504,1376,588
LPT-USDT-SWAP,2025-01-01T00:00:00+00:00,2026-08-10T12:30:00+00:00,56307,14076,3519,588
LTC-USDT-SWAP,2025-01-01T00:00:00+00:00,2026-08-10T12:30:00+00:00,56307,14076,3519,294
LUNA-USDT-SWAP,2025-01-01T00:00:00+00:00,2026-08-10T12:30:00+00:00,56307,14076,3519,588
MAGIC-USDT-SWAP,2025-01-01T00:00:00+00:00,2026-08-10T12:30:00+00:00,56307,14076,3519,588
MASK-USDT-SWAP,2025-01-01T00:00:00+00:00,2026-08-10T12:30:00+00:00,56307,14076,3519,294
MERL-USDT-SWAP,2025-01-01T00:00:00+00:00,2026-08-10T12:30:00+00:00,56307,14076,3519,588
MON-USDT-SWAP,2025-10-10T08:00:00+00:00,2026-08-10T12:30:00+00:00,29203,7300,1825,588
MOODENG-USDT-SWAP,2025-01-01T00:00:00+00:00,2026-08-10T12:30:00+00:00,56307,14076,3519,588
MOVE-USDT-SWAP,2025-01-01T00:00:00+00:00,2026-08-10T12:30:00+00:00,56307,14076,3519,597
MU-USDT-SWAP,2026-03-04T07:15:00+00:00,2026-08-10T12:30:00+00:00,15286,3820,955,294
NEAR-USDT-SWAP,2025-01-01T00:00:00+00:00,2026-08-10T12:30:00+00:00,56307,14076,3519,294
NEIRO-USDT-SWAP,2025-01-01T00:00:00+00:00,2026-08-10T12:30:00+00:00,56307,14076,3519,588
NMR-USDT-SWAP,2025-01-01T00:00:00+00:00,2026-08-10T12:30:00+00:00,56307,14076,3519,588
ONDO-USDT-SWAP,2025-01-01T00:00:00+00:00,2026-08-10T12:30:00+00:00,56307,14076,3519,588
ONT-USDT-SWAP,2025-01-01T00:00:00+00:00,2026-08-10T12:30:00+00:00,56307,14076,3519,588
OP-USDT-SWAP,2025-01-01T00:00:00+00:00,2026-08-10T12:30:00+00:00,56307,14076,3519,294
ORDI-USDT-SWAP,2025-01-01T00:00:00+00:00,2026-08-10T12:30:00+00:00,56307,14076,3519,588
PARTI-USDT-SWAP,2025-03-25T13:30:00+00:00,2026-08-10T12:30:00+00:00,48285,12070,3017,594
PENGU-USDT-SWAP,2025-01-01T00:00:00+00:00,2026-08-10T12:30:00+00:00,56307,14076,3519,588
PEOPLE-USDT-SWAP,2025-01-01T00:00:00+00:00,2026-08-10T12:30:00+00:00,56307,14076,3519,294
PEPE-USDT-SWAP,2025-01-01T00:00:00+00:00,2026-08-10T12:30:00+00:00,56307,14076,3519,294
PI-USDT-SWAP,2025-02-20T09:00:00+00:00,2026-08-10T12:30:00+00:00,51471,12867,3216,588
PIEVERSE-USDT-SWAP,2025-11-16T03:30:00+00:00,2026-08-10T12:30:00+00:00,25669,6416,1604,588
PIPPIN-USDT-SWAP,2025-12-02T15:00:00+00:00,2026-08-10T12:30:00+00:00,24087,6021,1505,588
PNUT-USDT-SWAP,2025-01-01T00:00:00+00:00,2026-08-10T12:30:00+00:00,56307,14076,3519,588
POPCAT-USDT-SWAP,2025-01-01T00:00:00+00:00,2026-08-10T12:30:00+00:00,56307,14076,3519,588
PUMP-USDT-SWAP,2025-07-14T17:30:00+00:00,2026-08-10T12:30:00+00:00,37613,9402,2350,588
RAVE-USDT-SWAP,2025-12-15T08:00:00+00:00,2026-08-10T12:30:00+00:00,22867,5716,1429,588
RESOLV-USDT-SWAP,2025-06-10T14:30:00+00:00,2026-08-10T12:30:00+00:00,40889,10221,2555,588
RIVER-USDT-SWAP,2026-01-09T07:00:00+00:00,2026-08-10T12:30:00+00:00,20471,5117,1279,588
RVN-USDT-SWAP,2025-01-01T00:00:00+00:00,2026-08-10T12:30:00+00:00,56307,14076,3519,294
S-USDT-SWAP,2025-01-21T09:00:00+00:00,2026-08-10T12:30:00+00:00,54351,13587,3396,588
SAHARA-USDT-SWAP,2025-06-26T12:30:00+00:00,2026-08-10T12:30:00+00:00,39361,9839,2459,588
SATS-USDT-SWAP,2025-01-01T00:00:00+00:00,2026-08-10T12:30:00+00:00,56307,14076,3519,294
SENT-USDT-SWAP,2025-11-14T15:00:00+00:00,2026-08-10T12:30:00+00:00,25815,6453,1613,588
SKHYNIX-USDT-SWAP,2026-06-10T05:45:00+00:00,2026-08-10T12:30:00+00:00,5884,1470,367,188
SLX-USDT-SWAP,2026-06-01T05:30:00+00:00,2026-08-10T12:30:00+00:00,6749,1686,421,493
SNDK-USDT-SWAP,2026-03-04T07:30:00+00:00,2026-08-10T12:30:00+00:00,15285,3820,955,294
SNX-USDT-SWAP,2025-01-01T00:00:00+00:00,2026-08-10T12:30:00+00:00,56307,14076,3519,294
SOL-USDT-SWAP,2025-01-01T00:00:00+00:00,2026-08-10T12:30:00+00:00,56307,14076,3519,294
SOON-USDT-SWAP,2025-05-23T11:30:00+00:00,2026-08-10T12:30:00+00:00,42629,10656,2664,588
SOXL-USDT-SWAP,2026-05-19T09:00:00+00:00,2026-08-10T12:30:00+00:00,7983,1995,498,249
SPCX-USDT-SWAP,2026-05-07T09:00:00+00:00,2026-08-10T12:30:00+00:00,9135,2283,570,285
SPK-USDT-SWAP,2025-06-17T10:30:00+00:00,2026-08-10T12:30:00+00:00,40233,10057,2514,588
STABLE-USDT-SWAP,2025-12-08T13:30:00+00:00,2026-08-10T12:30:00+00:00,23517,5878,1469,588
STRK-USDT-SWAP,2025-01-01T00:00:00+00:00,2026-08-10T12:30:00+00:00,56307,14076,3519,588
SUI-USDT-SWAP,2025-01-01T00:00:00+00:00,2026-08-10T12:30:00+00:00,56307,14076,3519,294
TAO-USDT-SWAP,2025-01-01T00:00:00+00:00,2026-08-10T12:30:00+00:00,56307,14076,3519,294
TRB-USDT-SWAP,2025-01-01T00:00:00+00:00,2026-08-10T12:30:00+00:00,56307,14076,3519,588
TRIA-USDT-SWAP,2026-02-05T07:30:00+00:00,2026-08-10T12:30:00+00:00,17877,4468,1117,588
TRUMP-USDT-SWAP,2025-01-19T05:30:00+00:00,2026-08-10T12:30:00+00:00,54557,13638,3409,588
TURBO-USDT-SWAP,2025-01-01T00:00:00+00:00,2026-08-10T12:30:00+00:00,56307,14076,3519,588
UB-USDT-SWAP,2026-04-28T13:30:00+00:00,2026-08-10T12:30:00+00:00,9981,2494,623,588
UNI-USDT-SWAP,2025-01-01T00:00:00+00:00,2026-08-10T12:30:00+00:00,56307,14076,3519,294
USELESS-USDT-SWAP,2025-07-25T10:00:00+00:00,2026-08-10T12:30:00+00:00,36587,9146,2286,588
VIRTUAL-USDT-SWAP,2025-01-01T00:00:00+00:00,2026-08-10T12:30:00+00:00,56307,14076,3519,588
WCT-USDT-SWAP,2025-04-15T11:30:00+00:00,2026-08-10T12:30:00+00:00,46277,11568,2892,588
WIF-USDT-SWAP,2025-01-01T00:00:00+00:00,2026-08-10T12:30:00+00:00,56307,14076,3519,588
WLD-USDT-SWAP,2025-01-01T00:00:00+00:00,2026-08-10T12:30:00+00:00,56307,14076,3519,294
WLFI-USDT-SWAP,2025-08-23T13:00:00+00:00,2026-08-10T12:30:00+00:00,33791,8447,2111,588
XAG-USDT-SWAP,2026-01-28T12:00:00+00:00,2026-08-10T12:30:00+00:00,18627,4656,1164,294
XAU-USDT-SWAP,2025-04-09T10:00:00+00:00,2026-08-10T12:30:00+00:00,46859,11714,2928,294
XLM-USDT-SWAP,2025-01-01T00:00:00+00:00,2026-08-10T12:30:00+00:00,56307,14076,3519,294
XPL-USDT-SWAP,2025-08-28T11:00:00+00:00,2026-08-10T12:30:00+00:00,33319,8329,2082,588
XRP-USDT-SWAP,2025-01-01T00:00:00+00:00,2026-08-10T12:30:00+00:00,56307,14076,3519,294
ZAMA-USDT-SWAP,2026-01-09T14:30:00+00:00,2026-08-10T12:30:00+00:00,20441,5109,1277,588
ZEC-USDT-SWAP,2025-11-06T03:15:00+00:00,2026-08-10T12:30:00+00:00,26630,6656,1664,294
ZRO-USDT-SWAP,2025-01-01T00:00:00+00:00,2026-08-10T12:30:00+00:00,56307,14076,3519,588
