inst,n15,n1h,n4h,nfund,ratio,start15,end15,start_fund,end_fund
AAVE-USDT-SWAP,56305,14076,3519,294,4.0,2025-01-01 00:00:00+00:00,2026-08-10 12:00:00+00:00,2026-05-04 16:00:00+00:00,2026-08-10 08:00:00+00:00
ACT-USDT-SWAP,56305,14076,3519,599,4.0,2025-01-01 00:00:00+00:00,2026-08-10 12:00:00+00:00,2026-05-04 16:00:00+00:00,2026-08-10 12:00:00+00:00
ADA-USDT-SWAP,56305,14076,3519,294,4.0,2025-01-01 00:00:00+00:00,2026-08-10 12:00:00+00:00,2026-05-04 16:00:00+00:00,2026-08-10 08:00:00+00:00
AIXBT-USDT-SWAP,56085,14021,3505,588,4.0,2025-01-03 07:00:00+00:00,2026-08-10 12:00:00+00:00,2026-05-04 16:00:00+00:00,2026-08-10 12:00:00+00:00
ALLO-USDT-SWAP,26094,6523,1630,588,4.0,2025-11-11 16:45:00+00:00,2026-08-10 12:00:00+00:00,2026-05-04 16:00:00+00:00,2026-08-10 12:00:00+00:00
ANIME-USDT-SWAP,54133,13533,3383,588,4.0,2025-01-23 15:00:00+00:00,2026-08-10 12:00:00+00:00,2026-05-04 16:00:00+00:00,2026-08-10 12:00:00+00:00
API3-USDT-SWAP,56305,14076,3519,588,4.0,2025-01-01 00:00:00+00:00,2026-08-10 12:00:00+00:00,2026-05-04 16:00:00+00:00,2026-08-10 12:00:00+00:00
ARB-USDT-SWAP,56305,14076,3519,294,4.0,2025-01-01 00:00:00+00:00,2026-08-10 12:00:00+00:00,2026-05-04 16:00:00+00:00,2026-08-10 08:00:00+00:00
ASTER-USDT-SWAP,30941,7735,1933,588,4.0,2025-09-22 05:00:00+00:00,2026-08-10 12:00:00+00:00,2026-05-04 16:00:00+00:00,2026-08-10 12:00:00+00:00
AUCTION-USDT-SWAP,56305,14076,3519,588,4.0,2025-01-01 00:00:00+00:00,2026-08-10 12:00:00+00:00,2026-05-04 16:00:00+00:00,2026-08-10 12:00:00+00:00
AVAX-USDT-SWAP,56305,14076,3519,294,4.0,2025-01-01 00:00:00+00:00,2026-08-10 12:00:00+00:00,2026-05-04 16:00:00+00:00,2026-08-10 08:00:00+00:00
AXS-USDT-SWAP,56305,14076,3519,588,4.0,2025-01-01 00:00:00+00:00,2026-08-10 12:00:00+00:00,2026-05-04 16:00:00+00:00,2026-08-10 12:00:00+00:00
BARD-USDT-SWAP,31297,7824,1956,598,4.0,2025-09-18 12:00:00+00:00,2026-08-10 12:00:00+00:00,2026-05-04 16:00:00+00:00,2026-08-10 12:00:00+00:00
BASED-USDT-SWAP,12776,3193,798,588,4.001,2026-03-30 10:30:00+00:00,2026-08-10 12:15:00+00:00,2026-05-04 16:00:00+00:00,2026-08-10 12:00:00+00:00
BCH-USDT-SWAP,56305,14076,3519,294,4.0,2025-01-01 00:00:00+00:00,2026-08-10 12:00:00+00:00,2026-05-04 16:00:00+00:00,2026-08-10 08:00:00+00:00
BEAT-USDT-SWAP,26000,6499,1624,588,4.001,2025-11-12 16:15:00+00:00,2026-08-10 12:00:00+00:00,2026-05-04 16:00:00+00:00,2026-08-10 12:00:00+00:00
BERA-USDT-SWAP,52793,13198,3299,588,4.0,2025-02-06 14:00:00+00:00,2026-08-10 12:00:00+00:00,2026-05-04 16:00:00+00:00,2026-08-10 12:00:00+00:00
BIO-USDT-SWAP,56071,14017,3504,588,4.0,2025-01-03 10:45:00+00:00,2026-08-10 12:15:00+00:00,2026-05-04 16:00:00+00:00,2026-08-10 12:00:00+00:00
BLEND-USDT-SWAP,9898,2474,618,588,4.001,2026-04-29 10:00:00+00:00,2026-08-10 12:15:00+00:00,2026-05-04 16:00:00+00:00,2026-08-10 12:00:00+00:00
BNB-USDT-SWAP,56306,14076,3519,294,4.0,2025-01-01 00:00:00+00:00,2026-08-10 12:15:00+00:00,2026-05-04 16:00:00+00:00,2026-08-10 08:00:00+00:00
BONK-USDT-SWAP,56306,14076,3519,294,4.0,2025-01-01 00:00:00+00:00,2026-08-10 12:15:00+00:00,2026-05-04 16:00:00+00:00,2026-08-10 08:00:00+00:00
BSB-USDT-SWAP,12490,3122,780,588,4.001,2026-04-02 10:00:00+00:00,2026-08-10 12:15:00+00:00,2026-05-04 16:00:00+00:00,2026-08-10 12:00:00+00:00
BTC-USDT-SWAP,56306,14076,3519,294,4.0,2025-01-01 00:00:00+00:00,2026-08-10 12:15:00+00:00,2026-05-04 16:00:00+00:00,2026-08-10 08:00:00+00:00
CFX-USDT-SWAP,56306,14076,3519,294,4.0,2025-01-01 00:00:00+00:00,2026-08-10 12:15:00+00:00,2026-05-04 16:00:00+00:00,2026-08-10 08:00:00+00:00
CL-USDT-SWAP,15265,3815,953,588,4.001,2026-03-04 12:15:00+00:00,2026-08-10 12:15:00+00:00,2026-05-04 16:00:00+00:00,2026-08-10 12:00:00+00:00
CRV-USDT-SWAP,56306,14076,3519,294,4.0,2025-01-01 00:00:00+00:00,2026-08-10 12:15:00+00:00,2026-05-04 16:00:00+00:00,2026-08-10 08:00:00+00:00
DASH-USDT-SWAP,26630,6657,1664,588,4.0,2025-11-06 03:00:00+00:00,2026-08-10 12:15:00+00:00,2026-05-04 16:00:00+00:00,2026-08-10 12:00:00+00:00
DOGE-USDT-SWAP,56306,14076,3519,294,4.0,2025-01-01 00:00:00+00:00,2026-08-10 12:15:00+00:00,2026-05-04 16:00:00+00:00,2026-08-10 08:00:00+00:00
DOT-USDT-SWAP,56306,14076,3519,294,4.0,2025-01-01 00:00:00+00:00,2026-08-10 12:15:00+00:00,2026-05-04 16:00:00+00:00,2026-08-10 08:00:00+00:00
EIGEN-USDT-SWAP,56306,14076,3519,588,4.0,2025-01-01 00:00:00+00:00,2026-08-10 12:15:00+00:00,2026-05-04 16:00:00+00:00,2026-08-10 12:00:00+00:00
ENJ-USDT-SWAP,56306,14076,3519,588,4.0,2025-01-01 00:00:00+00:00,2026-08-10 12:15:00+00:00,2026-05-04 16:00:00+00:00,2026-08-10 12:00:00+00:00
ENSO-USDT-SWAP,27370,6842,1710,588,4.0,2025-10-29 10:00:00+00:00,2026-08-10 12:15:00+00:00,2026-05-04 16:00:00+00:00,2026-08-10 12:00:00+00:00
ETH-USDT-SWAP,56306,14076,3519,294,4.0,2025-01-01 00:00:00+00:00,2026-08-10 12:15:00+00:00,2026-05-04 16:00:00+00:00,2026-08-10 08:00:00+00:00
ETHFI-USDT-SWAP,56306,14076,3519,588,4.0,2025-01-01 00:00:00+00:00,2026-08-10 12:15:00+00:00,2026-05-04 16:00:00+00:00,2026-08-10 12:00:00+00:00
FARTCOIN-USDT-SWAP,56306,14076,3519,588,4.0,2025-01-01 00:00:00+00:00,2026-08-10 12:15:00+00:00,2026-05-04 16:00:00+00:00,2026-08-10 12:00:00+00:00
FIL-USDT-SWAP,56306,14076,3519,294,4.0,2025-01-01 00:00:00+00:00,2026-08-10 12:15:00+00:00,2026-05-04 16:00:00+00:00,2026-08-10 08:00:00+00:00
H-USDT-SWAP,38714,9678,2419,719,4.0,2025-07-03 06:00:00+00:00,2026-08-10 12:15:00+00:00,2026-05-04 16:00:00+00:00,2026-08-10 12:00:00+00:00
HBAR-USDT-SWAP,56306,14076,3519,294,4.0,2025-01-01 00:00:00+00:00,2026-08-10 12:15:00+00:00,2026-05-04 16:00:00+00:00,2026-08-10 08:00:00+00:00
HYPE-USDT-SWAP,51382,12845,3211,294,4.0,2025-02-21 07:00:00+00:00,2026-08-10 12:15:00+00:00,2026-05-04 16:00:00+00:00,2026-08-10 08:00:00+00:00
ICP-USDT-SWAP,56306,14076,3519,294,4.0,2025-01-01 00:00:00+00:00,2026-08-10 12:15:00+00:00,2026-05-04 16:00:00+00:00,2026-08-10 08:00:00+00:00
INJ-USDT-SWAP,56306,14076,3519,294,4.0,2025-01-01 00:00:00+00:00,2026-08-10 12:15:00+00:00,2026-05-04 16:00:00+00:00,2026-08-10 08:00:00+00:00
JELLYJELLY-USDT-SWAP,48179,12044,3011,588,4.0,2025-03-26 15:45:00+00:00,2026-08-10 12:15:00+00:00,2026-05-04 16:00:00+00:00,2026-08-10 12:00:00+00:00
JTO-USDT-SWAP,56306,14076,3519,588,4.0,2025-01-01 00:00:00+00:00,2026-08-10 12:15:00+00:00,2026-05-04 16:00:00+00:00,2026-08-10 12:00:00+00:00
JUP-USDT-SWAP,56306,14076,3519,588,4.0,2025-01-01 00:00:00+00:00,2026-08-10 12:15:00+00:00,2026-05-04 16:00:00+00:00,2026-08-10 12:00:00+00:00
KAITO-USDT-SWAP,51451,12862,3215,598,4.0,2025-02-20 14:00:00+00:00,2026-08-10 12:30:00+00:00,2026-05-04 16:00:00+00:00,2026-08-10 12:00:00+00:00
LAB-USDT-SWAP,27075,6768,1692,825,4.0,2025-11-01 12:00:00+00:00,2026-08-10 12:30:00+00:00,2026-05-04 16:00:00+00:00,2026-08-10 12:00:00+00:00
LAYER-USDT-SWAP,52313,13077,3269,602,4.0,2025-02-11 14:30:00+00:00,2026-08-10 12:30:00+00:00,2026-05-04 16:00:00+00:00,2026-08-10 12:00:00+00:00
LDO-USDT-SWAP,56307,14076,3519,294,4.0,2025-01-01 00:00:00+00:00,2026-08-10 12:30:00+00:00,2026-05-04 16:00:00+00:00,2026-08-10 08:00:00+00:00
LINK-USDT-SWAP,56307,14076,3519,294,4.0,2025-01-01 00:00:00+00:00,2026-08-10 12:30:00+00:00,2026-05-04 16:00:00+00:00,2026-08-10 08:00:00+00:00
LIT-USDT-SWAP,22021,5504,1376,588,4.001,2025-12-24 03:30:00+00:00,2026-08-10 12:30:00+00:00,2026-05-04 16:00:00+00:00,2026-08-10 12:00:00+00:00
LPT-USDT-SWAP,56307,14076,3519,588,4.0,2025-01-01 00:00:00+00:00,2026-08-10 12:30:00+00:00,2026-05-04 16:00:00+00:00,2026-08-10 12:00:00+00:00
LTC-USDT-SWAP,56307,14076,3519,294,4.0,2025-01-01 00:00:00+00:00,2026-08-10 12:30:00+00:00,2026-05-04 16:00:00+00:00,2026-08-10 08:00:00+00:00
LUNA-USDT-SWAP,56307,14076,3519,588,4.0,2025-01-01 00:00:00+00:00,2026-08-10 12:30:00+00:00,2026-05-04 16:00:00+00:00,2026-08-10 12:00:00+00:00
MAGIC-USDT-SWAP,56307,14076,3519,588,4.0,2025-01-01 00:00:00+00:00,2026-08-10 12:30:00+00:00,2026-05-04 16:00:00+00:00,2026-08-10 12:00:00+00:00
MASK-USDT-SWAP,56307,14076,3519,294,4.0,2025-01-01 00:00:00+00:00,2026-08-10 12:30:00+00:00,2026-05-04 16:00:00+00:00,2026-08-10 08:00:00+00:00
MERL-USDT-SWAP,56307,14076,3519,588,4.0,2025-01-01 00:00:00+00:00,2026-08-10 12:30:00+00:00,2026-05-04 16:00:00+00:00,2026-08-10 12:00:00+00:00
MON-USDT-SWAP,29203,7300,1825,588,4.0,2025-10-10 08:00:00+00:00,2026-08-10 12:30:00+00:00,2026-05-04 16:00:00+00:00,2026-08-10 12:00:00+00:00
MOODENG-USDT-SWAP,56307,14076,3519,588,4.0,2025-01-01 00:00:00+00:00,2026-08-10 12:30:00+00:00,2026-05-04 16:00:00+00:00,2026-08-10 12:00:00+00:00
MOVE-USDT-SWAP,56307,14076,3519,597,4.0,2025-01-01 00:00:00+00:00,2026-08-10 12:30:00+00:00,2026-05-04 16:00:00+00:00,2026-08-10 12:00:00+00:00
MU-USDT-SWAP,15286,3820,955,294,4.002,2026-03-04 07:15:00+00:00,2026-08-10 12:30:00+00:00,2026-05-04 16:00:00+00:00,2026-08-10 08:00:00+00:00
NEAR-USDT-SWAP,56307,14076,3519,294,4.0,2025-01-01 00:00:00+00:00,2026-08-10 12:30:00+00:00,2026-05-04 16:00:00+00:00,2026-08-10 08:00:00+00:00
NEIRO-USDT-SWAP,56307,14076,3519,588,4.0,2025-01-01 00:00:00+00:00,2026-08-10 12:30:00+00:00,2026-05-04 16:00:00+00:00,2026-08-10 12:00:00+00:00
NMR-USDT-SWAP,56307,14076,3519,588,4.0,2025-01-01 00:00:00+00:00,2026-08-10 12:30:00+00:00,2026-05-04 16:00:00+00:00,2026-08-10 12:00:00+00:00
ONDO-USDT-SWAP,56307,14076,3519,588,4.0,2025-01-01 00:00:00+00:00,2026-08-10 12:30:00+00:00,2026-05-04 16:00:00+00:00,2026-08-10 12:00:00+00:00
ONT-USDT-SWAP,56307,14076,3519,588,4.0,2025-01-01 00:00:00+00:00,2026-08-10 12:30:00+00:00,2026-05-04 16:00:00+00:00,2026-08-10 12:00:00+00:00
OP-USDT-SWAP,56307,14076,3519,294,4.0,2025-01-01 00:00:00+00:00,2026-08-10 12:30:00+00:00,2026-05-04 16:00:00+00:00,2026-08-10 08:00:00+00:00
ORDI-USDT-SWAP,56307,14076,3519,588,4.0,2025-01-01 00:00:00+00:00,2026-08-10 12:30:00+00:00,2026-05-04 16:00:00+00:00,2026-08-10 12:00:00+00:00
PARTI-USDT-SWAP,48285,12070,3017,594,4.0,2025-03-25 13:30:00+00:00,2026-08-10 12:30:00+00:00,2026-05-04 16:00:00+00:00,2026-08-10 12:00:00+00:00
PENGU-USDT-SWAP,56307,14076,3519,588,4.0,2025-01-01 00:00:00+00:00,2026-08-10 12:30:00+00:00,2026-05-04 16:00:00+00:00,2026-08-10 12:00:00+00:00
PEOPLE-USDT-SWAP,56307,14076,3519,294,4.0,2025-01-01 00:00:00+00:00,2026-08-10 12:30:00+00:00,2026-05-04 16:00:00+00:00,2026-08-10 08:00:00+00:00
PEPE-USDT-SWAP,56307,14076,3519,294,4.0,2025-01-01 00:00:00+00:00,2026-08-10 12:30:00+00:00,2026-05-04 16:00:00+00:00,2026-08-10 08:00:00+00:00
PI-USDT-SWAP,51471,12867,3216,588,4.0,2025-02-20 09:00:00+00:00,2026-08-10 12:30:00+00:00,2026-05-04 16:00:00+00:00,2026-08-10 12:00:00+00:00
PIEVERSE-USDT-SWAP,25669,6416,1604,588,4.001,2025-11-16 03:30:00+00:00,2026-08-10 12:30:00+00:00,2026-05-04 16:00:00+00:00,2026-08-10 12:00:00+00:00
PIPPIN-USDT-SWAP,24087,6021,1505,588,4.0,2025-12-02 15:00:00+00:00,2026-08-10 12:30:00+00:00,2026-05-04 16:00:00+00:00,2026-08-10 12:00:00+00:00
PNUT-USDT-SWAP,56307,14076,3519,588,4.0,2025-01-01 00:00:00+00:00,2026-08-10 12:30:00+00:00,2026-05-04 16:00:00+00:00,2026-08-10 12:00:00+00:00
POPCAT-USDT-SWAP,56307,14076,3519,588,4.0,2025-01-01 00:00:00+00:00,2026-08-10 12:30:00+00:00,2026-05-04 16:00:00+00:00,2026-08-10 12:00:00+00:00
PUMP-USDT-SWAP,37613,9402,2350,588,4.001,2025-07-14 17:30:00+00:00,2026-08-10 12:30:00+00:00,2026-05-04 16:00:00+00:00,2026-08-10 12:00:00+00:00
RAVE-USDT-SWAP,22867,5716,1429,588,4.001,2025-12-15 08:00:00+00:00,2026-08-10 12:30:00+00:00,2026-05-04 16:00:00+00:00,2026-08-10 12:00:00+00:00
RESOLV-USDT-SWAP,40889,10221,2555,588,4.0,2025-06-10 14:30:00+00:00,2026-08-10 12:30:00+00:00,2026-05-04 16:00:00+00:00,2026-08-10 12:00:00+00:00
RIVER-USDT-SWAP,20471,5117,1279,588,4.001,2026-01-09 07:00:00+00:00,2026-08-10 12:30:00+00:00,2026-05-04 16:00:00+00:00,2026-08-10 12:00:00+00:00
RVN-USDT-SWAP,56307,14076,3519,294,4.0,2025-01-01 00:00:00+00:00,2026-08-10 12:30:00+00:00,2026-05-04 16:00:00+00:00,2026-08-10 08:00:00+00:00
S-USDT-SWAP,54351,13587,3396,588,4.0,2025-01-21 09:00:00+00:00,2026-08-10 12:30:00+00:00,2026-05-04 16:00:00+00:00,2026-08-10 12:00:00+00:00
SAHARA-USDT-SWAP,39361,9839,2459,588,4.001,2025-06-26 12:30:00+00:00,2026-08-10 12:30:00+00:00,2026-05-04 16:00:00+00:00,2026-08-10 12:00:00+00:00
SATS-USDT-SWAP,56307,14076,3519,294,4.0,2025-01-01 00:00:00+00:00,2026-08-10 12:30:00+00:00,2026-05-04 16:00:00+00:00,2026-08-10 08:00:00+00:00
SENT-USDT-SWAP,25815,6453,1613,588,4.0,2025-11-14 15:00:00+00:00,2026-08-10 12:30:00+00:00,2026-05-04 16:00:00+00:00,2026-08-10 12:00:00+00:00
SKHYNIX-USDT-SWAP,5884,1470,367,188,4.003,2026-06-10 05:45:00+00:00,2026-08-10 12:30:00+00:00,2026-06-10 08:00:00+00:00,2026-08-10 08:00:00+00:00
SLX-USDT-SWAP,6749,1686,421,493,4.003,2026-06-01 05:30:00+00:00,2026-08-10 12:30:00+00:00,2026-06-01 08:00:00+00:00,2026-08-10 12:00:00+00:00
SNDK-USDT-SWAP,15285,3820,955,294,4.001,2026-03-04 07:30:00+00:00,2026-08-10 12:30:00+00:00,2026-05-04 16:00:00+00:00,2026-08-10 08:00:00+00:00
SNX-USDT-SWAP,56307,14076,3519,294,4.0,2025-01-01 00:00:00+00:00,2026-08-10 12:30:00+00:00,2026-05-04 16:00:00+00:00,2026-08-10 08:00:00+00:00
SOL-USDT-SWAP,56307,14076,3519,294,4.0,2025-01-01 00:00:00+00:00,2026-08-10 12:30:00+00:00,2026-05-04 16:00:00+00:00,2026-08-10 08:00:00+00:00
SOON-USDT-SWAP,42629,10656,2664,588,4.0,2025-05-23 11:30:00+00:00,2026-08-10 12:30:00+00:00,2026-05-04 16:00:00+00:00,2026-08-10 12:00:00+00:00
SOXL-USDT-SWAP,7983,1995,498,249,4.002,2026-05-19 09:00:00+00:00,2026-08-10 12:30:00+00:00,2026-05-19 16:00:00+00:00,2026-08-10 08:00:00+00:00
SPCX-USDT-SWAP,9135,2283,570,285,4.001,2026-05-07 09:00:00+00:00,2026-08-10 12:30:00+00:00,2026-05-07 16:00:00+00:00,2026-08-10 08:00:00+00:00
SPK-USDT-SWAP,40233,10057,2514,588,4.0,2025-06-17 10:30:00+00:00,2026-08-10 12:30:00+00:00,2026-05-04 16:00:00+00:00,2026-08-10 12:00:00+00:00
STABLE-USDT-SWAP,23517,5878,1469,588,4.001,2025-12-08 13:30:00+00:00,2026-08-10 12:30:00+00:00,2026-05-04 16:00:00+00:00,2026-08-10 12:00:00+00:00
STRK-USDT-SWAP,56307,14076,3519,588,4.0,2025-01-01 00:00:00+00:00,2026-08-10 12:30:00+00:00,2026-05-04 16:00:00+00:00,2026-08-10 12:00:00+00:00
SUI-USDT-SWAP,56307,14076,3519,294,4.0,2025-01-01 00:00:00+00:00,2026-08-10 12:30:00+00:00,2026-05-04 16:00:00+00:00,2026-08-10 08:00:00+00:00
TAO-USDT-SWAP,56307,14076,3519,294,4.0,2025-01-01 00:00:00+00:00,2026-08-10 12:30:00+00:00,2026-05-04 16:00:00+00:00,2026-08-10 08:00:00+00:00
TRB-USDT-SWAP,56307,14076,3519,588,4.0,2025-01-01 00:00:00+00:00,2026-08-10 12:30:00+00:00,2026-05-04 16:00:00+00:00,2026-08-10 12:00:00+00:00
TRIA-USDT-SWAP,17877,4468,1117,588,4.001,2026-02-05 07:30:00+00:00,2026-08-10 12:30:00+00:00,2026-05-04 16:00:00+00:00,2026-08-10 12:00:00+00:00
TRUMP-USDT-SWAP,54557,13638,3409,588,4.0,2025-01-19 05:30:00+00:00,2026-08-10 12:30:00+00:00,2026-05-04 16:00:00+00:00,2026-08-10 12:00:00+00:00
TURBO-USDT-SWAP,56307,14076,3519,588,4.0,2025-01-01 00:00:00+00:00,2026-08-10 12:30:00+00:00,2026-05-04 16:00:00+00:00,2026-08-10 12:00:00+00:00
UB-USDT-SWAP,9981,2494,623,588,4.002,2026-04-28 13:30:00+00:00,2026-08-10 12:30:00+00:00,2026-05-04 16:00:00+00:00,2026-08-10 12:00:00+00:00
UNI-USDT-SWAP,56307,14076,3519,294,4.0,2025-01-01 00:00:00+00:00,2026-08-10 12:30:00+00:00,2026-05-04 16:00:00+00:00,2026-08-10 08:00:00+00:00
USELESS-USDT-SWAP,36587,9146,2286,588,4.0,2025-07-25 10:00:00+00:00,2026-08-10 12:30:00+00:00,2026-05-04 16:00:00+00:00,2026-08-10 12:00:00+00:00
VIRTUAL-USDT-SWAP,56307,14076,3519,588,4.0,2025-01-01 00:00:00+00:00,2026-08-10 12:30:00+00:00,2026-05-04 16:00:00+00:00,2026-08-10 12:00:00+00:00
WCT-USDT-SWAP,46277,11568,2892,588,4.0,2025-04-15 11:30:00+00:00,2026-08-10 12:30:00+00:00,2026-05-04 16:00:00+00:00,2026-08-10 12:00:00+00:00
WIF-USDT-SWAP,56307,14076,3519,588,4.0,2025-01-01 00:00:00+00:00,2026-08-10 12:30:00+00:00,2026-05-04 16:00:00+00:00,2026-08-10 12:00:00+00:00
WLD-USDT-SWAP,56307,14076,3519,294,4.0,2025-01-01 00:00:00+00:00,2026-08-10 12:30:00+00:00,2026-05-04 16:00:00+00:00,2026-08-10 08:00:00+00:00
WLFI-USDT-SWAP,33791,8447,2111,588,4.0,2025-08-23 13:00:00+00:00,2026-08-10 12:30:00+00:00,2026-05-04 16:00:00+00:00,2026-08-10 12:00:00+00:00
XAG-USDT-SWAP,18627,4656,1164,294,4.001,2026-01-28 12:00:00+00:00,2026-08-10 12:30:00+00:00,2026-05-04 16:00:00+00:00,2026-08-10 08:00:00+00:00
XAU-USDT-SWAP,46859,11714,2928,294,4.0,2025-04-09 10:00:00+00:00,2026-08-10 12:30:00+00:00,2026-05-04 16:00:00+00:00,2026-08-10 08:00:00+00:00
XLM-USDT-SWAP,56307,14076,3519,294,4.0,2025-01-01 00:00:00+00:00,2026-08-10 12:30:00+00:00,2026-05-04 16:00:00+00:00,2026-08-10 08:00:00+00:00
XPL-USDT-SWAP,33319,8329,2082,588,4.0,2025-08-28 11:00:00+00:00,2026-08-10 12:30:00+00:00,2026-05-04 16:00:00+00:00,2026-08-10 12:00:00+00:00
XRP-USDT-SWAP,56307,14076,3519,294,4.0,2025-01-01 00:00:00+00:00,2026-08-10 12:30:00+00:00,2026-05-04 16:00:00+00:00,2026-08-10 08:00:00+00:00
ZAMA-USDT-SWAP,20441,5109,1277,588,4.001,2026-01-09 14:30:00+00:00,2026-08-10 12:30:00+00:00,2026-05-04 16:00:00+00:00,2026-08-10 12:00:00+00:00
ZEC-USDT-SWAP,26630,6656,1664,294,4.001,2025-11-06 03:15:00+00:00,2026-08-10 12:30:00+00:00,2026-05-04 16:00:00+00:00,2026-08-10 08:00:00+00:00
ZRO-USDT-SWAP,56307,14076,3519,588,4.0,2025-01-01 00:00:00+00:00,2026-08-10 12:30:00+00:00,2026-05-04 16:00:00+00:00,2026-08-10 12:00:00+00:00
