exit_mode,time_mode,leverage,risk_profile,trade_risk,portfolio_risk,cap_multiple,trades,wins,losses,win_rate,average_win,average_loss,payoff_ratio,gross_profit,gross_loss,pf,drawdown,max_consecutive_losses,average_holding_hours,median_holding_hours,initial_equity,final_equity,return_pct,min_equity,max_equity,max_concurrent_positions,skipped_entries,fees,funding,imputed_funding
hybrid,default,3.0,conservative,0.005,0.015,,2,0,2,0.0,0.0,-0.2843558848796503,0.0,0,0.5687117697593006,0.0,0.008969933905447,2,6.0,6.0,100.0,99.4312882302407,-0.5687117697593003,99.24163261201566,100.13988072340396,1,0,0.0463484884494671,-0.0010711684801011,0.0
fixed3,default,3.0,default,0.0075,0.02,,2,0,2,0.0,0.0,-0.4263981382859549,0.0,0,0.8527962765719098,0.0,0.0134357244865899,2,6.0,6.0,100.0,99.14720372342808,-0.8527962765719099,98.86342953815596,100.20982108510592,1,0,0.0693891015806209,-0.0016189901292849,0.0
fixed5,default,3.0,default,0.0075,0.02,,2,0,2,0.0,0.0,-0.4263981382859549,0.0,0,0.8527962765719098,0.0,0.0134357244865899,2,6.0,6.0,100.0,99.14720372342808,-0.8527962765719099,98.86342953815596,100.20982108510592,1,0,0.0693891015806209,-0.0016189901292849,0.0
hybrid,default,10.0,default,0.0075,0.02,,2,0,2,0.0,0.0,-0.4263981382859549,0.0,0,0.8527962765719098,0.0,0.0134357244865899,2,6.0,6.0,100.0,99.14720372342808,-0.8527962765719099,98.86342953815596,100.20982108510592,1,0,0.0693891015806209,-0.0016189901292849,0.0
hybrid,default,3.0,default,0.0075,0.02,2.0,2,0,2,0.0,0.0,-0.4263981382859549,0.0,0,0.8527962765719098,0.0,0.0134357244865899,2,6.0,6.0,100.0,99.14720372342808,-0.8527962765719099,98.86342953815596,100.20982108510592,1,0,0.0693891015806209,-0.0016189901292849,0.0
hybrid,default,3.0,default,0.0075,0.02,,2,0,2,0.0,0.0,-0.4263981382859549,0.0,0,0.8527962765719098,0.0,0.0134357244865899,2,6.0,6.0,100.0,99.14720372342808,-0.8527962765719099,98.86342953815596,100.20982108510592,1,0,0.0693891015806209,-0.0016189901292849,0.0
hybrid,default,5.0,default,0.0075,0.02,,2,0,2,0.0,0.0,-0.4263981382859549,0.0,0,0.8527962765719098,0.0,0.0134357244865899,2,6.0,6.0,100.0,99.14720372342808,-0.8527962765719099,98.86342953815596,100.20982108510592,1,0,0.0693891015806209,-0.0016189901292849,0.0
fixed3,24h,3.0,default,0.0075,0.02,,2,0,2,0.0,0.0,-0.7464263725611138,0.0,0,1.4928527451222275,0.0,0.0169910874182891,2,6.375,6.375,100.0,98.50714725487778,-1.4928527451222195,98.50714725487778,100.20982108510592,1,0,0.0690689132521815,-0.0016189901292849,0.0
fixed3,none,3.0,default,0.0075,0.02,,2,0,2,0.0,0.0,-0.7464263725611138,0.0,0,1.4928527451222275,0.0,0.0169910874182891,2,6.375,6.375,100.0,98.50714725487778,-1.4928527451222195,98.50714725487778,100.20982108510592,1,0,0.0690689132521815,-0.0016189901292849,0.0
fixed5,24h,3.0,default,0.0075,0.02,,2,0,2,0.0,0.0,-0.7464263725611138,0.0,0,1.4928527451222275,0.0,0.0169910874182891,2,6.375,6.375,100.0,98.50714725487778,-1.4928527451222195,98.50714725487778,100.20982108510592,1,0,0.0690689132521815,-0.0016189901292849,0.0
fixed5,none,3.0,default,0.0075,0.02,,2,0,2,0.0,0.0,-0.7464263725611138,0.0,0,1.4928527451222275,0.0,0.0169910874182891,2,6.375,6.375,100.0,98.50714725487778,-1.4928527451222195,98.50714725487778,100.20982108510592,1,0,0.0690689132521815,-0.0016189901292849,0.0
hybrid,24h,3.0,default,0.0075,0.02,,2,0,2,0.0,0.0,-0.7464263725611138,0.0,0,1.4928527451222275,0.0,0.0169910874182891,2,6.375,6.375,100.0,98.50714725487778,-1.4928527451222195,98.50714725487778,100.20982108510592,1,0,0.0690689132521815,-0.0016189901292849,0.0
hybrid,none,3.0,default,0.0075,0.02,,2,0,2,0.0,0.0,-0.7464263725611138,0.0,0,1.4928527451222275,0.0,0.0169910874182891,2,6.375,6.375,100.0,98.50714725487778,-1.4928527451222195,98.50714725487778,100.20982108510592,1,0,0.0690689132521815,-0.0016189901292849,0.0
hybrid,default,3.0,aggressive,0.01,0.03,,2,0,2,0.0,0.0,-0.5683499323365792,0.0,0,1.1366998646731583,0.0,0.0178887664856302,2,6.0,6.0,100.0,98.86330013532684,-1.136699864673163,98.48588021105124,100.27976144680792,1,0,0.0923406273160546,-0.0021749700512243,0.0
