pair,selected_hours,first_selected,last_selected,median_rank
SOL/USDT:USDT,12996,2025-02-15 00:00:00+00:00,2026-08-10 11:00:00+00:00,11.0
DOGE/USDT:USDT,12928,2025-02-15 00:00:00+00:00,2026-08-10 10:00:00+00:00,12.0
XRP/USDT:USDT,12759,2025-02-15 00:00:00+00:00,2026-08-10 11:00:00+00:00,16.0
PEPE/USDT:USDT,12548,2025-02-15 00:00:00+00:00,2026-08-10 11:00:00+00:00,11.0
SUI/USDT:USDT,11210,2025-02-15 00:00:00+00:00,2026-06-29 16:00:00+00:00,15.0
ADA/USDT:USDT,10268,2025-02-15 07:00:00+00:00,2026-05-18 17:00:00+00:00,20.0
HYPE/USDT:USDT,9676,2025-06-03 22:00:00+00:00,2026-08-10 10:00:00+00:00,14.0
WLD/USDT:USDT,8481,2025-02-15 00:00:00+00:00,2026-08-10 11:00:00+00:00,18.0
LTC/USDT:USDT,6874,2025-02-15 00:00:00+00:00,2026-02-26 05:00:00+00:00,23.0
LINK/USDT:USDT,6662,2025-02-15 23:00:00+00:00,2026-04-08 22:00:00+00:00,22.0
AAVE/USDT:USDT,6125,2025-02-15 00:00:00+00:00,2026-01-03 16:00:00+00:00,20.0
FARTCOIN/USDT:USDT,6048,2025-02-15 02:00:00+00:00,2025-12-22 22:00:00+00:00,7.0
PUMP/USDT:USDT,5639,2025-08-28 17:00:00+00:00,2026-08-10 11:00:00+00:00,8.0
ZEC/USDT:USDT,5565,2025-12-21 03:00:00+00:00,2026-08-10 11:00:00+00:00,11.0
TRUMP/USDT:USDT,5260,2025-03-05 05:00:00+00:00,2026-05-24 00:00:00+00:00,18.0
WIF/USDT:USDT,5030,2025-02-15 00:00:00+00:00,2025-10-24 21:00:00+00:00,15.0
BEAT/USDT:USDT,4600,2025-12-27 21:00:00+00:00,2026-08-10 10:00:00+00:00,6.0
BNB/USDT:USDT,4595,2025-02-25 03:00:00+00:00,2026-04-15 14:00:00+00:00,24.0
CRV/USDT:USDT,4501,2025-02-16 14:00:00+00:00,2025-11-15 06:00:00+00:00,21.0
FIL/USDT:USDT,4500,2025-02-25 10:00:00+00:00,2026-06-29 14:00:00+00:00,23.0
XPL/USDT:USDT,4094,2025-10-12 11:00:00+00:00,2026-07-13 10:00:00+00:00,13.0
PNUT/USDT:USDT,3898,2025-02-15 00:00:00+00:00,2025-08-12 01:00:00+00:00,12.0
AVAX/USDT:USDT,3741,2025-03-14 03:00:00+00:00,2025-11-20 01:00:00+00:00,25.0
PENGU/USDT:USDT,3314,2025-02-15 18:00:00+00:00,2026-05-24 06:00:00+00:00,14.0
BCH/USDT:USDT,3115,2025-03-18 18:00:00+00:00,2026-03-25 00:00:00+00:00,22.0
UNI/USDT:USDT,2785,2025-05-21 04:00:00+00:00,2026-01-10 09:00:00+00:00,16.0
H/USDT:USDT,2279,2025-09-27 05:00:00+00:00,2026-07-13 12:00:00+00:00,9.0
PIPPIN/USDT:USDT,2229,2026-01-17 07:00:00+00:00,2026-05-03 01:00:00+00:00,5.0
LAB/USDT:USDT,2140,2026-04-24 07:00:00+00:00,2026-08-06 19:00:00+00:00,5.0
KAITO/USDT:USDT,2008,2025-04-08 03:00:00+00:00,2026-08-10 10:00:00+00:00,15.0
ASTER/USDT:USDT,1987,2025-11-06 05:00:00+00:00,2026-02-24 13:00:00+00:00,19.0
ETHFI/USDT:USDT,1905,2025-05-25 12:00:00+00:00,2025-10-15 05:00:00+00:00,24.0
MOODENG/USDT:USDT,1905,2025-05-19 04:00:00+00:00,2025-08-15 00:00:00+00:00,8.0
ORDI/USDT:USDT,1870,2025-02-15 05:00:00+00:00,2026-05-11 01:00:00+00:00,18.0
RIVER/USDT:USDT,1797,2026-02-23 07:00:00+00:00,2026-05-23 20:00:00+00:00,2.0
XAU/USDT:USDT,1774,2026-02-09 18:00:00+00:00,2026-08-10 11:00:00+00:00,24.0
WLFI/USDT:USDT,1739,2025-10-07 22:00:00+00:00,2026-03-14 18:00:00+00:00,17.0
PI/USDT:USDT,1655,2025-04-06 09:00:00+00:00,2025-07-22 20:00:00+00:00,18.0
OP/USDT:USDT,1617,2025-05-29 20:00:00+00:00,2025-08-25 06:00:00+00:00,26.0
AIXBT/USDT:USDT,1503,2025-02-17 07:00:00+00:00,2025-06-09 17:00:00+00:00,18.0
MU/USDT:USDT,1344,2026-06-04 02:00:00+00:00,2026-08-10 11:00:00+00:00,11.0
SNDK/USDT:USDT,1340,2026-05-29 22:00:00+00:00,2026-08-10 11:00:00+00:00,8.0
CL/USDT:USDT,1161,2026-04-21 17:00:00+00:00,2026-08-08 10:00:00+00:00,21.0
ALLO/USDT:USDT,1130,2026-06-13 18:00:00+00:00,2026-08-10 10:00:00+00:00,10.0
USELESS/USDT:USDT,1106,2025-09-10 07:00:00+00:00,2025-11-21 02:00:00+00:00,15.0
ONDO/USDT:USDT,1067,2025-02-16 07:00:00+00:00,2026-06-19 05:00:00+00:00,21.0
LAYER/USDT:USDT,1042,2025-03-29 01:00:00+00:00,2025-05-25 03:00:00+00:00,10.0
BSB/USDT:USDT,1040,2026-05-18 11:00:00+00:00,2026-07-17 10:00:00+00:00,11.0
TAO/USDT:USDT,1024,2025-10-29 03:00:00+00:00,2026-05-08 14:00:00+00:00,16.0
UB/USDT:USDT,1016,2026-06-21 04:00:00+00:00,2026-08-10 11:00:00+00:00,9.0
SPCX/USDT:USDT,872,2026-06-25 19:00:00+00:00,2026-08-10 11:00:00+00:00,16.0
BASED/USDT:USDT,852,2026-05-15 13:00:00+00:00,2026-07-26 16:00:00+00:00,10.0
BIO/USDT:USDT,819,2025-08-24 14:00:00+00:00,2026-05-19 04:00:00+00:00,8.0
MERL/USDT:USDT,808,2025-09-25 00:00:00+00:00,2026-02-18 11:00:00+00:00,12.0
BONK/USDT:USDT,807,2025-07-18 02:00:00+00:00,2025-09-03 07:00:00+00:00,15.0
NEAR/USDT:USDT,798,2026-05-30 07:00:00+00:00,2026-07-17 12:00:00+00:00,17.0
PEOPLE/USDT:USDT,768,2025-02-17 03:00:00+00:00,2025-06-14 00:00:00+00:00,25.0
LIT/USDT:USDT,717,2026-02-07 18:00:00+00:00,2026-07-22 18:00:00+00:00,16.0
TRIA/USDT:USDT,712,2026-03-22 11:00:00+00:00,2026-05-05 10:00:00+00:00,11.0
SOXL/USDT:USDT,656,2026-07-09 00:00:00+00:00,2026-08-10 11:00:00+00:00,3.0
RESOLV/USDT:USDT,648,2025-08-01 16:00:00+00:00,2026-04-03 19:00:00+00:00,18.0
VIRTUAL/USDT:USDT,645,2025-05-08 22:00:00+00:00,2025-11-28 01:00:00+00:00,24.0
AUCTION/USDT:USDT,574,2025-03-20 02:00:00+00:00,2025-04-17 07:00:00+00:00,8.0
SPK/USDT:USDT,571,2025-08-04 23:00:00+00:00,2025-09-11 16:00:00+00:00,12.0
ENSO/USDT:USDT,500,2026-02-07 16:00:00+00:00,2026-03-19 05:00:00+00:00,6.0
RAVE/USDT:USDT,491,2026-04-28 16:00:00+00:00,2026-06-02 16:00:00+00:00,6.0
ARB/USDT:USDT,460,2025-07-11 12:00:00+00:00,2025-09-22 14:00:00+00:00,24.0
AXS/USDT:USDT,440,2026-01-29 20:00:00+00:00,2026-02-22 19:00:00+00:00,11.0
CFX/USDT:USDT,433,2025-08-03 10:00:00+00:00,2025-09-03 00:00:00+00:00,16.0
POPCAT/USDT:USDT,418,2025-02-19 08:00:00+00:00,2025-05-22 07:00:00+00:00,25.0
SNX/USDT:USDT,398,2025-10-16 23:00:00+00:00,2025-11-05 10:00:00+00:00,12.0
ACT/USDT:USDT,386,2025-02-16 23:00:00+00:00,2026-01-16 18:00:00+00:00,14.0
EIGEN/USDT:USDT,383,2025-09-27 13:00:00+00:00,2025-10-27 03:00:00+00:00,17.0
LDO/USDT:USDT,368,2025-02-15 21:00:00+00:00,2025-09-06 00:00:00+00:00,22.0
SKHYNIX/USDT:USDT,352,2026-07-26 12:00:00+00:00,2026-08-10 11:00:00+00:00,9.0
XAG/USDT:USDT,342,2026-03-26 11:00:00+00:00,2026-05-29 10:00:00+00:00,24.0
WCT/USDT:USDT,330,2025-06-02 17:00:00+00:00,2025-06-30 15:00:00+00:00,18.0
MON/USDT:USDT,303,2025-12-09 04:00:00+00:00,2026-04-22 05:00:00+00:00,22.0
PIEVERSE/USDT:USDT,300,2026-01-03 07:00:00+00:00,2026-01-28 22:00:00+00:00,5.0
ANIME/USDT:USDT,264,2025-06-11 04:00:00+00:00,2025-06-29 15:00:00+00:00,13.0
NEIRO/USDT:USDT,256,2025-05-21 19:00:00+00:00,2025-06-11 18:00:00+00:00,20.0
BERA/USDT:USDT,254,2025-04-11 06:00:00+00:00,2026-02-20 13:00:00+00:00,9.0
JTO/USDT:USDT,229,2026-06-18 15:00:00+00:00,2026-07-01 20:00:00+00:00,18.0
ZRO/USDT:USDT,220,2025-04-01 08:00:00+00:00,2025-04-18 11:00:00+00:00,18.0
JUP/USDT:USDT,219,2025-02-18 06:00:00+00:00,2025-03-10 06:00:00+00:00,22.0
JELLYJELLY/USDT:USDT,218,2025-09-23 14:00:00+00:00,2026-01-08 07:00:00+00:00,11.0
XLM/USDT:USDT,203,2025-08-02 16:00:00+00:00,2026-06-21 16:00:00+00:00,20.0
SATS/USDT:USDT,182,2025-04-08 12:00:00+00:00,2025-04-28 04:00:00+00:00,22.0
ICP/USDT:USDT,179,2025-11-16 12:00:00+00:00,2025-11-26 17:00:00+00:00,16.0
STRK/USDT:USDT,178,2025-11-22 02:00:00+00:00,2025-12-01 18:00:00+00:00,7.0
TURBO/USDT:USDT,160,2025-05-06 19:00:00+00:00,2025-05-20 19:00:00+00:00,15.5
NMR/USDT:USDT,142,2025-09-11 18:00:00+00:00,2025-09-28 22:00:00+00:00,15.5
SENT/USDT:USDT,139,2026-02-08 09:00:00+00:00,2026-02-25 00:00:00+00:00,17.0
MASK/USDT:USDT,137,2025-06-07 14:00:00+00:00,2025-06-18 13:00:00+00:00,13.0
SAHARA/USDT:USDT,134,2026-03-20 02:00:00+00:00,2026-03-29 10:00:00+00:00,11.0
TRB/USDT:USDT,125,2025-06-09 08:00:00+00:00,2025-06-19 23:00:00+00:00,24.0
DASH/USDT:USDT,111,2026-01-28 05:00:00+00:00,2026-02-15 10:00:00+00:00,23.0
HBAR/USDT:USDT,103,2025-08-02 17:00:00+00:00,2025-08-08 01:00:00+00:00,24.0
ONT/USDT:USDT,100,2026-04-09 17:00:00+00:00,2026-04-19 05:00:00+00:00,12.5
API3/USDT:USDT,98,2025-04-01 23:00:00+00:00,2025-04-16 19:00:00+00:00,14.0
LUNA/USDT:USDT,93,2025-12-21 10:00:00+00:00,2026-01-01 18:00:00+00:00,6.0
S/USDT:USDT,93,2025-03-15 21:00:00+00:00,2025-03-26 00:00:00+00:00,24.0
MAGIC/USDT:USDT,90,2025-08-18 21:00:00+00:00,2025-08-31 09:00:00+00:00,20.0
SOON/USDT:USDT,84,2025-11-23 12:00:00+00:00,2025-12-10 07:00:00+00:00,20.0
SLX/USDT:USDT,78,2026-07-19 06:00:00+00:00,2026-07-26 12:00:00+00:00,18.0
BARD/USDT:USDT,70,2026-03-27 17:00:00+00:00,2026-03-31 14:00:00+00:00,23.0
INJ/USDT:USDT,70,2026-05-31 15:00:00+00:00,2026-06-05 23:00:00+00:00,23.0
STABLE/USDT:USDT,43,2026-02-27 04:00:00+00:00,2026-03-01 13:00:00+00:00,10.0
ENJ/USDT:USDT,41,2026-04-24 09:00:00+00:00,2026-04-26 11:00:00+00:00,13.0
LPT/USDT:USDT,37,2025-06-29 04:00:00+00:00,2025-06-30 16:00:00+00:00,6.0
RVN/USDT:USDT,34,2025-06-20 15:00:00+00:00,2025-06-22 00:00:00+00:00,22.0
MOVE/USDT:USDT,25,2025-05-11 11:00:00+00:00,2025-05-13 15:00:00+00:00,17.0
PARTI/USDT:USDT,13,2025-12-07 23:00:00+00:00,2025-12-08 11:00:00+00:00,24.0
ZAMA/USDT:USDT,5,2026-02-27 09:00:00+00:00,2026-02-27 13:00:00+00:00,24.0
DOT/USDT:USDT,3,2025-03-16 11:00:00+00:00,2025-03-16 13:00:00+00:00,29.0
