direction,stop_multiplier,exit_mode,time_mode,trades,wins,losses,win_rate,average_win,average_loss,payoff_ratio,gross_profit,gross_loss,pf,drawdown,max_consecutive_losses,average_holding_hours,median_holding_hours,initial_equity,final_equity,return_pct,min_equity,max_equity,max_concurrent_positions,skipped_entries,fees,funding,imputed_funding,stress_pf
short,2.0,fixed5,none,25,9,16,0.36,2.917232766587855,-0.7889772663195016,3.69748646902901,26.255094899290693,12.623636261112026,2.079836138828818,0.06575184289598152,6,186.67,51.25,100.0,113.6314586381786,13.631458638178607,98.07815219348574,114.62967644775514,2,24,0.7549948165998319,0.3439425186765253,0.3328492743380159,2.0349724343099465
short,3.0,fixed5,none,22,7,15,0.3181818181818182,3.0002696030358544,-0.7781684840523725,3.8555527042315036,21.001887221250982,11.672527260785587,1.7992579286413684,0.06526432401507802,8,225.8068181818182,61.625,100.0,109.32935996046547,9.329359960465467,95.82631155022013,110.35536161798102,2,27,0.44103486280127935,-0.06622933235555592,0.3861920471014062,2.075178590497231
long,3.0,fixed3,none,33,12,21,0.36363636363636365,2.141903420035755,-0.7598336361517791,2.8189110327933724,25.702841040429064,15.956506359187362,1.6108063044533558,0.07935186037072868,10,70.4469696969697,31.5,100.0,109.74633468124168,9.746334681241686,98.9082177984191,111.49588375248071,2,56,0.8650394660237363,0.23049492977304156,0.45780235149535636,1.4754425802743811
long,3.0,hybrid,none,40,18,22,0.45,1.4993212202041872,-0.7693077513913535,1.9489225443166884,26.98778196367537,16.924770530609777,1.5945729908045634,0.07490132276332138,9,47.6,30.75,100.0,110.06301143306567,10.063011433065672,98.9082177984191,112.56955192677376,2,49,1.02560879183351,0.06652147250482782,0.31826618078799185,1.2955124121007182
short,1.0,hybrid,none,42,19,23,0.4523809523809524,1.4218993909250033,-0.7781271145989904,1.8273356168262846,27.016088427575063,17.89692363577678,1.5095381182478005,0.053281045714288225,6,11.803571428571429,6.875,100.0,109.11916479179831,9.119164791798307,97.49130624765746,109.7304350291728,2,7,2.092021111423763,0.15964025664676226,0.1195717518003799,1.3311172373859383
short,1.0,hybrid,24h,42,21,21,0.5,1.0568039574448231,-0.7041797234396165,1.5007588578137243,22.192883106341284,14.787774192231947,1.5007588578137243,0.04763828234126888,6,9.898809523809524,6.875,100.0,107.4051089141093,7.405108914109304,97.19845980285524,107.49848888223367,2,7,2.0687996457750994,0.08824588549554432,0.10015113545132111,1.2795788828242813
short,1.0,fixed5,none,40,11,29,0.275,3.1087020927217166,-0.7895782043683198,3.9371680671058384,34.19572301993888,22.897767926681276,1.4934085771780767,0.09831908805629118,7,41.5125,10.5,100.0,111.29795509325754,11.29795509325755,96.63218445182329,117.99163126465075,2,9,2.074055227644497,0.3185375224685729,0.38676491262222873,1.1707414151625024
short,1.0,fixed3,24h,43,20,23,0.46511627906976744,1.1650446765444147,-0.703231430609024,1.6567016572843503,23.300893530888292,16.174322904007553,1.440610136769,0.058571150640993684,5,10.895348837209303,6.75,100.0,107.12657062688075,7.126570626880757,96.4932592907297,107.12657062688075,2,6,2.068537650854678,0.11971324733372767,0.1329203059842675,1.1817779077627313
short,3.0,fixed3,none,26,10,16,0.38461538461538464,1.753204204586042,-0.7651623047236188,2.2912840762840636,17.532042045860422,12.2425968755779,1.4320525476775399,0.06177729787433321,7,154.97115384615384,51.625,100.0,105.28944517028245,5.289445170282447,95.06242037429661,106.99997357822934,2,23,0.5324307201793474,0.092074102490403,0.24382031109091595,1.3064958162124802
both,2.0,fixed3,none,77,27,50,0.35064935064935066,2.0575502209248238,-0.779043274221576,2.641124426599714,55.55385596497024,38.9521637110788,1.4262071903638454,0.08443966557982083,11,63.05844155844156,29.0,100.0,116.60169225389127,16.601692253891276,98.0059591630343,119.57811404403084,3,61,2.5897748676690098,0.28329466285106936,0.6989264583920698,1.1926905790187783
both,3.0,fixed5,none,40,10,30,0.25,2.9623010801902843,-0.706450934634202,4.193215600633544,29.623010801902844,21.193528039026063,1.3977385335445147,0.0919064686134168,11,194.09375,53.875,100.0,108.42948276287703,8.429482762877027,96.59514261112838,113.19511248408338,3,98,0.8074999042306986,0.3022604889068656,0.8818921734957071,1.4513819717326197
long,3.0,fixed5,none,22,5,17,0.22727272727272727,3.468995754589275,-0.7314528127688694,4.742610451462489,17.344978772946376,12.43469781707078,1.394885426900732,0.07268701061127843,6,135.54545454545453,31.75,100.0,104.91028095587556,4.910280955875557,98.77711646976968,108.54802131539212,2,67,0.49628700276601784,0.4539495736951128,0.5898230926759764,1.2624312309280588
long,3.0,hybrid,24h,59,27,32,0.4576271186440678,0.7866275904844111,-0.4772870486317402,1.6481226396975803,21.2389449430791,15.273185556215687,1.3906034772448335,0.04294918013157609,5,19.60593220338983,24.0,100.0,105.96575938686333,5.965759386863323,99.47488074313249,110.02518521407501,2,30,1.557400778049556,-0.010013808340919146,0.2231799701401275,1.1615804821884115
short,2.0,fixed3,none,30,11,19,0.36666666666666664,1.839871656312746,-0.7674406493206243,2.3974123053574106,20.238588219440206,14.581372337091862,1.387975545206922,0.0589943196648011,7,109.55,43.625,100.0,105.65721588234824,5.657215882348243,96.27908107412598,107.48019298839039,2,19,0.8505457434699499,0.18409108686752174,0.26629392297173293,1.2765831477295848
short,1.0,fixed3,none,43,15,28,0.3488372093023256,1.9732867148365603,-0.7656566983714955,2.577247373442457,29.599300722548403,21.438387554401874,1.3806682357727447,0.07239667760284764,7,15.418604651162791,6.75,100.0,108.16091316814652,8.16091316814651,96.28125075079954,109.68157344447819,2,6,2.0823928781087697,0.19950926196734148,0.1537978818877271,1.1450868672254522
both,3.0,fixed3,none,53,19,34,0.3584905660377358,1.7967213577649133,-0.7275144369372092,2.4696710697989706,34.13770579753335,24.735490855865113,1.3801103037111895,0.07731943408643037,9,114.86792452830188,48.25,100.0,109.40221494166822,9.40221494166822,95.56647826697312,112.85199979113176,3,85,1.2509847953874247,0.29665020877101983,0.6678698755082098,1.2534896572142187
long,2.0,fixed3,none,48,16,32,0.3333333333333333,2.1676411438139365,-0.8131970364244697,2.665579246752787,34.68225830102298,26.02230516558303,1.3327896233763934,0.10703922328294144,14,32.828125,26.125,100.0,108.6599531354401,8.659953135440102,98.76607401328643,115.90060288372521,2,41,1.771003325638036,0.09508446075555144,0.4346401122446122,1.0748619603019698
long,2.0,fixed3,24h,62,25,37,0.4032258064516129,1.161126232108265,-0.5963357782588005,1.9471014056854965,29.02815580270662,22.064423795575618,1.3156090578956057,0.07448788940180257,7,17.483870967741936,24.0,100.0,106.96373200713104,6.963732007131052,99.21279550401253,114.28812556103469,2,27,2.3660351644842237,-0.018246315633787702,0.3119973553634024,1.1125495014747686
both,3.0,hybrid,24h,96,47,49,0.4895833333333333,0.635501242498093,-0.46773803790118057,1.3586691502570418,29.868558397410375,22.919163857157848,1.3032132665730811,0.04661315255916105,5,20.005208333333332,24.0,100.0,106.94939454025273,6.949394540252718,98.6971815781623,110.91488574331632,3,42,2.2884119638831057,0.043724007638914264,0.296952356043372,1.0769462667104688
short,1.5,fixed5,none,30,8,22,0.26666666666666666,2.6896532708767964,-0.75389091809047,3.5676955463124798,21.51722616701437,16.585600197990342,1.2973438350227198,0.07171925207483083,8,123.475,27.875,100.0,104.93162596902391,4.931625969023923,94.10726045723594,106.14475174498985,2,19,1.1338186695911712,0.3989713148999203,0.3254441128495688,1.176642001791204
short,2.0,hybrid,24h,38,20,18,0.5263157894736842,0.6427293841838322,-0.5558278119320672,1.156346210798077,12.854587683676645,10.00490061477721,1.2848291231089748,0.03702139010159533,5,18.75657894736842,24.0,100.0,102.8496870688995,2.849687068899498,97.90367222382305,104.66161863543593,2,11,1.0376434314487932,0.06278460284973317,0.09611889489746346,
both,2.0,fixed3,24h,100,45,55,0.45,0.9056104455487245,-0.5925252526337507,1.5283913074140265,40.752470049692604,32.58888889485629,1.2505019787932943,0.06136831157848693,9,18.1425,24.0,100.0,108.1635811548363,8.163581154836287,97.86223014722067,113.11357595204666,3,38,3.4402886671599786,0.05631266281331294,0.41308606731892583,
both,2.0,fixed5,none,62,15,47,0.24193548387096775,2.8309500595491732,-0.7230018891185023,3.9155500174428615,42.4642508932376,33.98108878856961,1.249643622588147,0.11172035489381578,10,109.19354838709677,30.875,100.0,108.48316210466778,8.483162104667773,98.0059591630343,113.61359387238741,3,76,1.869697673831565,0.7316651424443035,1.047450727861728,
short,1.5,hybrid,24h,39,20,19,0.5128205128205128,0.7951687346999077,-0.6724867875791916,1.1824302713252477,15.903374693998154,12.77724896400464,1.2446634435002608,0.04477745877044041,4,13.192307692307692,12.5,100.0,103.12612572999348,3.1261257299934675,98.40985086880556,103.270713205637,2,10,1.3720950201602033,0.1053735038897449,0.10363356540195212,
short,1.0,fixed3,default,47,20,27,0.425531914893617,0.9454283432354014,-0.5703069109055553,1.6577536150389862,18.90856686470803,15.398286594449992,1.2279656407696196,0.05158882599104191,4,5.095744680851064,6.0,100.0,103.510280270258,3.5102802702579927,95.24696609114402,103.56681280359487,2,2,2.1636869878100353,0.04253675364662437,0.04391871183166807,
short,1.0,fixed5,default,46,19,27,0.41304347826086957,0.9679982173154178,-0.5641124371420596,1.7159668065812352,18.391966128992937,15.231035802835608,1.2075321972238322,0.046705566648675395,4,5.967391304347826,6.0,100.0,103.16093032615734,3.1609303261573407,95.73738169330377,103.21727206069328,2,3,2.1605945743282757,0.02995594709467611,0.04881739701395552,
both,3.0,hybrid,none,64,27,37,0.421875,1.210857010190579,-0.7381855356805211,1.640315275311253,32.69313927514563,27.312864820179282,1.196986822524428,0.062062963906890846,8,77.703125,31.75,100.0,105.38027445496631,5.380274454966316,95.58398021112755,107.90422215414094,3,74,1.4509873105363933,0.23627878108398054,0.5166120705975881,
short,1.5,fixed3,none,37,12,25,0.32432432432432434,1.8603047002253046,-0.7637835967031944,2.435643693128719,22.323656402703655,19.09458991757986,1.1691089727017852,0.06707372368103605,6,37.270270270270274,25.0,100.0,103.22906648512385,3.2290664851238438,96.62351554068722,107.85740801567492,2,12,1.3123438154632159,0.28206918775318957,0.2933721337482882,
short,1.0,hybrid,default,46,21,25,0.45652173913043476,0.8042419456145056,-0.5794276093405967,1.3879938281328246,16.889080857904617,14.485690233514918,1.1659148156315726,0.05255763675874709,4,5.396739130434782,6.0,100.0,102.40339062438969,2.4033906243896785,95.14967043619059,102.49242200705864,2,3,2.14572386317382,0.04278210251854585,0.043901043382858926,
short,2.0,hybrid,none,36,15,21,0.4166666666666667,1.2450247144242017,-0.7646004345351272,1.6283337782578817,18.675370716363027,16.05660912523767,1.163095555898487,0.055486796845912095,6,38.9375,26.375,100.0,102.61876159112539,2.618761591125396,98.50247747198961,106.3316096469147,2,13,0.9688414523918804,0.12834678604745714,0.12595590790771594,
both,2.0,hybrid,none,86,34,52,0.3953488372093023,1.3886790273874292,-0.7952982359218067,1.7461110369217057,47.21508693117259,41.35550826793395,1.1416879856795767,0.09693524293301811,9,32.05813953488372,25.125,100.0,105.85957866323858,5.859578663238585,98.0059591630343,113.03049313945571,3,52,2.8091005970121468,0.20635716647657634,0.4900260767802352,
short,3.0,hybrid,24h,37,20,17,0.5405405405405406,0.41274177073955115,-0.42655056363782706,0.9676268323724438,8.254835414791023,7.25135958184306,1.1383845086734634,0.030317783492616022,5,20.64189189189189,24.0,100.0,101.00347583294804,1.003475832948042,97.65081933261233,102.31973653112279,2,12,0.7095384219325545,0.050215245509466856,0.07293056418806734,
long,2.0,hybrid,none,50,19,31,0.38,1.4636351023905367,-0.7933111623347285,1.8449697569904768,27.8090669454202,24.592646032376585,1.1307879155748084,0.11460607707246984,7,27.105,23.25,100.0,103.21642091304349,3.216420913043483,98.76607401328643,112.47683147377496,2,39,1.8038023096070057,0.0710985438508155,0.3589917896362997,
short,2.0,fixed3,24h,38,20,18,0.5263157894736842,0.555509840502184,-0.5493453735169522,1.011221477930662,11.11019681004368,9.88821672330514,1.1235794199229578,0.039790163884641516,5,19.217105263157894,24.0,100.0,101.22198008673861,1.2219800867386166,97.00494325071855,102.70247856162993,2,11,1.0279445373885108,0.06604864220948038,0.0983529263766095,
both,2.0,hybrid,24h,99,45,54,0.45454545454545453,0.7581713656459573,-0.5735617591872924,1.3218652629844907,34.11771145406808,30.972334996113787,1.1015543858204089,0.07084213570012451,9,17.727272727272727,24.0,100.0,103.14537645795436,3.145376457954363,97.86223014722067,110.38683336054483,3,39,3.3196855910047134,0.08903418226432974,0.38606291754867883,
short,1.5,hybrid,default,45,21,24,0.4666666666666667,0.6037690009050068,-0.4801990266553348,1.2573307470245352,12.679149019005143,11.524776639728035,1.1001644036464684,0.04834942012886054,4,5.583333333333333,6.0,100.0,101.15437237927715,1.1543723792771576,95.45211948889217,101.19250832666995,2,4,1.5161301526099542,0.030727828747016597,0.02477093661915526,
short,1.5,fixed5,default,45,20,25,0.4444444444444444,0.655119823667577,-0.4768471401004294,1.3738570887299468,13.102396473351542,11.921178502510735,1.0990856709839576,0.04592378632619139,4,6.033333333333333,6.0,100.0,101.18121797084075,1.1812179708407422,95.69541455166618,101.21936403922037,2,4,1.5209765741931105,0.020450495702400786,0.028191582746452355,
short,1.0,fixed5,24h,42,18,24,0.42857142857142855,1.0042424583862222,-0.6931864516536309,1.448733534809504,18.076364250952,16.636474839687143,1.086550151107128,0.05857115064099385,5,13.43452380952381,10.5,100.0,101.43988941126486,1.4398894112648497,96.08386363887435,103.8290496148585,2,7,2.0279430235105043,0.08263493289648569,0.14690120514431773,
short,1.5,hybrid,none,39,15,24,0.38461538461538464,1.2886134193804801,-0.7540584415063436,1.7089039104267352,19.329201290707203,18.097402596152246,1.0680649440167096,0.05891140812961536,6,20.705128205128204,12.5,100.0,101.23179869455495,1.2317986945549642,97.0761318231139,103.15302157704204,2,10,1.3664123219671411,0.15983141205611218,0.12220280932779205,
both,1.0,fixed3,default,127,52,75,0.4094488188976378,0.8956524269863986,-0.582059505434419,1.5387643679453875,46.57392620329273,43.654462907581426,1.0668766284421354,0.0708035228034205,7,4.748031496062992,6.0,100.0,102.91946329571121,2.9194632957112,94.62069779604056,104.16703626607816,3,11,6.997845092950583,0.06487530039260835,0.13688966024267535,
short,3.0,fixed3,24h,37,20,17,0.5405405405405406,0.38634908761406844,-0.42711181435293705,0.9045619311640372,7.726981752281369,7.26090084399993,1.0641905072518083,0.03251730336556988,5,21.013513513513512,24.0,100.0,100.46608090828146,0.4660809082814632,97.65081933261233,102.70256340080984,2,12,0.7115631271612232,0.052028962135704945,0.07293056418806734,
both,1.0,hybrid,none,115,44,71,0.3826086956521739,1.278574954665578,-0.7654058070865105,1.6704536898307936,56.257298005285435,54.34381230314224,1.0352107373599284,0.0942230447267878,7,10.121739130434783,5.75,100.0,101.91348570214312,1.913485702143114,95.67617624441814,108.57830394762279,2,23,6.597264323490255,0.1970690049391211,0.30577183443015105,
long,2.0,hybrid,24h,61,25,36,0.4098360655737705,0.8392183148738743,-0.5672249601919084,1.47951584251501,20.98045787184686,20.420098566908703,1.0274415573020903,0.0922470152492515,7,17.08606557377049,24.0,100.0,100.5603593049381,0.5603593049380962,99.21279550401253,110.35482982232325,2,28,2.2481522255566535,0.021123598660853254,0.2868814911003719,
both,1.0,hybrid,24h,116,46,70,0.39655172413793105,1.1312134802674612,-0.7313234954307821,1.5468031416126267,52.03582009230321,51.19264468015475,1.016470635916869,0.08834165519769041,7,8.633620689655173,5.625,100.0,100.8431754121483,0.8431754121482893,94.35164159686512,108.84859120771823,2,22,6.720462294191488,0.1364442899625316,0.286879382918156,
short,3.0,fixed5,24h,37,20,17,0.5405405405405406,0.36749947472577743,-0.4262607219520951,0.8621471690912177,7.349989494515548,7.246432273185616,1.0142907871661384,0.03251730336556959,5,21.472972972972972,24.0,100.0,100.10355722132995,0.10355722132995293,97.65081933261233,102.33196954856808,2,12,0.710548953203631,0.05366691550687763,0.07293056418806734,
short,1.5,fixed3,default,45,20,25,0.4444444444444444,0.5998200749362989,-0.47640014989521234,1.2590677712176068,11.996401498725977,11.910003747380308,1.0072542169740855,0.04592378632619139,4,5.988888888888889,6.0,100.0,100.08639775134561,0.08639775134562377,95.69541455166618,100.57239350779825,2,4,1.520337825604059,0.02002622866417752,0.028191582746452355,
both,3.0,fixed5,24h,93,41,52,0.44086021505376344,0.5671019745577228,-0.4502826312865744,1.2594355970101827,23.251180956866637,23.41469682690187,0.9930165284118748,0.06715072557707596,8,20.97043010752688,24.0,100.0,99.83648412996472,-0.16351587003528012,98.6971815781623,106.74046421547774,3,45,2.2043160248775258,0.09604438374681748,0.30442873260658077,
long,1.0,fixed3,default,80,32,48,0.4,0.876841652377313,-0.5898337878244788,1.4865910879934896,28.058932876074017,28.312021815574983,0.991060725328993,0.08417055127179666,7,4.54375,5.25,100.0,99.74691106049893,-0.25308893950106714,97.06989282046925,105.99123336257482,2,9,4.901791493757468,0.020212279613691566,0.0951994326860993,
long,3.0,fixed5,24h,56,21,35,0.375,0.7544702628636655,-0.458254519234469,1.646400048872482,15.843875520136974,16.038908173206416,0.987840029323489,0.07344429959249865,9,20.638392857142858,24.0,100.0,99.80496734693058,-0.19503265306941575,99.47488074313249,107.43156727674962,2,33,1.491323255817641,0.039366501057222524,0.23112407850793543,
long,2.0,fixed3,default,78,33,45,0.4230769230769231,0.5013917909949573,-0.375338075195903,1.3358404705764588,16.545929102833593,16.890213383815635,0.9796163450894032,0.08240237161910581,6,6.0576923076923075,6.0,100.0,99.65571571901802,-0.34428428098197683,97.13077147257161,105.85333752873726,2,11,2.7393660349117317,0.07112982532711622,0.10792540345590904,
both,1.0,hybrid,default,126,53,73,0.42063492063492064,0.7831092565043866,-0.5808343517263765,1.348248866784138,41.50479059473249,42.40090767602549,0.9788656156104015,0.07365173658171506,7,4.738095238095238,5.625,100.0,99.10388291870699,-0.896117081293013,94.17454013313481,104.01339272705879,2,12,6.963276436826015,0.1341330363233219,0.13705029747776543,
both,1.5,fixed5,none,82,16,66,0.1951219512195122,2.769327058440961,-0.6873115921125308,4.029216283009454,44.30923293505538,45.362565079427036,0.9767797049719887,0.16677687784536857,11,65.6310975609756,17.375,100.0,98.94666785562843,-1.053332144371566,89.03306016237963,106.85380397527743,3,56,3.154874418008631,0.7072433574016144,0.8118453540005267,
both,1.0,fixed3,24h,116,40,76,0.3448275862068966,1.3081740704458265,-0.7111620442152377,1.8394880338269282,52.326962817833056,54.04831536035806,0.9681515967510148,0.10869156703904566,9,9.857758620689655,6.25,100.0,98.27864745747502,-1.7213525425249787,93.79615561303575,106.73435754976045,3,22,6.517655111709691,0.14952736462506266,0.3652364829351207,
both,1.0,fixed5,none,105,20,85,0.19047619047619047,2.920055663214074,-0.7130005657679935,4.095446488277043,58.40111326428148,60.605048090279446,0.9636344678298925,0.14000042951549097,11,20.35238095238095,8.0,100.0,97.79606517400197,-2.203934825998033,89.49854916628264,104.06813240134608,3,33,5.588788013965549,0.3643247896238027,0.6761419337923545,
both,3.0,fixed3,24h,93,41,52,0.44086021505376344,0.5419505701190385,-0.44809532985206096,1.2094537345389516,22.219973374880578,23.30095715230717,0.9536077522326349,0.06995391812501356,8,20.776881720430108,24.0,100.0,98.9190162225734,-1.0809837774265918,98.6577201924974,106.07831387623503,3,45,2.1961684748285846,0.09711646860363049,0.30442873260658077,
both,2.0,fixed3,default,123,54,69,0.43902439024390244,0.4499233049700787,-0.37107478664167826,1.212486865631588,24.29585846838425,25.6041602782758,0.9489027644073297,0.07080321976571399,6,6.0528455284552845,6.0,100.0,98.69169819010841,-1.3083018098915877,95.32194919405867,102.58532016224203,3,15,3.8339278287666207,0.08233181299518064,0.12404720425149823,
both,1.5,hybrid,default,125,57,68,0.456,0.5549334598233734,-0.49814555156291196,1.1139986256673207,31.63120720993228,33.87389750627801,0.9337929656329012,0.09630841818642213,6,5.35,6.0,100.0,97.75730970365424,-2.242690296345762,93.7860572979295,103.78104564138408,3,13,4.9796747021145835,0.07140855111975526,0.11373008201431589,
long,3.0,hybrid,default,74,33,41,0.44594594594594594,0.3051173836185082,-0.2647819660160493,1.1523344592131854,10.068873659410771,10.856060606658023,0.9274887110740272,0.05347913235050344,6,6.155405405405405,6.0,100.0,99.2128130527528,-0.7871869472472093,98.14544377232977,103.69073427409498,2,15,1.8492097656303743,0.07017328462071368,0.07117784570722016,
both,1.0,fixed5,default,124,46,78,0.3709677419354839,0.8556071452391211,-0.5511207621734685,1.5524857780077856,39.35792868099957,42.98741944953054,0.9155685357481813,0.10540326913801963,7,5.429435483870968,6.0,100.0,96.37050923146904,-3.629490768530952,90.94646922737434,101.66197359087565,3,14,6.66087530630078,0.05158074705574749,0.15736230942655297,
both,1.5,fixed3,none,95,25,70,0.2631578947368421,1.8823407489629145,-0.736139248715335,2.5570444073561625,47.05851872407286,51.52974741007345,0.9132301454843438,0.12002347883566417,11,28.721052631578946,15.0,100.0,95.52877131399948,-4.471228686000517,93.33556707086757,106.06597429141763,3,43,3.664446264318223,0.4135598540708888,0.6456852040726878,
long,3.0,fixed3,24h,56,21,35,0.375,0.6896941816783133,-0.45578906556804005,1.5131872038631782,14.48357781524458,15.952617294881401,0.907912322317907,0.08527174985768245,9,20.620535714285715,24.0,100.0,98.53096052036317,-1.4690394796368356,98.27068954510784,107.43156727674962,2,33,1.4864143225185686,0.04203909396803957,0.23112407850793543,
short,2.0,fixed3,default,45,21,24,0.4666666666666667,0.39144052291195486,-0.38019040833987344,1.0295907374970499,8.220250981151052,9.124569800156962,0.9008918953099188,0.047899686884691185,4,6.044444444444444,6.0,100.0,99.09568118099412,-0.9043188190058782,95.43178873549134,100.23291392819193,2,4,1.1725400009133269,0.012421886626298822,0.018928607155522647,
both,1.0,fixed5,24h,113,33,80,0.2920353982300885,1.5295174483749583,-0.7084938192968661,2.15882962803106,50.474075796373626,56.679505543749286,0.8905172215628122,0.12864560214355752,10,11.488938053097344,7.5,100.0,93.79457025262421,-6.20542974737579,91.81083890835632,107.17598231973967,3,25,6.357115302394308,0.019358639209139262,0.4015945642061435,
long,1.0,hybrid,default,80,32,48,0.4,0.7793294353939763,-0.5866851929113763,1.3283604986289477,24.93854193260724,28.160889259746064,0.8855736657526319,0.10796016840240931,7,4.359375,4.5,100.0,96.77765267286121,-3.222347327138797,95.24809196645666,106.77560417439314,2,9,4.887270644471475,0.09183493159538443,0.0956686552028139,
short,2.0,fixed5,24h,38,20,18,0.5263157894736842,0.4320829969911258,-0.5458012920654235,0.7916489082611651,8.641659939822516,9.824423257177623,0.8796098980679612,0.04332385918738806,5,19.842105263157894,24.0,100.0,98.81723668264502,-1.1827633173549845,97.00494325071855,101.61665922890133,2,11,1.0252672850839328,0.07072802079196094,0.0983529263766095,
both,1.0,fixed3,none,110,29,81,0.2636363636363636,1.7444540206690329,-0.7125117160911415,2.448316261014141,50.589166599401956,57.71344900338246,0.876557673696421,0.1429177148319145,8,13.281818181818181,6.75,100.0,92.87571759601947,-7.124282403980531,87.93328168108215,102.59607881620985,3,28,5.840427068573444,0.29455555172731024,0.4335586209087686,
both,3.0,hybrid,default,118,53,65,0.4491525423728814,0.28706688253029966,-0.26732874572681925,1.0738346964888341,15.214544774105883,17.37636847224325,0.8755882909832033,0.04677049456151974,7,6.173728813559322,6.0,100.0,97.83817630186267,-2.161823698137322,96.19766778948161,100.91763551237456,3,20,2.6083488481091885,0.07954985653399792,0.08654691092012555,
both,1.5,hybrid,24h,110,44,66,0.4,0.8655053126527478,-0.6629516049755925,1.305533173397495,38.0822337567209,43.7548059283891,0.8703554489316634,0.14222236562520124,9,12.55,11.375,100.0,94.3274278283317,-5.67257217166831,93.14134129046346,108.58448338811097,3,28,4.620590289979592,0.2228789293111195,0.354149974137624,
both,1.5,fixed5,default,124,54,70,0.43548387096774194,0.5438555444010308,-0.48258224242215214,1.1269696573817942,29.368199397655662,33.78075696955065,0.8693765928373841,0.11343743701399092,6,5.804435483870968,6.0,100.0,95.587442428105,-4.412557571894993,91.86460538372077,103.61886370919375,3,14,4.868914849353122,0.06525600747347478,0.13200794766811352,
both,2.0,fixed5,24h,98,41,57,0.41836734693877553,0.6921156154861196,-0.5729245272991434,1.2080397722695897,28.3767402349309,32.65669805605118,0.8689408888254943,0.148740900483396,10,18.875,24.0,100.0,95.72004217887981,-4.279957821120195,93.79126441367238,110.17945589883584,3,40,3.219659365730047,0.08367962467571209,0.42012560099474944,
long,1.5,hybrid,default,80,36,44,0.45,0.5469044496095001,-0.51848537040152,1.0548117282190086,19.688560185942006,22.81335629766688,0.8630277776337344,0.11879938695287125,6,5.21875,6.0,100.0,96.87520388827501,-3.1247961117249923,94.12695328333103,106.81671334504269,2,9,3.5595561659196933,0.04025197021561621,0.0909501599086526,
long,2.0,fixed5,24h,61,21,40,0.3442622950819672,0.9473154768088893,-0.5774850984798601,1.6404154484722642,19.893625012986675,23.099403939194403,0.8612181104479387,0.14310146773641874,11,18.35655737704918,24.0,100.0,96.79422107379223,-3.2057789262077696,95.70757295876956,111.69067206352734,2,28,2.208612532226201,0.013456597126743054,0.31998659386994266,
short,1.5,fixed5,24h,39,18,21,0.46153846153846156,0.6374834641631899,-0.638158416443126,0.9989423436837235,11.474702354937419,13.401326745305646,0.8562362945860488,0.06062218060695048,4,15.85897435897436,24.0,100.0,98.07337560963175,-1.9266243903682478,95.18445740146147,101.32712891066772,2,10,1.348327662138735,0.08358821734552786,0.11699727185333479,
long,1.5,fixed3,24h,69,20,49,0.2898550724637681,1.3836950506773475,-0.6640386265815175,2.0837568708926377,27.673901013546953,32.537892702494354,0.8505130085276074,0.1259743458183634,7,13.28623188405797,13.25,100.0,95.13600831105263,-4.863991688947367,94.66519638679807,108.30940251454578,2,20,3.2329750319452017,0.05616988310218092,0.28204058268588855,
short,2.0,hybrid,default,45,21,24,0.4666666666666667,0.3691141331743572,-0.3797506931181902,0.9719906766818657,7.751396796661502,9.114016634836565,0.8504918420966325,0.047899686884691185,4,6.127777777777778,6.0,100.0,98.63738016182494,-1.362619838175061,95.43178873549134,100.23291392819193,2,4,1.171959159527235,0.012289692539378484,0.018928607155522647,
both,1.5,hybrid,none,98,33,65,0.336734693877551,1.241534659327125,-0.7444903558922095,1.6676302782179757,40.97064375779512,48.39187313299362,0.8466430643260492,0.1444051313694074,7,21.75,12.5,100.0,92.57877062480148,-7.421229375198523,90.21307874781917,105.43901331737547,3,40,3.8539734894371374,0.3667654354337121,0.46193276375625314,
short,3.0,hybrid,none,27,10,17,0.37037037037037035,1.069025541103389,-0.7432845460326551,1.4382453487152456,10.69025541103389,12.635837282555137,0.8460266757148502,0.07428066628218129,9,117.81481481481481,51.25,100.0,98.05441812847874,-1.9455818715212514,93.53301147341577,101.03819599162316,2,22,0.5471887767177996,0.14705791525355752,0.21844053773180852,
both,1.5,fixed3,24h,108,38,70,0.35185185185185186,1.0135646088200987,-0.6504162642139478,1.5583322013711158,38.51545513516375,45.52913849497635,0.8459517664586057,0.13805118877604855,9,14.085648148148149,14.375,100.0,92.98631664018728,-7.013683359812717,92.526143174389,107.34528775903013,3,30,4.5394529257225855,0.14041540398115887,0.39876508742052513,
short,2.0,fixed5,default,45,21,24,0.4666666666666667,0.3671977369934009,-0.37987347372737124,0.9666316876258976,7.711152476861419,9.11696336945691,0.8458027266726603,0.047899686884691185,4,6.127777777777778,6.0,100.0,98.59418910740452,-1.4058108925954826,95.43178873549134,100.23291392819193,2,4,1.1721875626931806,0.012497995975378635,0.018928607155522647,
short,1.5,fixed3,24h,39,18,21,0.46153846153846156,0.626962893197527,-0.6395197505193692,0.9803651766632,11.285332077555486,13.429914760906753,0.8403130085684571,0.05484081334130441,4,15.5,24.0,100.0,97.85541731664877,-2.144582683351226,95.7702667476675,101.32712891066772,2,10,1.3500022837399428,0.07906714395675639,0.11699727185333479,
both,1.5,fixed3,default,125,54,71,0.432,0.5315304067967441,-0.48343269724276483,1.0994920489000894,28.702641967024185,34.3237215042363,0.8362333893042935,0.0994667709036089,6,5.608,6.0,100.0,94.37892046278799,-5.621079537212015,91.68625392212623,101.81329345739482,3,13,4.8897304392909,0.05693618606020344,0.1253778799039664,
long,1.0,hybrid,24h,74,25,49,0.33783783783783783,1.1796756033377,-0.7266190862032341,1.623513097490735,29.491890083442502,35.60433522395847,0.8283230089238445,0.14947257193564262,7,7.91554054054054,4.625,100.0,93.88755485948396,-6.1124451405160425,92.62948009503128,108.90828095437062,2,15,4.601241820106926,0.044140570655434606,0.18683903744239752,
long,1.0,fixed5,24h,71,15,56,0.2112676056338028,2.214754653298631,-0.7254815595353074,3.05280626942089,33.22131979947946,40.62696733397721,0.8177159650234526,0.14345205104141148,10,10.338028169014084,7.25,100.0,92.59435246550217,-7.405647534497827,92.59435246550217,108.10177361125037,2,18,4.415873102176232,-0.07319045012225389,0.2574242595510128,
long,3.0,fixed3,default,74,33,41,0.44594594594594594,0.26633956771543554,-0.26274554864902816,1.0136787058235122,8.789205734609373,10.772567494610154,0.8158877388335587,0.06290820954321277,6,6.33445945945946,6.0,100.0,98.01663823999924,-1.983361760000757,97.13573362974542,103.65658371886538,2,15,1.8373786040901463,0.07730495688036382,0.07707252852061058,
long,3.0,fixed5,default,74,33,41,0.44594594594594594,0.26633956771543554,-0.26274554864902816,1.0136787058235122,8.789205734609373,10.772567494610154,0.8158877388335587,0.06290820954321277,6,6.33445945945946,6.0,100.0,98.01663823999924,-1.983361760000757,97.13573362974542,103.65658371886538,2,15,1.8373786040901463,0.07730495688036382,0.07707252852061058,
long,1.0,hybrid,none,73,25,48,0.3424657534246575,1.1599200948366652,-0.7417585511916109,1.563743475519482,28.998002370916634,35.604410457197325,0.8144497268330636,0.1434492436431833,7,9.154109589041095,4.75,100.0,93.39359191371929,-6.606408086280712,91.5024201061845,106.82661760217626,2,16,4.459587226070993,0.031642525676596284,0.18592456643191213,
short,3.0,hybrid,default,43,20,23,0.46511627906976744,0.2726799474453259,-0.29346485676373046,0.9291741111776851,5.453598948906518,6.749691705565801,0.8079774879805957,0.035812298234453914,5,6.209302325581396,6.0,100.0,98.70390724334077,-1.2960927566592395,96.57304010985686,100.1599998973434,2,6,0.8041029700357475,0.010158124794830688,0.016491286893325914,
long,2.0,fixed5,none,39,6,33,0.15384615384615385,3.338151130996417,-0.7537977279432881,4.428444139921264,20.028906785978503,24.875325022128507,0.8051716618038661,0.15681845527020527,13,58.84615384615385,28.5,100.0,95.15358176384996,-4.846418236150041,92.77669319437348,110.03169338117407,2,50,1.2767566449497278,0.4692643229126567,0.7676295815790877,
both,2.0,hybrid,default,121,54,67,0.4462809917355372,0.3590376572669652,-0.36149379771787155,0.993205580658888,19.38803349241612,24.220084447097392,0.8004940500832829,0.08511997486433964,6,6.12396694214876,6.0,100.0,95.16794904531866,-4.832050954681333,92.97307616017498,101.62324414765612,3,17,3.726943903347788,0.07569627331692809,0.11369982116552409,
long,1.0,fixed5,default,79,28,51,0.35443037974683544,0.8058437410137159,-0.560246988315798,1.438372285473993,22.563624748384047,28.5725964041057,0.7896945881033688,0.1179372719616923,7,5.1234177215189876,6.0,100.0,93.99102834427835,-6.008971655721651,91.48850379822356,103.72108568932781,2,10,4.66474829417067,0.01931814118361433,0.11189509224072623,
long,1.0,fixed3,24h,73,20,53,0.273972602739726,1.486766415734954,-0.7104842571325607,2.0926099358420496,29.735328314699082,37.655665628025716,0.7896641267328489,0.16393683180028168,7,9.246575342465754,5.75,100.0,92.07966268667336,-7.920337313326642,90.30641426970396,108.01386510562276,2,16,4.481827227781957,0.025262473832758387,0.23329321312793724,
both,3.0,fixed3,default,118,53,65,0.4491525423728814,0.2564540065095958,-0.2654597200770987,0.9660750280122071,13.592062345008578,17.25488180501142,0.787722715148415,0.059404362247146444,7,6.290254237288136,6.0,100.0,96.33718053999719,-3.6628194600028086,94.8914249371759,100.8843982775403,3,20,2.5918386330729906,0.08649320931471957,0.09230054004305698,
both,3.0,fixed5,default,118,53,65,0.4491525423728814,0.2564540065095958,-0.2654597200770987,0.9660750280122071,13.592062345008578,17.25488180501142,0.787722715148415,0.059404362247146444,7,6.290254237288136,6.0,100.0,96.33718053999719,-3.6628194600028086,94.8914249371759,100.8843982775403,3,20,2.5918386330729906,0.08649320931471957,0.09230054004305698,
long,2.0,hybrid,default,76,33,43,0.4342105263157895,0.36822390616539497,-0.36296144346912107,1.0144986824109365,12.151388903458034,15.607342069172207,0.7785687562688584,0.09242420966697378,6,6.121710526315789,6.0,100.0,96.54404683428587,-3.455953165714132,95.16895377590276,104.86061306349019,2,13,2.6477198920044938,0.0644843692654914,0.09731495951272265,
both,2.0,fixed5,default,121,54,67,0.4462809917355372,0.34775641882429575,-0.36117557328842403,0.962845896963768,18.77884661651197,24.19876341032441,0.7760250512842308,0.09561664921828006,6,6.2809917355371905,6.0,100.0,94.58008320618757,-5.41991679381243,92.34143759207893,102.10430954114973,3,17,3.7250758589772683,0.09039465927207674,0.1274581526789959,
long,1.5,fixed3,none,58,13,45,0.22413793103448276,1.960072997770511,-0.739919032591867,2.6490371397861723,25.48094897101664,33.296356466634016,0.7652773959382275,0.16219409574699112,15,23.267241379310345,14.75,100.0,92.1845925043828,-7.815407495617199,90.14071615107474,107.5914071427374,2,31,2.411088471329386,0.12322984985517671,0.35403354111373186,
long,1.5,fixed5,default,79,34,45,0.43037974683544306,0.5044862766443318,-0.4985230845336068,1.011961717111463,17.15253340590728,22.433538804012304,0.7645932973731054,0.13413669216173935,6,5.674050632911392,6.0,100.0,94.71899460189495,-5.281005398105054,92.10936295623105,106.37864212792888,2,10,3.455812972474851,0.04412387760564383,0.10626672167564834,
long,1.5,fixed3,default,80,34,46,0.425,0.5205544527349372,-0.5033563253147877,1.0341669043483146,17.698851392987862,23.154390964480232,0.7643842336487543,0.11087149285777317,6,5.39375,6.0,100.0,94.54446042850756,-5.455539571492441,92.93614158662407,104.52498242951715,2,9,3.4937139682634495,0.036617780054097854,0.09966213052214574,
both,1.5,fixed5,24h,107,34,73,0.3177570093457944,1.0406285530265647,-0.6354561673385462,1.6376087077492452,35.3813708029032,46.38830021571387,0.7627218638832101,0.20227920336468042,11,14.621495327102803,14.75,100.0,88.99307058718932,-11.006929412810674,86.70149938193289,108.68652258738685,3,31,4.381857310175276,0.18053277246256025,0.4233774728782934,
short,3.0,fixed3,default,43,20,23,0.46511627906976744,0.25606074307695714,-0.2932827356454112,0.8730849516711522,5.121214861539142,6.745502919844458,0.7592043058010018,0.035812298234453914,5,6.22093023255814,6.0,100.0,98.37571194169469,-1.624288058305312,96.57304010985686,100.1599998973434,2,6,0.8039957019414046,0.010192138581173696,0.016491286893325914,
short,3.0,fixed5,default,43,20,23,0.46511627906976744,0.25606074307695714,-0.2932827356454112,0.8730849516711522,5.121214861539142,6.745502919844458,0.7592043058010018,0.035812298234453914,5,6.22093023255814,6.0,100.0,98.37571194169469,-1.624288058305312,96.57304010985686,100.1599998973434,2,6,0.8039957019414046,0.010192138581173696,0.016491286893325914,
long,2.0,fixed5,default,76,33,43,0.4342105263157895,0.35059792432275944,-0.3623260268921094,0.9676310789209679,11.569731502651061,15.580019156360706,0.7426005954509752,0.10244406126058209,6,6.371710526315789,6.0,100.0,95.98971234629036,-4.010287653709643,94.56380422835134,105.357003554745,2,13,2.6452112479269068,0.07938310601876909,0.11144361485054223,
long,1.5,hybrid,24h,71,24,47,0.3380281690140845,0.9391684427032038,-0.6564042979280894,1.4307774121340258,22.54004262487689,30.851002002620202,0.7306097423663109,0.16393171542913376,7,12.19718309859155,10.0,100.0,91.68904062225664,-8.310959377743355,90.6578632535059,108.43356329446033,2,18,3.250429335628507,0.11356418045331443,0.2469468014903701,
long,1.5,hybrid,none,59,18,41,0.3050847457627119,1.2272736785484335,-0.7418712606538822,1.6542946783876216,22.090926213871803,30.41672168680917,0.7262757124628584,0.14512679878881027,7,22.440677966101696,12.25,100.0,91.67420452706268,-8.325795472937314,90.49169367749457,105.85393664146375,2,30,2.5108772171487073,0.20496694468898666,0.33719200291238327,
long,1.5,fixed5,none,56,8,48,0.14285714285714285,2.928961217904166,-0.7044706112089224,4.1576769439364645,23.431689743233328,33.81458933802828,0.6929461573227441,0.21534530233421956,18,28.325892857142858,13.75,100.0,89.61710040520502,-10.382899594794981,86.41211965241641,110.12757574698571,2,33,2.324914427918696,0.3318619139827446,0.5467795534061842,
long,1.5,fixed5,24h,68,16,52,0.23529411764705882,1.458661279701711,-0.6494733725194681,2.245913907206392,23.338580475227378,33.77261537101234,0.6910504329865821,0.19398490057297138,12,14.139705882352942,14.375,100.0,89.56596510421507,-10.434034895784938,88.75013982031197,110.10977323303462,2,21,3.0953120325728145,0.09155486053186444,0.30617942767373363,
long,1.0,fixed5,none,65,9,56,0.13846153846153847,2.9395723633865973,-0.6896209633352673,4.262591364928519,26.456151270479378,38.61877394677497,0.6850593265063691,0.19333414648589806,15,14.757692307692308,7.5,100.0,87.83737732370444,-12.162622676295554,82.32600670216465,102.05713597957006,2,24,3.632182335518379,-0.00855009911380088,0.3000096491581928,
long,1.0,fixed3,none,68,15,53,0.22058823529411764,1.6947548461058533,-0.7039744238757006,2.407409685106817,25.4213226915878,37.31064446541213,0.6813423637094765,0.17894501002065086,7,13.172794117647058,6.875,100.0,88.1106782261756,-11.889321773824403,85.14015966777261,103.69605045566317,2,21,3.898594291984916,0.09436423276140926,0.2843454923321169,
