trigger,pair,events,positive_6h_rate,mean_return_6h_r,positive_24h_rate,mean_return_24h_r,median_mfe_24h_r,median_mae_24h_r,target_2r_before_stop_rate,target_3r_before_stop_rate,stop_rate_24h,stopped_then_3r_rate
pullback_rejection,ADA/USDT:USDT,8,0.75,0.5810122354612355,0.5,-0.33349131374674107,3.0484917020352134,2.0883111427586027,0.375,0.25,0.75,0.25
pullback_rejection,ALLO/USDT:USDT,2,0.0,-0.30741936151627164,0.5,-0.21908547514937815,0.8531717839519096,2.074128376547053,0.0,0.0,1.0,0.0
pullback_rejection,BASED/USDT:USDT,5,0.0,-2.0312641201846153,0.0,-4.95396364692367,0.6290863707502251,7.943054155888583,0.0,0.0,1.0,0.0
pullback_rejection,BCH/USDT:USDT,1,0.0,-0.2658831411333341,1.0,0.7216828116476243,3.5134557935476867,1.1205075233476363,0.0,0.0,1.0,1.0
pullback_rejection,BEAT/USDT:USDT,6,0.3333333333333333,0.2966270536891315,0.3333333333333333,0.029662108875246545,1.303913478001772,1.6717690654500652,0.3333333333333333,0.3333333333333333,0.6666666666666666,0.0
pullback_rejection,BNB/USDT:USDT,1,0.0,-1.2465838398987636,1.0,1.8283229651848283,2.797888173994978,1.939130417620299,0.0,0.0,1.0,0.0
pullback_rejection,BSB/USDT:USDT,1,1.0,0.4311591257045364,1.0,1.5200418858437004,2.834116036478228,0.21146020814808442,1.0,0.0,0.0,0.0
pullback_rejection,CL/USDT:USDT,7,0.7142857142857143,0.08770072022709462,0.42857142857142855,-0.5732871379468886,1.8499286692015493,1.2357523510266362,0.2857142857142857,0.2857142857142857,0.5714285714285714,0.0
pullback_rejection,DOGE/USDT:USDT,12,0.4166666666666667,-0.19403306795825145,0.6666666666666666,1.144852119707772,2.5480457361331803,1.4886008845915164,0.5,0.16666666666666666,0.5833333333333334,0.16666666666666666
pullback_rejection,FIL/USDT:USDT,10,0.6,0.15456751421152473,0.5,0.45392307126952514,1.9697782394267986,1.9954029052077473,0.4,0.3,0.6,0.1
pullback_rejection,HYPE/USDT:USDT,8,0.625,0.0593998510091297,0.375,-1.2239295768007477,2.078488207441022,1.4135720918373695,0.625,0.25,0.5,0.0
pullback_rejection,LAB/USDT:USDT,2,0.5,-0.014763262732534144,0.0,-1.0145013479550906,0.7778090196088536,1.1804495140784357,0.0,0.0,1.0,0.0
pullback_rejection,MU/USDT:USDT,4,0.5,0.101166643727083,0.0,-2.2000230087529182,1.2201250083028665,2.2313953586502357,0.0,0.0,1.0,0.0
pullback_rejection,NEAR/USDT:USDT,2,0.0,-0.77834166583577,0.0,-1.7286236530843442,0.5022030365541359,2.8076039225693274,0.0,0.0,1.0,0.0
pullback_rejection,PEPE/USDT:USDT,15,0.6666666666666666,0.42830946422282057,0.5333333333333333,0.09280292772890171,2.0848655875515347,1.5531479312639422,0.4,0.2,0.6666666666666666,0.13333333333333333
pullback_rejection,PIPPIN/USDT:USDT,1,1.0,0.40227164855874736,1.0,0.4735728888226628,1.28508049312872,0.5127056625489,0.0,0.0,0.0,0.0
pullback_rejection,PUMP/USDT:USDT,2,0.5,0.07209027673792683,0.0,-0.33687708421417734,2.140208096176207,1.3703335587639347,0.0,0.0,0.5,0.0
pullback_rejection,SKHYNIX/USDT:USDT,1,0.0,-1.093823852738586,0.0,-3.4584702372965843,0.19204006880507996,5.0692981368364585,0.0,0.0,1.0,0.0
pullback_rejection,SNDK/USDT:USDT,1,1.0,3.407692677879126,1.0,1.9563304565980875,3.7758500533452524,0.49926237955075103,1.0,1.0,0.0,0.0
pullback_rejection,SOL/USDT:USDT,11,0.6363636363636364,0.7777528223272987,0.6363636363636364,0.5021663481126853,4.294849694881564,1.4304560634899117,0.45454545454545453,0.36363636363636365,0.5454545454545454,0.36363636363636365
pullback_rejection,SUI/USDT:USDT,7,0.42857142857142855,-0.2943455589776937,0.42857142857142855,0.16131546247684278,2.7934921817075566,1.8891518968023673,0.2857142857142857,0.14285714285714285,0.8571428571428571,0.14285714285714285
pullback_rejection,TRIA/USDT:USDT,3,1.0,0.49575823065176045,0.6666666666666666,0.8916038103870747,2.436261400515867,0.5501235420519693,0.6666666666666666,0.3333333333333333,0.3333333333333333,0.0
pullback_rejection,TRUMP/USDT:USDT,2,0.5,-5.125821867436025,0.0,-5.042884816556387,0.6083009535670315,7.992524932852777,0.0,0.0,1.0,0.0
pullback_rejection,UB/USDT:USDT,3,0.6666666666666666,0.5763282258617661,0.6666666666666666,1.6305235712342403,2.0909029601636373,0.6928159473364243,0.6666666666666666,0.3333333333333333,0.3333333333333333,0.0
pullback_rejection,WLD/USDT:USDT,2,0.5,-0.5630780671485566,0.5,1.4774006172260772,2.6266534240084543,1.4159492608585849,0.0,0.0,1.0,0.5
pullback_rejection,XAG/USDT:USDT,1,1.0,0.6401073085664096,1.0,1.7479853426236727,2.4496414308599266,0.27081463054732785,1.0,0.0,0.0,0.0
pullback_rejection,XAU/USDT:USDT,4,0.25,-0.17943019206525287,0.75,0.8075928696782966,2.612903434378234,1.0938557429670481,0.5,0.5,0.5,0.0
pullback_rejection,XPL/USDT:USDT,3,0.3333333333333333,-0.09397522875548868,0.6666666666666666,0.22041769739914727,1.5763339060452874,1.3644805500879662,0.0,0.0,0.6666666666666666,0.0
pullback_rejection,XRP/USDT:USDT,7,0.7142857142857143,0.6792920593754567,0.5714285714285714,2.0746693212755907,2.7178830931004496,1.400483971992508,0.5714285714285714,0.14285714285714285,0.7142857142857143,0.2857142857142857
pullback_rejection,ZEC/USDT:USDT,6,0.3333333333333333,0.009506295691562064,0.16666666666666666,-0.998592540893534,0.48972342302414507,1.8460948771380647,0.3333333333333333,0.3333333333333333,0.8333333333333334,0.0
