scenario,start,end,starting_balance,final_balance,return_pct,total_trades,long_trades,short_trades,wins,losses,winrate_pct,average_win_usdt,average_loss_usdt,payoff_ratio,profit_factor,max_drawdown_pct,max_consecutive_losses,minimum_balance,maximum_balance,reached_1000,reached_10000
10x-risk-001,2021-01-06 00:00:00,2026-01-01 00:00:00,100.0,693.291069,593.291069,1720,871,849,350,1370,20.348837,13.224286,-2.945408,4.489798,1.147029,51.523153,25,100.0,693.291069,False,False
10x-risk-002,2021-01-06 00:00:00,2026-01-01 00:00:00,100.0,1490.196002,1390.196002,1721,871,850,350,1371,20.337013,38.740835,-8.876073,4.364637,1.11424,77.807078,25,100.0,1490.196002,True,False
10x-risk-005,2021-01-06 00:00:00,2026-01-01 00:00:00,100.0,324.301487,224.301487,1665,843,822,342,1323,20.540541,58.680442,-14.999554,3.912146,1.011303,99.542505,25,11.754864,2569.398033,True,False
3x-risk-001,2021-01-06 00:00:00,2026-01-01 00:00:00,100.0,759.401452,659.401452,1718,870,848,350,1368,20.372526,13.735563,-3.032197,4.529904,1.158967,50.033779,25,100.0,759.401452,False,False
3x-risk-002,2021-01-06 00:00:00,2026-01-01 00:00:00,100.0,2015.678188,1915.678188,1672,853,819,343,1329,20.514354,44.710086,-10.097729,4.427737,1.142749,62.73373,25,100.0,2050.327945,True,False
3x-risk-005,2021-01-06 00:00:00,2026-01-01 00:00:00,100.0,1336.22462,1236.22462,1214,619,595,254,960,20.92257,95.826091,-24.066253,3.981762,1.053508,83.395497,18,100.0,2561.904586,True,False
5x-risk-001,2021-01-06 00:00:00,2026-01-01 00:00:00,100.0,729.219729,629.219729,1720,871,849,350,1370,20.348837,13.483312,-2.985357,4.516482,1.153846,51.172932,25,100.0,729.219729,False,False
5x-risk-002,2021-01-06 00:00:00,2026-01-01 00:00:00,100.0,1633.209576,1533.209576,1700,864,836,345,1355,20.294118,37.923366,-8.524245,4.448883,1.132741,75.099334,25,100.0,1633.209576,True,False
5x-risk-005,2021-01-06 00:00:00,2026-01-01 00:00:00,100.0,1311.147828,1211.147828,1487,762,725,306,1181,20.578346,133.390019,-33.536154,3.977499,1.03058,89.550401,24,100.0,4753.612372,True,False
