scenario,pair,trades,profit_usdt,profit_pct,wins,losses
10x-risk-001,ETH/USDT:USDT,238,131.967906,131.967906,51,187
10x-risk-001,LINK/USDT:USDT,151,89.88136,89.88136,34,117
10x-risk-001,SUI/USDT:USDT,60,85.815446,85.815446,15,45
10x-risk-001,RENDER/USDT:USDT,18,79.170291,79.170291,6,12
10x-risk-001,SOL/USDT:USDT,137,66.365087,66.365087,31,106
10x-risk-001,NEAR/USDT:USDT,71,61.268354,61.268354,17,54
10x-risk-001,INJ/USDT:USDT,57,49.59877,49.59877,13,44
10x-risk-001,WIF/USDT:USDT,13,41.023092,41.023092,4,9
10x-risk-001,1000PEPE/USDT:USDT,30,23.035637,23.035637,7,23
10x-risk-001,AVAX/USDT:USDT,99,21.716899,21.716899,18,81
10x-risk-001,BNB/USDT:USDT,263,17.131985,17.131985,48,215
10x-risk-001,TIA/USDT:USDT,21,16.023454,16.023454,5,16
10x-risk-001,ARB/USDT:USDT,52,8.26076,8.26076,11,41
10x-risk-001,ENA/USDT:USDT,12,3.336608,3.336608,2,10
10x-risk-001,OP/USDT:USDT,51,-5.253807,-5.253807,10,41
10x-risk-001,FET/USDT:USDT,45,-8.289971,-8.289971,8,37
10x-risk-001,APT/USDT:USDT,70,-9.067036,-9.067036,12,58
10x-risk-001,BTC/USDT:USDT,299,-15.051321,-15.051321,55,244
10x-risk-001,WLD/USDT:USDT,33,-63.642446,-63.642446,3,30
10x-risk-002,ETH/USDT:USDT,238,405.041203,405.041203,51,187
10x-risk-002,LINK/USDT:USDT,151,276.382568,276.382568,34,117
10x-risk-002,SUI/USDT:USDT,60,257.344764,257.344764,15,45
10x-risk-002,RENDER/USDT:USDT,18,245.559708,245.559708,6,12
10x-risk-002,NEAR/USDT:USDT,71,165.230221,165.230221,17,54
10x-risk-002,SOL/USDT:USDT,136,140.227566,140.227566,31,105
10x-risk-002,INJ/USDT:USDT,57,140.041226,140.041226,13,44
10x-risk-002,WIF/USDT:USDT,13,138.256455,138.256455,4,9
10x-risk-002,AVAX/USDT:USDT,102,77.256593,77.256593,19,83
10x-risk-002,1000PEPE/USDT:USDT,30,72.277273,72.277273,7,23
10x-risk-002,TIA/USDT:USDT,21,40.925655,40.925655,5,16
10x-risk-002,ENA/USDT:USDT,12,40.377679,40.377679,2,10
10x-risk-002,ARB/USDT:USDT,52,-20.004942,-20.004942,11,41
10x-risk-002,APT/USDT:USDT,70,-37.704214,-37.704214,12,58
10x-risk-002,BNB/USDT:USDT,263,-41.619381,-41.619381,48,215
10x-risk-002,OP/USDT:USDT,51,-79.458252,-79.458252,10,41
10x-risk-002,FET/USDT:USDT,45,-87.259491,-87.259491,8,37
10x-risk-002,BTC/USDT:USDT,298,-141.637873,-141.637873,54,244
10x-risk-002,WLD/USDT:USDT,33,-201.040757,-201.040757,3,30
10x-risk-005,ETH/USDT:USDT,228,966.554043,966.554043,49,179
10x-risk-005,SOL/USDT:USDT,131,866.60224,866.60224,29,102
10x-risk-005,LINK/USDT:USDT,144,705.041537,705.041537,36,108
10x-risk-005,INJ/USDT:USDT,56,336.691149,336.691149,13,43
10x-risk-005,OP/USDT:USDT,51,135.875135,135.875135,10,41
10x-risk-005,SUI/USDT:USDT,55,117.751284,117.751284,13,42
10x-risk-005,1000PEPE/USDT:USDT,30,113.097864,113.097864,7,23
10x-risk-005,WIF/USDT:USDT,13,98.517714,98.517714,4,9
10x-risk-005,NEAR/USDT:USDT,66,92.486834,92.486834,15,51
10x-risk-005,ENA/USDT:USDT,12,58.240042,58.240042,2,10
10x-risk-005,RENDER/USDT:USDT,18,39.842449,39.842449,6,12
10x-risk-005,TIA/USDT:USDT,21,11.939768,11.939768,5,16
10x-risk-005,ARB/USDT:USDT,48,-18.520822,-18.520822,11,37
10x-risk-005,APT/USDT:USDT,68,-29.578336,-29.578336,12,56
10x-risk-005,WLD/USDT:USDT,29,-63.642391,-63.642391,3,26
10x-risk-005,FET/USDT:USDT,42,-165.621012,-165.621012,8,34
10x-risk-005,AVAX/USDT:USDT,96,-479.12673,-479.12673,18,78
10x-risk-005,BNB/USDT:USDT,261,-1260.666315,-1260.666315,47,214
10x-risk-005,BTC/USDT:USDT,296,-1301.182967,-1301.182967,54,242
3x-risk-001,ETH/USDT:USDT,238,138.262061,138.262061,51,187
3x-risk-001,SUI/USDT:USDT,59,94.80258,94.80258,15,44
3x-risk-001,LINK/USDT:USDT,151,89.398476,89.398476,34,117
3x-risk-001,RENDER/USDT:USDT,18,86.243729,86.243729,6,12
3x-risk-001,SOL/USDT:USDT,136,70.386738,70.386738,31,105
3x-risk-001,NEAR/USDT:USDT,71,64.701481,64.701481,17,54
3x-risk-001,INJ/USDT:USDT,57,56.182325,56.182325,13,44
3x-risk-001,WIF/USDT:USDT,13,42.799649,42.799649,4,9
3x-risk-001,BNB/USDT:USDT,263,31.46345,31.46345,48,215
3x-risk-001,AVAX/USDT:USDT,99,25.503188,25.503188,18,81
3x-risk-001,1000PEPE/USDT:USDT,30,22.012601,22.012601,7,23
3x-risk-001,TIA/USDT:USDT,21,19.082011,19.082011,5,16
3x-risk-001,ARB/USDT:USDT,52,9.229939,9.229939,11,41
3x-risk-001,ENA/USDT:USDT,12,2.64937,2.64937,2,10
3x-risk-001,APT/USDT:USDT,70,-2.381744,-2.381744,12,58
3x-risk-001,FET/USDT:USDT,44,-3.04868,-3.04868,8,36
3x-risk-001,OP/USDT:USDT,51,-4.464281,-4.464281,10,41
3x-risk-001,BTC/USDT:USDT,300,-16.434615,-16.434615,55,245
3x-risk-001,WLD/USDT:USDT,33,-66.986825,-66.986825,3,30
3x-risk-002,ETH/USDT:USDT,229,443.236263,443.236263,48,181
3x-risk-002,LINK/USDT:USDT,147,337.172302,337.172302,37,110
3x-risk-002,SUI/USDT:USDT,59,307.31585,307.31585,15,44
3x-risk-002,SOL/USDT:USDT,130,300.224138,300.224138,30,100
3x-risk-002,RENDER/USDT:USDT,18,243.452897,243.452897,6,12
3x-risk-002,WIF/USDT:USDT,12,166.951573,166.951573,4,8
3x-risk-002,NEAR/USDT:USDT,70,147.601429,147.601429,15,55
3x-risk-002,AVAX/USDT:USDT,99,137.847854,137.847854,18,81
3x-risk-002,INJ/USDT:USDT,54,133.616633,133.616633,13,41
3x-risk-002,1000PEPE/USDT:USDT,29,92.43392,92.43392,7,22
3x-risk-002,ARB/USDT:USDT,51,81.142229,81.142229,12,39
3x-risk-002,TIA/USDT:USDT,21,69.330911,69.330911,5,16
3x-risk-002,ENA/USDT:USDT,12,43.171649,43.171649,2,10
3x-risk-002,APT/USDT:USDT,74,40.401823,40.401823,13,61
3x-risk-002,OP/USDT:USDT,46,-26.537805,-26.537805,10,36
3x-risk-002,BNB/USDT:USDT,252,-96.341288,-96.341288,44,208
3x-risk-002,FET/USDT:USDT,40,-150.675111,-150.675111,7,33
3x-risk-002,BTC/USDT:USDT,298,-176.46841,-176.46841,54,244
3x-risk-002,WLD/USDT:USDT,31,-178.19867,-178.19867,3,28
3x-risk-005,LINK/USDT:USDT,99,1113.00925,1113.00925,21,78
3x-risk-005,APT/USDT:USDT,51,987.419525,987.419525,13,38
3x-risk-005,1000PEPE/USDT:USDT,15,838.069004,838.069004,5,10
3x-risk-005,INJ/USDT:USDT,28,747.539462,747.539462,8,20
3x-risk-005,ETH/USDT:USDT,172,430.503244,430.503244,43,129
3x-risk-005,WIF/USDT:USDT,11,328.063126,328.063126,4,7
3x-risk-005,SOL/USDT:USDT,91,149.663564,149.663564,21,70
3x-risk-005,ARB/USDT:USDT,31,140.083449,140.083449,8,23
3x-risk-005,SUI/USDT:USDT,42,54.871742,54.871742,11,31
3x-risk-005,TIA/USDT:USDT,6,-5.620206,-5.620206,1,5
3x-risk-005,RENDER/USDT:USDT,12,-35.623236,-35.623236,3,9
3x-risk-005,WLD/USDT:USDT,17,-84.845215,-84.845215,2,15
3x-risk-005,AVAX/USDT:USDT,67,-119.788173,-119.788173,13,54
3x-risk-005,ENA/USDT:USDT,9,-133.844636,-133.844636,2,7
3x-risk-005,FET/USDT:USDT,25,-176.505261,-176.505261,3,22
3x-risk-005,NEAR/USDT:USDT,46,-194.281853,-194.281853,11,35
3x-risk-005,OP/USDT:USDT,35,-341.268144,-341.268144,7,28
3x-risk-005,BTC/USDT:USDT,242,-781.847015,-781.847015,42,200
3x-risk-005,BNB/USDT:USDT,215,-1679.374005,-1679.374005,36,179
5x-risk-001,ETH/USDT:USDT,238,135.743605,135.743605,51,187
5x-risk-001,LINK/USDT:USDT,151,90.081108,90.081108,34,117
5x-risk-001,SUI/USDT:USDT,60,88.089805,88.089805,15,45
5x-risk-001,RENDER/USDT:USDT,18,82.9942,82.9942,6,12
5x-risk-001,SOL/USDT:USDT,137,66.658126,66.658126,31,106
5x-risk-001,NEAR/USDT:USDT,71,62.65253,62.65253,17,54
5x-risk-001,INJ/USDT:USDT,57,53.140196,53.140196,13,44
5x-risk-001,WIF/USDT:USDT,13,41.919737,41.919737,4,9
5x-risk-001,AVAX/USDT:USDT,99,27.170116,27.170116,18,81
5x-risk-001,BNB/USDT:USDT,263,22.58429,22.58429,48,215
5x-risk-001,1000PEPE/USDT:USDT,30,22.55005,22.55005,7,23
5x-risk-001,TIA/USDT:USDT,21,18.953071,18.953071,5,16
5x-risk-001,ARB/USDT:USDT,52,7.863923,7.863923,11,41
5x-risk-001,ENA/USDT:USDT,12,3.095445,3.095445,2,10
5x-risk-001,OP/USDT:USDT,51,-6.160119,-6.160119,10,41
5x-risk-001,APT/USDT:USDT,70,-7.351185,-7.351185,12,58
5x-risk-001,BTC/USDT:USDT,299,-7.547661,-7.547661,55,244
5x-risk-001,FET/USDT:USDT,45,-7.636081,-7.636081,8,37
5x-risk-001,WLD/USDT:USDT,33,-65.581427,-65.581427,3,30
5x-risk-002,ETH/USDT:USDT,237,381.020069,381.020069,50,187
5x-risk-002,LINK/USDT:USDT,148,322.424427,322.424427,36,112
5x-risk-002,RENDER/USDT:USDT,18,266.220722,266.220722,6,12
5x-risk-002,SUI/USDT:USDT,57,251.355139,251.355139,14,43
5x-risk-002,INJ/USDT:USDT,56,162.54727,162.54727,13,43
5x-risk-002,NEAR/USDT:USDT,68,151.501995,151.501995,15,53
5x-risk-002,WIF/USDT:USDT,13,130.093309,130.093309,4,9
5x-risk-002,SOL/USDT:USDT,131,123.972318,123.972318,29,102
5x-risk-002,AVAX/USDT:USDT,99,90.886435,90.886435,19,80
5x-risk-002,1000PEPE/USDT:USDT,30,54.01481,54.01481,7,23
5x-risk-002,TIA/USDT:USDT,21,38.566094,38.566094,5,16
5x-risk-002,ENA/USDT:USDT,12,28.6635,28.6635,2,10
5x-risk-002,BNB/USDT:USDT,262,16.4645,16.4645,47,215
5x-risk-002,ARB/USDT:USDT,51,15.32559,15.32559,12,39
5x-risk-002,APT/USDT:USDT,70,-6.994168,-6.994168,12,58
5x-risk-002,FET/USDT:USDT,44,-54.826989,-54.826989,8,36
5x-risk-002,OP/USDT:USDT,52,-69.158322,-69.158322,10,42
5x-risk-002,WLD/USDT:USDT,33,-182.085916,-182.085916,3,30
5x-risk-002,BTC/USDT:USDT,298,-186.781207,-186.781207,53,245
5x-risk-005,ETH/USDT:USDT,207,1419.685543,1419.685543,46,161
5x-risk-005,LINK/USDT:USDT,118,1310.244962,1310.244962,29,89
5x-risk-005,1000PEPE/USDT:USDT,24,923.272286,923.272286,7,17
5x-risk-005,SUI/USDT:USDT,54,814.76128,814.76128,13,41
5x-risk-005,APT/USDT:USDT,64,774.424942,774.424942,12,52
5x-risk-005,ENA/USDT:USDT,12,481.609306,481.609306,2,10
5x-risk-005,WIF/USDT:USDT,13,463.986245,463.986245,5,8
5x-risk-005,INJ/USDT:USDT,43,392.484827,392.484827,10,33
5x-risk-005,NEAR/USDT:USDT,57,314.652299,314.652299,14,43
5x-risk-005,ARB/USDT:USDT,42,106.363091,106.363091,12,30
5x-risk-005,RENDER/USDT:USDT,16,-26.134762,-26.134762,5,11
5x-risk-005,TIA/USDT:USDT,18,-92.620441,-92.620441,3,15
5x-risk-005,AVAX/USDT:USDT,86,-195.97201,-195.97201,17,69
5x-risk-005,WLD/USDT:USDT,25,-217.681104,-217.681104,3,22
5x-risk-005,SOL/USDT:USDT,112,-484.145324,-484.145324,23,89
5x-risk-005,OP/USDT:USDT,40,-598.369227,-598.369227,8,32
5x-risk-005,BTC/USDT:USDT,286,-794.289679,-794.289679,52,234
5x-risk-005,FET/USDT:USDT,41,-1233.420918,-1233.420918,5,36
5x-risk-005,BNB/USDT:USDT,229,-2147.703489,-2147.703489,40,189
