label,archive_symbol,freqtrade_pair,first_candle,last_candle,candle_rows,actual_funding_rows,funding_fallback_rows,mark_fallback_rows
BTC,BTCUSDT,BTC/USDT:USDT,2021-01-01T00:00:00+00:00,2026-08-09T23:00:00+00:00,49128,6114,43014,0
ETH,ETHUSDT,ETH/USDT:USDT,2021-01-01T00:00:00+00:00,2026-08-09T23:00:00+00:00,49128,6114,43014,0
SOL,SOLUSDT,SOL/USDT:USDT,2021-01-01T00:00:00+00:00,2026-08-09T23:00:00+00:00,49008,6189,42939,0
BNB,BNBUSDT,BNB/USDT:USDT,2021-01-01T00:00:00+00:00,2026-08-09T23:00:00+00:00,49128,6114,43014,0
SUI,SUIUSDT,SUI/USDT:USDT,2023-05-03T16:00:00+00:00,2026-08-09T23:00:00+00:00,28664,3556,25108,0
ENA,ENAUSDT,ENA/USDT:USDT,2024-04-02T12:00:00+00:00,2026-08-09T23:00:00+00:00,20628,5101,15527,0
WIF,WIFUSDT,WIF/USDT:USDT,2024-01-18T14:00:00+00:00,2026-08-09T23:00:00+00:00,22426,5551,16875,0
PEPE,1000PEPEUSDT,1000PEPE/USDT:USDT,2023-05-05T16:00:00+00:00,2026-08-09T23:00:00+00:00,28616,3550,25066,0
APT,APTUSDT,APT/USDT:USDT,2022-10-19T02:00:00+00:00,2026-08-09T23:00:00+00:00,33382,4147,29237,0
ARB,ARBUSDT,ARB/USDT:USDT,2023-03-23T15:00:00+00:00,2026-08-09T23:00:00+00:00,29649,3680,25970,0
OP,OPUSDT,OP/USDT:USDT,2022-06-01T14:00:00+00:00,2026-08-09T23:00:00+00:00,36730,4565,32166,0
TIA,TIAUSDT,TIA/USDT:USDT,2023-10-31T18:00:00+00:00,2026-08-09T23:00:00+00:00,24318,6024,18294,0
INJ,INJUSDT,INJ/USDT:USDT,2022-08-17T02:00:00+00:00,2026-08-09T23:00:00+00:00,34894,4336,30560,0
FET,FETUSDT,FET/USDT:USDT,2023-01-17T02:00:00+00:00,2026-08-09T23:00:00+00:00,31222,3878,27347,0
RENDER,RENDERUSDT,RENDER/USDT:USDT,2024-07-26T10:00:00+00:00,2026-08-09T23:00:00+00:00,17870,4412,13458,0
AVAX,AVAXUSDT,AVAX/USDT:USDT,2021-01-01T00:00:00+00:00,2026-08-09T23:00:00+00:00,49128,6114,43014,0
NEAR,NEARUSDT,NEAR/USDT:USDT,2021-01-01T00:00:00+00:00,2026-08-09T23:00:00+00:00,49008,6114,43014,0
LINK,LINKUSDT,LINK/USDT:USDT,2021-01-01T00:00:00+00:00,2026-08-09T23:00:00+00:00,49128,6114,43014,0
WLD,WLDUSDT,WLD/USDT:USDT,2023-07-24T12:00:00+00:00,2026-08-09T23:00:00+00:00,26700,3310,23390,0
