scenario,timestamp,balance_usdt
backtest_results,2025-01-01T14:00:00+00:00,98.892791
backtest_results,2025-01-02T00:00:00+00:00,97.725781
backtest_results,2025-01-02T09:00:00+00:00,102.528845
backtest_results,2025-01-03T15:00:00+00:00,107.285184
backtest_results,2025-01-12T15:00:00+00:00,106.231454
backtest_results,2025-01-13T00:00:00+00:00,105.027059
backtest_results,2025-01-14T01:00:00+00:00,104.046065
backtest_results,2025-01-20T06:00:00+00:00,102.979102
backtest_results,2025-01-20T12:00:00+00:00,101.952962
backtest_results,2025-01-22T07:00:00+00:00,100.850471
backtest_results,2025-01-22T11:00:00+00:00,99.750599
backtest_results,2025-01-23T14:00:00+00:00,98.855504
backtest_results,2025-01-23T23:00:00+00:00,97.813983
backtest_results,2025-01-24T04:00:00+00:00,96.617866
backtest_results,2025-01-26T09:00:00+00:00,95.480795
backtest_results,2025-01-26T17:00:00+00:00,94.444098
backtest_results,2025-01-26T23:00:00+00:00,93.520102
backtest_results,2025-01-27T07:00:00+00:00,98.027282
backtest_results,2025-01-31T20:00:00+00:00,96.94611
