trend_mode,direction,collateral_fraction,leverage,account_profit_target,margin_take_profit,time_mode,trades,wins,losses,win_rate,average_win,average_loss,payoff_ratio,gross_profit,gross_loss,pf,drawdown,max_consecutive_losses,average_holding_hours,median_holding_hours,initial_equity,final_equity,return_pct,min_equity,max_equity,max_concurrent_positions,skipped_entries,fees,funding,imputed_funding,stress_pf,stress_final_equity,selection_passed
basic,long,0.3,3.0,0.3,1.0,72h,86,13,73,0.1511627906976744,22.248543285484992,-2.696034051802844,8.252322803789271,289.2310627113049,196.8104857816076,1.469591732181651,0.3181879660974097,13,14.38953488372093,3.125,100.0,192.42057692969732,92.42057692969732,98.82434334917937,278.77855096591685,2,1402,13.270567257875271,2.4396988933719155,2.4396988933719155,1.5196536598995571,174.60667089620142,True
basic,long,0.4,3.0,0.3,0.7499999999999999,72h,89,14,75,0.15730337078651685,30.981176290780557,-4.039979508743874,7.668646888858439,433.7364680709278,302.9984631557906,1.4314807525869084,0.34409337438486703,12,14.1938202247191,3.0,100.0,230.7380049151371,130.7380049151371,98.43375901259354,351.784836292426,2,1399,20.496283055784613,3.592200840441216,3.592200840441216,1.2875027932354006,184.92396291543668,True
basic,long,0.3,3.0,0.2,0.6666666666666667,72h,157,27,130,0.17197452229299362,24.21447420288245,-3.515455343044844,6.88800506335249,653.7908034778261,457.0091945958297,1.4305856670039787,0.31150712084639637,18,13.468152866242038,3.25,100.0,296.7816088819965,196.78160888199648,98.82434334917937,428.70294153541056,2,1331,27.758563940644677,4.796760279472741,4.796760279472741,1.2860335206238322,220.25279884629583,True
strict_six,long,0.3,5.0,0.2,0.6666666666666667,72h,20,3,17,0.15,21.275774478877512,-3.5418861158447963,6.006905299326063,63.82732343663254,60.21206396936154,1.0600421116457759,0.32145778335527264,8,8.075,4.5,100.0,103.61525946727103,3.615259467271037,93.96999588323877,152.70274557068885,2,171,3.299921253162791,0.281993912293828,0.281993912293828,1.057775960682843,103.3462228045298,False
strict_six,long,0.3,5.0,0.3,1.0,24h,19,4,15,0.21052631578947367,14.637437859656778,-3.417737921706615,4.28278533783764,58.54975143862711,51.26606882559922,1.1420760900900373,0.3052492768800307,8,8.394736842105264,3.25,100.0,107.2836826130279,7.2836826130278975,93.96999588323877,154.42039719115513,2,172,3.134506856871169,0.29428491365695236,0.29428491365695236,1.026816506231347,101.44876131184263,False
strict_six,long,0.4,3.0,0.3,0.7499999999999999,24h,23,5,18,0.21739130434782608,11.003136550638036,-2.8256687008359904,3.893993852634845,55.01568275319018,50.86203661504783,1.0816649590652347,0.3036941790139354,8,8.402173913043478,3.25,100.0,104.15364613814234,4.153646138142331,95.15073098517838,149.53131273197718,2,168,3.0299515504243266,0.28869865134099304,0.28869865134099304,1.0237698231796475,101.1816498301722,False
strict_six,long,0.4,5.0,0.3,0.7499999999999999,24h,19,4,15,0.21052631578947367,16.862095931530785,-3.951800371021954,4.2669402167119515,67.44838372612314,59.27700556532931,1.1378507244565204,0.3131199135549671,8,8.394736842105264,3.25,100.0,108.17137816079386,8.171378160793875,92.02964049805753,157.48218691364,2,172,4.014652531019126,0.36817605030210243,0.36817605030210243,1.0098994595580044,100.60502143740916,False
strict_six,long,0.3,3.0,0.3,1.0,72h,33,5,28,0.15151515151515152,18.047570843424577,-2.9520427362004162,6.11358725336533,90.23785421712289,82.65719661361166,1.0917120095295232,0.32117005033101775,9,13.462121212121213,5.75,100.0,107.58065760351123,7.580657603511232,93.96076671678,158.4795391776258,2,158,3.211014177644409,0.5437922279371946,0.5437922279371946,1.0093420862455318,100.792488119957,False
strict_six,long,0.3,5.0,0.2,0.6666666666666667,24h,19,4,15,0.21052631578947367,14.214327847319332,-3.3844645654424386,4.1998749203808385,56.85731138927733,50.76696848163658,1.1199666454348902,0.30524927688003045,8,7.4868421052631575,3.25,100.0,106.0903429076408,6.090342907640811,93.96999588323877,152.70274557068885,2,172,3.1269977253765915,0.2460556561682959,0.2460556561682959,1.008945964932419,100.47943615579233,False
strict_six,long,0.3,3.0,0.3,1.0,24h,51,12,39,0.23529411764705882,11.494256081997989,-3.302249907330167,3.4807347731265343,137.93107298397587,128.78774638587652,1.0709953148081646,0.3155377677121082,9,9.17156862745098,5.75,100.0,109.14332659809928,9.14332659809929,96.34398961038919,159.4585083727344,2,140,5.389507573707077,0.5929735213444497,0.5929735213444497,0.9824865818431668,99.15926632651306,False
strict_six,long,0.4,5.0,0.2,0.5,72h,23,4,19,0.17391304347826086,21.867074416955994,-4.0957367870817905,5.338984303367861,87.46829766782398,77.81899895455402,1.1239966954458656,0.3192634599597671,8,7.108695652173913,2.75,100.0,109.64929871326993,9.649298713269939,92.02964049805753,161.07450131410522,2,168,5.351296881931277,0.35160988896216416,0.35160988896216416,0.9617399832398114,97.7457487670224,False
strict_six,long,0.4,5.0,0.2,0.5,24h,26,6,20,0.23076923076923078,16.302577908370257,-4.487474014117423,3.6329074791481717,97.81546745022155,89.74948028234847,1.0898722437444517,0.3290931445621074,6,6.105769230769231,2.625,100.0,108.06598716787303,8.065987167873034,92.02964049805753,161.07450131410522,2,165,6.116386250320614,0.3552698333031511,0.3552698333031511,0.9433337896940055,96.29959875383808,False
basic,long,0.4,3.0,0.3,0.7499999999999999,24h,50,9,41,0.18,10.757398071552409,-2.4682395796367715,4.358328162428818,96.81658264397169,101.19782276510763,0.9567061819965699,0.32479591375052724,11,7.875,3.125,100.0,95.61875987886407,-4.3812401211359315,95.61875987886407,141.61460486709063,2,1438,7.002845278429637,0.7014392079121935,0.7014392079121935,0.941089648598156,95.50066716652077,False
basic,long,0.3,5.0,0.3,1.0,24h,34,8,26,0.23529411764705882,10.818837944940027,-3.38897604189744,3.192361884884471,86.55070355952022,88.11337708933344,0.9822651953490681,0.3079711494493041,7,7.904411764705882,2.875,100.0,98.43732647018683,-1.5626735298131633,98.04382466449331,142.24454138270875,2,1454,6.095822343309975,0.6287202837943918,0.6287202837943918,0.9350048670020437,94.40664643958975,False
basic,long,0.3,5.0,0.3,1.0,72h,32,3,29,0.09375,25.152286832878232,-2.7239980019053234,9.233592247602697,75.4568604986347,78.99594205525437,0.9551991980278653,0.3214233600533013,10,11.0859375,1.875,100.0,96.46091844338031,-3.5390815566196943,96.46091844338031,142.15184072790538,2,1456,5.618608728691674,0.8092758514888024,0.8092758514888024,0.9335258702389171,94.87672546364433,False
basic,long,0.3,3.0,0.3,1.0,24h,206,39,167,0.18932038834951456,18.172624472813467,-2.9765971191430376,6.105167661401677,708.7323544397252,497.0917188968873,1.4257577173333256,0.34304226513188124,11,7.16747572815534,2.375,100.0,311.6406355428378,211.6406355428378,97.36910645602624,474.3693832989092,2,1282,30.9524191793541,2.5191121583663763,2.5191121583663763,0.924796891077133,93.70406920634088,False
basic,long,0.3,5.0,0.2,0.6666666666666667,24h,36,8,28,0.2222222222222222,11.359803738233005,-3.1429346347500804,3.6143938892754965,90.87842990586404,88.00216977300225,1.0326839683644276,0.3294480468606312,7,6.4375,2.25,100.0,102.87626013286172,2.8762601328617077,98.04382466449331,153.42026766340612,2,1452,6.372734789219645,0.5245149086834796,0.5245149086834796,0.9136072865153958,92.08838873295433,False
basic,long,0.4,5.0,0.3,0.7499999999999999,24h,34,8,26,0.23529411764705882,15.075494326170645,-3.974173769036949,3.7933656659969976,120.60395460936516,103.32851799496068,1.167189435691384,0.3056963812600004,6,6.705882352941177,2.25,100.0,117.27543661440453,17.275436614404516,97.65985595456557,168.7969524255144,2,1454,8.071552832297249,0.6842188710487328,0.6842188710487328,0.8987708980645857,90.29389241360558,False
strict_six,long,0.4,3.0,0.2,0.5,24h,23,5,18,0.21739130434782608,8.695674004996675,-2.630082268771292,3.306236503795402,43.47837002498338,47.34148083788326,0.918399028832056,0.3036941790139355,8,8.402173913043478,3.25,100.0,96.13688918710011,-3.8631108128998948,95.15073098517838,138.02181464726686,2,168,2.885374400748411,0.272992945813671,0.272992945813671,0.8575934862167938,93.38883683279862,False
basic,long,0.4,5.0,0.2,0.5,24h,34,8,26,0.23529411764705882,11.436456383461412,-3.571283502711938,3.202337863901555,91.4916510676913,92.85337107051039,0.9853347273543247,0.30569638126000065,7,6.551470588235294,2.0,100.0,98.63827999718094,-1.3617200028190557,97.65985595456557,141.97210888041738,2,1454,7.417720520007098,0.611002433150139,0.611002433150139,0.8501788883013159,85.70830700995876,False
basic,long,0.4,5.0,0.3,0.7499999999999999,72h,28,3,25,0.10714285714285714,21.921084989699583,-3.141138380372347,6.978707186755995,65.76325496909875,78.52845950930868,0.8374448624107194,0.37830538959801524,10,9.392857142857142,1.375,100.0,87.23479545979006,-12.76520454020994,87.23479545979006,140.31776052133452,2,1460,6.0504436893005025,0.734002019678939,0.734002019678939,0.8408257937448439,92.71118743832253,False
basic,long,0.4,3.0,0.2,0.5,24h,35,8,27,0.22857142857142856,8.100813103266303,-2.6072148452478454,3.1070753981136634,64.80650482613042,70.39480082169183,0.9206149327744187,0.30853734201409355,7,7.114285714285714,2.25,100.0,94.41170400443855,-5.588295995561454,94.41170400443855,136.53912169232842,2,1453,4.763811091203289,0.43512253822932073,0.43512253822932073,0.8404450841787175,88.50921963685934,False
basic,long,0.3,3.0,0.2,0.6666666666666667,24h,208,40,168,0.19230769230769232,11.250427406942894,-2.1951180883425034,5.125203726710621,450.0170962777158,368.7798388415406,1.2202866015977671,0.3519934048484029,15,7.133413461538462,2.375,100.0,181.23725743617516,81.23725743617516,90.75740924618025,279.68427912956014,2,1280,23.91857367116736,2.1302926131567426,2.1302926131567426,0.8252706685343436,86.48531614278184,False
strict_six,long,0.3,5.0,0.3,1.0,72h,19,2,17,0.10526315789473684,23.990285663194506,-3.1190271823357643,7.691592365421053,47.98057132638901,53.02346209970799,0.9048932194613004,0.3020200164773324,9,10.855263157894736,3.25,100.0,94.95710922668103,-5.042890773318975,90.05248203012815,136.04560512958778,2,172,2.9023056820871416,0.35600860014452335,0.35600860014452335,0.8193363562993279,89.92035564221449,False
basic,long,0.4,5.0,0.2,0.5,72h,34,5,29,0.14705882352941177,18.85241688843437,-3.471927973734071,5.429956217714541,94.26208444217185,100.68591123828806,0.9361993478818177,0.3362389187079929,9,6.9411764705882355,2.0,100.0,93.57617320388383,-6.423826796116172,93.57617320388383,140.9786982715804,2,1454,7.348248853406366,0.6473107811899527,0.6473107811899527,0.8170343132651505,81.05629711780948,False
strict_six,long,0.3,3.0,0.2,0.6666666666666667,24h,84,20,64,0.23809523809523808,12.240783760033711,-3.161460655598339,3.87187603880429,244.81567520067424,202.3334819582937,1.2099612621263407,0.3144695685639165,13,7.654761904761905,3.25,100.0,142.48219324238045,42.48219324238045,92.34699496674284,207.84225864911878,2,107,9.360920759451899,-0.00022908245011896405,0.48644062679485733,0.8105317191126035,91.52751222980015,False
strict_six,both,0.3,3.0,0.3,1.0,24h,122,22,100,0.18032786885245902,4.152782232040491,-0.9931520429022686,4.181416392101352,91.3612091048908,99.31520429022686,0.9199116062622974,0.31854822460992305,19,8.204918032786885,3.25,100.0,92.04600481466392,-7.953995185336082,88.24698415350176,135.07339497644554,3,2052,11.381102642609136,1.0898504130692892,1.0898504130692892,0.7801043522413665,79.57202188714732,False
strict_six,long,0.4,3.0,0.3,0.7499999999999999,72h,22,2,20,0.09090909090909091,22.57644930220321,-2.6388499756594768,8.555412210033317,45.15289860440642,52.77699951318954,0.8555412210033316,0.31584551187270865,9,11.454545454545455,4.5,100.0,92.37589909121681,-7.624100908783193,91.99480758684027,135.02198800752393,2,169,2.7263337863929293,0.35502061201484525,0.35502061201484525,0.7800224554233849,87.76017846676986,False
basic,long,0.4,3.0,0.2,0.5,72h,31,3,28,0.0967741935483871,16.77758950068335,-2.133190120509703,7.865023065395842,50.33276850205005,59.72932337427169,0.8426810427209831,0.30317853080096807,10,10.14516129032258,1.5,100.0,90.60344512777831,-9.396554872221685,90.60344512777831,130.02390014177277,2,1457,4.072816838482285,0.5260050122940145,0.5260050122940145,0.7494756374159256,83.90478995461567,False
basic,long,0.3,5.0,0.2,0.6666666666666667,72h,28,3,25,0.10714285714285714,17.25966805293915,-2.4696978573250914,6.988574736681738,51.77900415881746,61.742446433127284,0.8386289684018086,0.3135625925215909,10,9.339285714285714,1.25,100.0,90.03655772569014,-9.963442274309852,90.03655772569014,131.1649929691836,2,1460,4.60607942720478,0.5581201886032398,0.5581201886032398,0.7458578269472794,83.22240082876154,False
strict_six,long,0.3,3.0,0.2,0.6666666666666667,72h,33,5,28,0.15151515151515152,12.519274989344257,-2.621260419741113,4.776051587648325,62.59637494672128,73.39529175275116,0.8528663549372009,0.3211700503310179,9,12.901515151515152,5.75,100.0,89.20108319397005,-10.798916806029945,88.47544670228449,131.40416570816768,2,158,2.951601981650469,0.467930484744165,0.467930484744165,0.7158672538594453,78.9020833073751,False
strict_six,both,0.3,3.0,0.2,0.6666666666666667,24h,122,22,100,0.18032786885245902,3.6487455387036865,-0.95361885125789,3.826209532131979,80.2724018514811,95.361885125789,0.8417660970690354,0.31854822460992316,19,8.202868852459016,3.25,100.0,84.91051672569213,-15.089483274307868,84.91051672569213,124.60238536628307,3,2052,11.039115325935784,1.0565719933898552,1.0565719933898552,0.7126816220718599,74.4441511693614,False
strict_six,long,0.4,3.0,0.2,0.5,72h,37,6,31,0.16216216216216217,11.597137514152806,-2.8466536382887075,4.073954540224477,69.58282508491683,88.24626278694993,0.7885073303660278,0.3473719620492507,9,11.114864864864865,5.75,100.0,81.3365622979669,-18.663437702033093,81.3365622979669,124.62927972473194,2,154,4.059714483583599,0.5190917497844847,0.5190917497844847,0.6994271466630839,84.16058017330008,False
basic,short,0.3,3.0,0.3,1.0,72h,152,18,134,0.11842105263157894,7.273371429404382,-1.0308621676575447,7.055619710956952,130.9206857292789,138.135530466111,0.9477698119195905,0.314742011922063,28,13.605263157894736,1.25,100.0,92.78515526316784,-7.21484473683216,80.44213335870526,135.40178571784125,2,4840,14.102462649518788,2.144555609848589,2.144555609848589,0.6800939916311748,77.8600050497697,False
basic,short,0.3,3.0,0.2,0.6666666666666667,72h,152,18,134,0.11842105263157894,6.579346500539207,-0.992223535851705,6.6309115464506965,118.42823700970573,132.95795380412846,0.8907194614635264,0.3147420119220634,28,13.59703947368421,1.25,100.0,85.47028320557716,-14.529716794422843,80.44213335870526,124.72716070820374,2,4840,13.61711221237979,2.064885750811872,2.064885750811872,0.6800939916311748,77.8600050497697,False
strict_six,both,0.4,5.0,0.2,0.5,24h,38,7,31,0.18421052631578946,4.988382120971012,-1.6410447685814389,3.0397599239678863,34.91867484679709,50.87238782602461,0.686397402186297,0.3149641659742533,11,6.796052631578948,3.25,100.0,84.04628702077238,-15.95371297922762,84.04628702077238,122.6888913633291,2,2136,7.768115732558905,0.6225016198631896,0.6225016198631896,0.6239000944972115,81.45404174377575,False
strict_six,both,0.4,5.0,0.3,0.7499999999999999,24h,38,7,31,0.18421052631578946,4.988382120971012,-1.6410447685814389,3.0397599239678863,34.91867484679709,50.87238782602461,0.686397402186297,0.3149641659742533,11,6.796052631578948,3.25,100.0,84.04628702077238,-15.95371297922762,84.04628702077238,122.6888913633291,2,2136,7.768115732558905,0.6225016198631896,0.6225016198631896,0.6239000944972115,81.45404174377575,False
strict_six,short,0.4,5.0,0.2,0.5,24h,38,7,31,0.18421052631578946,4.988382120971012,-1.6410447685814389,3.0397599239678863,34.91867484679709,50.87238782602461,0.686397402186297,0.3149641659742533,11,6.796052631578948,3.25,100.0,84.04628702077238,-15.95371297922762,84.04628702077238,122.6888913633291,2,1945,7.768115732558905,0.6225016198631896,0.6225016198631896,0.6239000944972115,81.45404174377575,False
strict_six,short,0.4,5.0,0.3,0.7499999999999999,24h,38,7,31,0.18421052631578946,4.988382120971012,-1.6410447685814389,3.0397599239678863,34.91867484679709,50.87238782602461,0.686397402186297,0.3149641659742533,11,6.796052631578948,3.25,100.0,84.04628702077238,-15.95371297922762,84.04628702077238,122.6888913633291,2,1945,7.768115732558905,0.6225016198631896,0.6225016198631896,0.6239000944972115,81.45404174377575,False
strict_six,long,0.4,5.0,0.3,0.7499999999999999,72h,21,2,19,0.09523809523809523,19.596554988974273,-3.0675310512719194,6.388380316753034,39.193109977948545,58.283089974166465,0.6724610859740037,0.3168484040122282,9,10.880952380952381,3.25,100.0,80.91002000378211,-19.089979996217888,80.91002000378211,118.43640632471035,2,170,3.692049064302104,0.4335996173967989,0.4335996173967989,0.6190983388329824,78.63748542296327,False
strict_six,short,0.3,3.0,0.2,0.6666666666666667,24h,109,19,90,0.1743119266055046,2.4828724572411196,-0.7821313545984874,3.1744954893359565,47.17457668758127,70.39182191386386,0.6701712699709241,0.3023528314022615,18,8.160550458715596,3.25,100.0,76.78275477371754,-23.217245226282458,76.78275477371754,110.05958058720407,2,1874,9.29627881418391,0.8983558778675312,0.8983558778675312,0.6030605527516769,76.06980360350914,False
strict_six,short,0.3,3.0,0.3,1.0,24h,109,19,90,0.1743119266055046,2.4828724572411196,-0.7821313545984874,3.1744954893359565,47.17457668758127,70.39182191386386,0.6701712699709241,0.3023528314022615,18,8.160550458715596,3.25,100.0,76.78275477371754,-23.217245226282458,76.78275477371754,110.05958058720407,2,1874,9.29627881418391,0.8983558778675312,0.8983558778675312,0.6030605527516769,76.06980360350914,False
strict_six,short,0.4,3.0,0.2,0.5,24h,100,19,81,0.19,3.2347793095898596,-1.0584132228908407,3.0562536820493578,61.46080688220733,85.7314710541581,0.7168990118387382,0.33260058727962777,11,8.4625,3.25,100.0,75.7293358280492,-24.270664171950795,75.7293358280492,113.46928748314372,2,1883,11.337532561308295,1.128172454179544,1.128172454179544,0.5244161207449737,77.42823484775987,False
strict_six,short,0.4,3.0,0.3,0.7499999999999999,24h,100,19,81,0.19,3.2347793095898596,-1.0584132228908407,3.0562536820493578,61.46080688220733,85.7314710541581,0.7168990118387382,0.33260058727962777,11,8.4625,3.25,100.0,75.7293358280492,-24.270664171950795,75.7293358280492,113.46928748314372,2,1883,11.337532561308295,1.128172454179544,1.128172454179544,0.5244161207449737,77.42823484775987,False
strict_six,both,0.3,5.0,0.2,0.6666666666666667,24h,97,20,77,0.20618556701030927,5.381510084556439,-1.508272119413609,3.5679967926800105,107.63020169112878,116.13695319484789,0.9267524136831197,0.3155703892655887,12,8.342783505154639,3.25,100.0,91.49324849628094,-8.506751503719057,80.57222928643684,133.67809788081237,3,2077,14.729088618972906,1.420763600260186,1.420763600260186,0.508313391004185,77.64715265433463,False
strict_six,both,0.3,5.0,0.3,1.0,24h,97,20,77,0.20618556701030927,4.956868551311299,-1.4711665134392231,3.369345689988122,99.13737102622598,113.27982153482017,0.8751547246722395,0.3155703892655886,14,8.52061855670103,3.25,100.0,85.8575494914059,-14.142450508594095,80.57222928643684,125.4439436062365,3,2077,14.422215665816891,1.436115710461098,1.436115710461098,0.508313391004185,77.64715265433463,False
strict_six,short,0.3,5.0,0.2,0.6666666666666667,24h,70,14,56,0.2,3.9829252159598605,-1.32459697031182,3.0068959126656085,55.76095302343805,74.17743033746193,0.7517239781664021,0.3021415371585203,11,8.5,3.25,100.0,81.5835226859762,-18.416477314023794,81.5835226859762,116.90554321544154,2,1913,10.253077242683032,1.0334883858837205,1.0334883858837205,0.508313391004185,77.64715265433463,False
strict_six,short,0.3,5.0,0.3,1.0,24h,70,14,56,0.2,3.9829252159598605,-1.32459697031182,3.0068959126656085,55.76095302343805,74.17743033746193,0.7517239781664021,0.3021415371585203,11,8.5,3.25,100.0,81.5835226859762,-18.416477314023794,81.5835226859762,116.90554321544154,2,1913,10.253077242683032,1.0334883858837205,1.0334883858837205,0.508313391004185,77.64715265433463,False
strict_six,both,0.4,3.0,0.3,0.7499999999999999,24h,122,22,100,0.18032786885245902,4.998195048494745,-1.2075004895639134,4.139290287410015,109.9602910668844,120.75004895639134,0.9106438632302034,0.32492282381217075,19,8.202868852459016,3.25,100.0,89.2102421104931,-10.789757889506902,85.57333675434353,132.14821246700214,3,2052,14.588150870182504,1.3669693125689895,1.3669693125689895,0.5072574653992875,75.82311518810042,False
strict_six,both,0.4,3.0,0.2,0.5,24h,122,22,100,0.18032786885245902,4.476368613015757,-1.1620526353708032,3.8521220784352663,98.48010948634665,116.20526353708031,0.8474668572557585,0.3249228238121705,19,8.202868852459016,3.25,100.0,82.27484594926638,-17.72515405073363,82.27484594926638,121.87472610742614,3,2052,14.158298850994978,1.3253775234736147,1.3253775234736147,0.5072574653992875,75.82311518810042,False
basic,short,0.4,3.0,0.2,0.5,24h,60,12,48,0.2,2.699618106700815,-1.202414783443305,2.2451637686706007,32.39541728040978,57.71590960527864,0.5612909421676502,0.34098833757594027,13,8.383333333333333,3.625,100.0,74.6795076751311,-25.320492324868894,74.6795076751311,113.32046446710143,2,4932,6.710526259049904,0.6616762964758529,0.6616762964758529,0.46055930237402976,75.51386854083307,False
basic,short,0.4,3.0,0.3,0.7499999999999999,24h,60,12,48,0.2,2.699618106700815,-1.202414783443305,2.2451637686706007,32.39541728040978,57.71590960527864,0.5612909421676502,0.34098833757594027,13,8.383333333333333,3.625,100.0,74.6795076751311,-25.320492324868894,74.6795076751311,113.32046446710143,2,4932,6.710526259049904,0.6616762964758529,0.6616762964758529,0.46055930237402976,75.51386854083307,False
basic,short,0.3,3.0,0.2,0.6666666666666667,24h,127,23,104,0.18110236220472442,2.8136549702064664,-0.8626475463537946,3.2616506962769614,64.71406431474873,89.71534482079464,0.7213265962920202,0.31790479706434716,26,7.679133858267717,2.75,100.0,74.99871949395407,-25.00128050604593,74.99871949395407,109.95344809810847,2,4865,10.64432133992297,0.9492417339625482,0.9492417339625482,0.4354672730278178,71.99449980177289,False
basic,short,0.3,3.0,0.3,1.0,24h,127,23,104,0.18110236220472442,2.8136549702064664,-0.8626475463537946,3.2616506962769614,64.71406431474873,89.71534482079464,0.7213265962920202,0.31790479706434716,26,7.679133858267717,2.75,100.0,74.99871949395407,-25.00128050604593,74.99871949395407,109.95344809810847,2,4865,10.64432133992297,0.9492417339625482,0.9492417339625482,0.4354672730278178,71.99449980177289,False
basic,short,0.3,5.0,0.2,0.6666666666666667,24h,44,9,35,0.20454545454545456,3.2846356180837137,-1.3841265552998419,2.3730746336068718,29.561720562753422,48.44442943549446,0.6102191914989099,0.3136237441578681,13,8.0,3.125,100.0,81.11729112725898,-18.882708872741016,80.1071603551347,116.7102732259426,2,4948,6.196158665983314,0.597053781708839,0.597053781708839,0.43360290290796977,79.47509392617515,False
basic,short,0.3,5.0,0.3,1.0,24h,44,9,35,0.20454545454545456,3.2846356180837137,-1.3841265552998419,2.3730746336068718,29.561720562753422,48.44442943549446,0.6102191914989099,0.3136237441578681,13,8.0,3.125,100.0,81.11729112725898,-18.882708872741016,80.1071603551347,116.7102732259426,2,4948,6.196158665983314,0.597053781708839,0.597053781708839,0.43360290290796977,79.47509392617515,False
basic,short,0.4,5.0,0.2,0.5,24h,19,4,15,0.21052631578947367,3.6936575862405574,-2.079635404980857,1.776108243490189,14.77463034496223,31.194531074712852,0.47362886493071704,0.3171990792583261,12,6.842105263157895,1.25,100.0,83.58009927024939,-16.419900729750616,83.58009927024939,122.40771318741454,2,4973,3.8758139082375687,0.29561893406786544,0.29561893406786544,0.3989563709508834,80.6767291364842,False
basic,short,0.4,5.0,0.3,0.7499999999999999,24h,19,4,15,0.21052631578947367,3.6936575862405574,-2.079635404980857,1.776108243490189,14.77463034496223,31.194531074712852,0.47362886493071704,0.3171990792583261,12,6.842105263157895,1.25,100.0,83.58009927024939,-16.419900729750616,83.58009927024939,122.40771318741454,2,4973,3.8758139082375687,0.29561893406786544,0.29561893406786544,0.3989563709508834,80.6767291364842,False
basic,both,0.4,5.0,0.2,0.5,24h,25,4,21,0.16,3.5127816985877995,-1.6154182212490318,2.1745339085452047,14.051126794351198,33.92378264622967,0.4141969349609914,0.3292535643903729,14,6.54,0.75,100.0,80.12734414812157,-19.872655851878427,80.12734414812157,119.45996265383883,3,6455,4.5439277601796775,0.3426698755048841,0.3426698755048841,0.3778728265904706,79.8167206523572,False
basic,both,0.4,5.0,0.3,0.7499999999999999,24h,25,4,21,0.16,3.5127816985877995,-1.6154182212490318,2.1745339085452047,14.051126794351198,33.92378264622967,0.4141969349609914,0.3292535643903729,14,6.54,0.75,100.0,80.12734414812157,-19.872655851878427,80.12734414812157,119.45996265383883,3,6455,4.5439277601796775,0.3426698755048841,0.3426698755048841,0.3778728265904706,79.8167206523572,False
basic,both,0.4,3.0,0.2,0.5,24h,45,7,38,0.15555555555555556,1.9167566593643344,-0.9913812016923667,1.9334204200082452,13.41729661555034,37.67248566430993,0.3561563931594136,0.32657868465747375,19,7.016666666666667,1.25,100.0,75.74481095124032,-24.255189048759675,75.23800596034995,111.72501411257112,3,6435,4.462101384329513,0.3519067134627307,0.3519067134627307,0.2952924276292747,74.83561878278147,False
basic,both,0.4,3.0,0.3,0.7499999999999999,24h,45,7,38,0.15555555555555556,1.9167566593643344,-0.9913812016923667,1.9334204200082452,13.41729661555034,37.67248566430993,0.3561563931594136,0.32657868465747375,19,7.016666666666667,1.25,100.0,75.74481095124032,-24.255189048759675,75.23800596034995,111.72501411257112,3,6435,4.462101384329513,0.3519067134627307,0.3519067134627307,0.2952924276292747,74.83561878278147,False
basic,both,0.3,5.0,0.2,0.6666666666666667,24h,27,4,23,0.14814814814814814,2.7613056030540246,-1.3603421401525528,2.029861107400792,11.045222412216098,31.287869223508714,0.35301932302622474,0.3120573467772817,16,6.185185185185185,0.75,100.0,79.75735318870738,-20.24264681129262,79.75735318870738,115.93604905158614,3,6453,4.013416373794898,0.2842295091057006,0.2842295091057006,0.29512033527694725,77.09236155474754,False
basic,both,0.3,5.0,0.3,1.0,24h,27,4,23,0.14814814814814814,2.7613056030540246,-1.3603421401525528,2.029861107400792,11.045222412216098,31.287869223508714,0.35301932302622474,0.3120573467772817,16,6.185185185185185,0.75,100.0,79.75735318870738,-20.24264681129262,79.75735318870738,115.93604905158614,3,6453,4.013416373794898,0.2842295091057006,0.2842295091057006,0.29512033527694725,77.09236155474754,False
basic,both,0.3,3.0,0.2,0.6666666666666667,24h,66,13,53,0.19696969696969696,2.1160867041705096,-0.9905494391653353,2.1362757077057997,27.509127154216625,52.49912027576277,0.5239921547202905,0.331081494773523,19,8.43560606060606,3.125,100.0,75.01000687845381,-24.989993121546195,73.2370497888517,109.48575830482623,3,6414,5.331907477125194,0.5114378805710054,0.5114378805710054,0.26403442752669515,74.23668536733302,False
basic,both,0.3,3.0,0.3,1.0,24h,66,13,53,0.19696969696969696,2.1160867041705096,-0.9905494391653353,2.1362757077057997,27.509127154216625,52.49912027576277,0.5239921547202905,0.331081494773523,19,8.43560606060606,3.125,100.0,75.01000687845381,-24.989993121546195,73.2370497888517,109.48575830482623,3,6414,5.331907477125194,0.5114378805710054,0.5114378805710054,0.26403442752669515,74.23668536733302,False
basic,short,0.4,3.0,0.2,0.5,72h,87,9,78,0.10344827586206896,7.923378507770646,-1.1854466327758606,6.683876176877855,71.31040656993581,92.46483735651712,0.7712164819474449,0.31860464933515925,26,13.132183908045977,1.0,100.0,78.84556921341864,-21.154430786581358,78.84556921341864,115.71192720421212,2,4905,9.88111711120341,1.4332040617692796,1.4332040617692796,0.0,80.31962736633675,False
basic,short,0.4,3.0,0.3,0.7499999999999999,72h,86,9,77,0.10465116279069768,7.52388388179129,-1.1567139193196174,6.504533019034526,67.71495493612161,89.06697178761054,0.7602700931339057,0.3203122180334053,24,13.279069767441861,1.125,100.0,78.647983148511,-21.352016851488997,78.647983148511,115.71192720421212,2,4906,9.731595537947635,1.4178112012263262,1.4178112012263262,0.0,80.31962736633675,False
basic,both,0.3,3.0,0.2,0.6666666666666667,72h,30,0,30,0.0,0.0,-0.9878199553084934,0.0,0.0,29.634598659254802,0.0,0.3758115583108914,30,10.441666666666666,1.25,100.0,70.36540134074521,-29.634598659254795,70.36540134074521,112.73102262247963,3,6450,2.475138386558517,0.28507546353842506,0.28507546353842506,0.0,76.47002310715102,False
basic,both,0.3,3.0,0.3,1.0,72h,30,0,30,0.0,0.0,-0.9878199553084934,0.0,0.0,29.634598659254802,0.0,0.3758115583108914,30,10.441666666666666,1.25,100.0,70.36540134074521,-29.634598659254795,70.36540134074521,112.73102262247963,3,6450,2.475138386558517,0.28507546353842506,0.28507546353842506,0.0,76.47002310715102,False
strict_six,both,0.3,3.0,0.2,0.6666666666666667,72h,26,0,26,0.0,0.0,-0.845989574094946,0.0,0.0,21.995728926468598,0.0,0.3023361239549804,26,11.51923076923077,3.375,100.0,78.0042710735314,-21.995728926468605,78.0042710735314,111.80781140013885,2,2148,2.0928177784139264,0.2878778080051224,0.2878778080051224,0.0,75.4295844273978,False
strict_six,both,0.3,3.0,0.3,1.0,72h,26,0,26,0.0,0.0,-0.845989574094946,0.0,0.0,21.995728926468598,0.0,0.3023361239549804,26,11.51923076923077,3.375,100.0,78.0042710735314,-21.995728926468605,78.0042710735314,111.80781140013885,2,2148,2.0928177784139264,0.2878778080051224,0.2878778080051224,0.0,75.4295844273978,False
strict_six,short,0.3,3.0,0.2,0.6666666666666667,72h,26,0,26,0.0,0.0,-0.845989574094946,0.0,0.0,21.995728926468598,0.0,0.3023361239549804,26,11.51923076923077,3.375,100.0,78.0042710735314,-21.995728926468605,78.0042710735314,111.80781140013885,2,1957,2.0928177784139264,0.2878778080051224,0.2878778080051224,0.0,75.4295844273978,False
strict_six,short,0.3,3.0,0.3,1.0,72h,26,0,26,0.0,0.0,-0.845989574094946,0.0,0.0,21.995728926468598,0.0,0.3023361239549804,26,11.51923076923077,3.375,100.0,78.0042710735314,-21.995728926468605,78.0042710735314,111.80781140013885,2,1957,2.0928177784139264,0.2878778080051224,0.2878778080051224,0.0,75.4295844273978,False
basic,both,0.4,3.0,0.2,0.5,72h,22,0,22,0.0,0.0,-0.9533797396022549,0.0,0.0,20.974354271249606,0.0,0.32269725721013665,22,9.068181818181818,1.0,100.0,79.0256457287504,-20.974354271249595,79.0256457287504,116.67699056294612,3,6458,2.2177229824971487,0.2289565024524675,0.2289565024524675,0.0,79.22828576377803,False
basic,both,0.4,3.0,0.3,0.7499999999999999,72h,22,0,22,0.0,0.0,-0.9533797396022549,0.0,0.0,20.974354271249606,0.0,0.32269725721013665,22,9.068181818181818,1.0,100.0,79.0256457287504,-20.974354271249595,79.0256457287504,116.67699056294612,3,6458,2.2177229824971487,0.2289565024524675,0.2289565024524675,0.0,79.22828576377803,False
basic,both,0.3,5.0,0.2,0.6666666666666667,72h,18,0,18,0.0,0.0,-1.2173834964481733,0.0,0.0,21.91290293606712,0.0,0.355637814077235,18,10.333333333333334,1.25,100.0,78.0870970639329,-21.912902936067102,78.0870970639329,121.18510174849496,3,6462,2.601360344888472,0.295122823225092,0.295122823225092,0.0,73.60233660717334,False
basic,both,0.3,5.0,0.3,1.0,72h,18,0,18,0.0,0.0,-1.2173834964481733,0.0,0.0,21.91290293606712,0.0,0.355637814077235,18,10.333333333333334,1.25,100.0,78.0870970639329,-21.912902936067102,78.0870970639329,121.18510174849496,3,6462,2.601360344888472,0.295122823225092,0.295122823225092,0.0,73.60233660717334,False
basic,both,0.4,5.0,0.2,0.5,72h,17,0,17,0.0,0.0,-1.4729147033452719,0.0,0.0,25.03954995686962,0.0,0.41414305118055306,17,10.926470588235293,1.25,100.0,74.9604500431304,-25.03954995686961,74.9604500431304,127.95009121967789,3,6463,2.8470805607183394,0.33297285849952063,0.33297285849952063,0.0,85.15788527368876,False
basic,both,0.4,5.0,0.3,0.7499999999999999,72h,17,0,17,0.0,0.0,-1.4729147033452719,0.0,0.0,25.03954995686962,0.0,0.41414305118055306,17,10.926470588235293,1.25,100.0,74.9604500431304,-25.03954995686961,74.9604500431304,127.95009121967789,3,6463,2.8470805607183394,0.33297285849952063,0.33297285849952063,0.0,85.15788527368876,False
strict_six,both,0.4,3.0,0.2,0.5,72h,15,0,15,0.0,0.0,-1.3438963361411718,0.0,0.0,20.158445042117577,0.0,0.3099971896849021,15,16.183333333333334,10.25,100.0,79.8415549578824,-20.158445042117602,79.8415549578824,115.71192720421212,2,2159,1.6640689172456526,0.3196716756692766,0.3196716756692766,0.0,80.38788817251333,False
strict_six,both,0.4,3.0,0.3,0.7499999999999999,72h,15,0,15,0.0,0.0,-1.3438963361411718,0.0,0.0,20.158445042117577,0.0,0.3099971896849021,15,16.183333333333334,10.25,100.0,79.8415549578824,-20.158445042117602,79.8415549578824,115.71192720421212,2,2159,1.6640689172456526,0.3196716756692766,0.3196716756692766,0.0,80.38788817251333,False
strict_six,short,0.4,3.0,0.2,0.5,72h,15,0,15,0.0,0.0,-1.3438963361411718,0.0,0.0,20.158445042117577,0.0,0.3099971896849021,15,16.183333333333334,10.25,100.0,79.8415549578824,-20.158445042117602,79.8415549578824,115.71192720421212,2,1968,1.6640689172456526,0.3196716756692766,0.3196716756692766,0.0,80.38788817251333,False
strict_six,short,0.4,3.0,0.3,0.7499999999999999,72h,15,0,15,0.0,0.0,-1.3438963361411718,0.0,0.0,20.158445042117577,0.0,0.3099971896849021,15,16.183333333333334,10.25,100.0,79.8415549578824,-20.158445042117602,79.8415549578824,115.71192720421212,2,1968,1.6640689172456526,0.3196716756692766,0.3196716756692766,0.0,80.38788817251333,False
basic,short,0.3,5.0,0.2,0.6666666666666667,72h,14,0,14,0.0,0.0,-1.23200212267094,0.0,0.0,17.24802971739316,0.0,0.3080947607111371,14,8.357142857142858,2.0,100.0,82.75197028260686,-17.248029717393145,82.75197028260686,119.60014982349168,2,4978,1.9761777680391985,0.1985350749042971,0.1985350749042971,0.0,79.01484359839058,False
basic,short,0.3,5.0,0.3,1.0,72h,14,0,14,0.0,0.0,-1.23200212267094,0.0,0.0,17.24802971739316,0.0,0.3080947607111371,14,8.357142857142858,2.0,100.0,82.75197028260686,-17.248029717393145,82.75197028260686,119.60014982349168,2,4978,1.9761777680391985,0.1985350749042971,0.1985350749042971,0.0,79.01484359839058,False
basic,short,0.4,5.0,0.2,0.5,72h,10,0,10,0.0,0.0,-1.9625349353743655,0.0,0.0,19.625349353743655,0.0,0.3623348546303721,10,10.275,1.875,100.0,80.37465064625633,-19.625349353743673,80.37465064625633,126.0452311528906,2,4982,1.9026090064796715,0.22866398819694714,0.22866398819694714,0.0,82.26605102570126,False
basic,short,0.4,5.0,0.3,0.7499999999999999,72h,10,0,10,0.0,0.0,-1.9625349353743655,0.0,0.0,19.625349353743655,0.0,0.3623348546303721,10,10.275,1.875,100.0,80.37465064625633,-19.625349353743673,80.37465064625633,126.0452311528906,2,4982,1.9026090064796715,0.22866398819694714,0.22866398819694714,0.0,82.26605102570126,False
strict_six,both,0.3,5.0,0.2,0.6666666666666667,72h,9,0,9,0.0,0.0,-1.901829285989106,0.0,0.0,17.116463573901953,0.0,0.3069947107221916,9,20.944444444444443,19.25,100.0,82.88353642609808,-17.11646357390193,82.88353642609808,119.60014982349168,2,2165,1.3012265425537861,0.3189489105732457,0.3189489105732457,0.0,80.52369645042627,False
strict_six,both,0.3,5.0,0.3,1.0,72h,9,0,9,0.0,0.0,-1.901829285989106,0.0,0.0,17.116463573901953,0.0,0.3069947107221916,9,20.944444444444443,19.25,100.0,82.88353642609808,-17.11646357390193,82.88353642609808,119.60014982349168,2,2165,1.3012265425537861,0.3189489105732457,0.3189489105732457,0.0,80.52369645042627,False
strict_six,short,0.3,5.0,0.2,0.6666666666666667,72h,9,0,9,0.0,0.0,-1.901829285989106,0.0,0.0,17.116463573901953,0.0,0.3069947107221916,9,20.944444444444443,19.25,100.0,82.88353642609808,-17.11646357390193,82.88353642609808,119.60014982349168,2,1974,1.3012265425537861,0.3189489105732457,0.3189489105732457,0.0,80.52369645042627,False
strict_six,short,0.3,5.0,0.3,1.0,72h,9,0,9,0.0,0.0,-1.901829285989106,0.0,0.0,17.116463573901953,0.0,0.3069947107221916,9,20.944444444444443,19.25,100.0,82.88353642609808,-17.11646357390193,82.88353642609808,119.60014982349168,2,1974,1.3012265425537861,0.3189489105732457,0.3189489105732457,0.0,80.52369645042627,False
strict_six,both,0.4,5.0,0.2,0.5,72h,9,0,9,0.0,0.0,-2.09025473551392,0.0,0.0,18.81229261962528,0.0,0.3558843389965664,9,20.5,19.25,100.0,81.1877073803747,-18.812292619625293,81.1877073803747,126.0452311528906,2,2165,1.670814717813486,0.3715809222958567,0.3715809222958567,0.0,75.4429055595587,False
strict_six,both,0.4,5.0,0.3,0.7499999999999999,72h,9,0,9,0.0,0.0,-2.09025473551392,0.0,0.0,18.81229261962528,0.0,0.3558843389965664,9,20.5,19.25,100.0,81.1877073803747,-18.812292619625293,81.1877073803747,126.0452311528906,2,2165,1.670814717813486,0.3715809222958567,0.3715809222958567,0.0,75.4429055595587,False
strict_six,short,0.4,5.0,0.2,0.5,72h,9,0,9,0.0,0.0,-2.09025473551392,0.0,0.0,18.81229261962528,0.0,0.3558843389965664,9,20.5,19.25,100.0,81.1877073803747,-18.812292619625293,81.1877073803747,126.0452311528906,2,1974,1.670814717813486,0.3715809222958567,0.3715809222958567,0.0,75.4429055595587,False
strict_six,short,0.4,5.0,0.3,0.7499999999999999,72h,9,0,9,0.0,0.0,-2.09025473551392,0.0,0.0,18.81229261962528,0.0,0.3558843389965664,9,20.5,19.25,100.0,81.1877073803747,-18.812292619625293,81.1877073803747,126.0452311528906,2,1974,1.670814717813486,0.3715809222958567,0.3715809222958567,0.0,75.4429055595587,False
