date,close_date,pair,side,entry_price,exit_price,stop_price,target_price,net_return,r_multiple,won,exit_reason,hold_minutes,max_hold_minutes,fees_return,funding_return,initial_risk_return,funding_actual_return,funding_imputed_return
2026-07-01 12:35:00+00:00,2026-07-01 13:35:00+00:00,ADA-USDT-SWAP,long,0.15124042944323732,0.1521239,0.14948515331884757,0.15475098169201681,0.005138576528346349,0.4012674048952798,True,max_hold_60m,60.0,60,0.0007029207486384923,0.0,0.01280586577842619,0.0,0.0
2026-07-01 13:55:00+00:00,2026-07-01 14:55:00+00:00,SOL-USDT-SWAP,long,75.86219846116887,76.90153000000001,74.89638153402645,77.79383231545373,0.01299340586133224,0.932683800173003,True,max_hold_60m,60.0,60,0.0007068501279946634,0.0,0.01393120139850408,0.0,0.0
2026-07-01 17:25:00+00:00,2026-07-01 18:25:00+00:00,SOL-USDT-SWAP,long,77.6839290589062,77.55120500000001,76.73714870687448,79.57748976296965,-0.002407659466813872,-0.1798425532149223,False,max_hold_60m,60.0,60,0.0006991457431381621,0.0,0.013387596115456498,0.0,0.0
2026-07-02 16:10:00+00:00,2026-07-02 16:25:00+00:00,ADA-USDT-SWAP,long,0.16150839361838684,0.15932102305893153,0.15940072342064185,0.16572373401387683,-0.014236614569650988,-0.9990668960292571,False,initial_stop,15.0,60,0.0006932283068686088,0.0,0.014249911218391602,0.0,0.0
2026-07-03 02:20:00+00:00,2026-07-03 03:20:00+00:00,ADA-USDT-SWAP,long,0.16727486928015675,0.16691650000000002,0.1647984313618809,0.17222774511670844,-0.002841326411182202,-0.17753183452428822,False,max_hold_60m,60.0,60,0.0006989288011950064,0.0,0.016004602322708936,0.0,0.0
2026-07-03 10:45:00+00:00,2026-07-03 11:45:00+00:00,ADA-USDT-SWAP,long,0.16832145745526136,0.16871560000000002,0.16635748946313614,0.17224939343951182,0.0016404352565744366,0.1274821562491,True,max_hold_60m,60.0,60,0.000701170803029802,0.0,0.012867959758768338,0.0,0.0
2026-07-03 11:50:00+00:00,2026-07-03 12:50:00+00:00,ADA-USDT-SWAP,long,0.16941297629840446,0.16801595,0.16735571558085352,0.17352749773350634,-0.008942153675381783,-0.6701522434821707,False,max_hold_60m,60.0,60,0.0006958768615931057,0.0,0.013343465999483276,0.0,0.0
2026-07-03 14:10:00+00:00,2026-07-03 15:10:00+00:00,ADA-USDT-SWAP,long,0.17101767189268643,0.1713143,0.1690120627122372,0.1750288902535849,0.0010336208005799082,0.0799552168256776,True,max_hold_60m,60.0,60,0.0007008672440223012,0.0,0.012927496686469631,0.0,0.0
2026-07-03 15:20:00+00:00,2026-07-03 16:20:00+00:00,ADA-USDT-SWAP,long,0.17159776570392374,0.1729135,0.16937318844708488,0.17604692021760146,0.006862665070868972,0.4845178445231762,True,max_hold_60m,60.0,60,0.000703833774556093,0.00010105026676115694,0.014163905722858689,0.00010105026676115694,0.0
2026-07-03 21:00:00+00:00,2026-07-03 21:15:00+00:00,ADA-USDT-SWAP,long,0.18250029450888725,0.17911393233959383,0.17920353410664713,0.18909381531336747,-0.019246101513518084,-0.9990495481581291,False,initial_stop,15.0,60,0.0006907223103984402,0.0,0.01926441140882416,0.0,0.0
2026-07-04 23:15:00+00:00,2026-07-05 00:15:00+00:00,ADA-USDT-SWAP,short,0.191315001113463,0.19339664999999998,0.19368001336155607,0.18658497661727685,-0.01148626937128405,-0.8469528620329009,False,max_hold_60m,60.0,60,0.0007054403702648033,-9.991152858727825e-05,0.013561875620461452,-9.991152858727825e-05,0.0
2026-07-05 00:15:00+00:00,2026-07-05 00:30:00+00:00,ADA-USDT-SWAP,long,0.19307196849352642,0.19046834011135583,0.19056362192231696,0.19808866163594535,-0.014178531286983624,-0.9990671690673655,False,initial_stop,15.0,60,0.0006932573630380272,0.0,0.014191769808850148,0.0,0.0
2026-07-05 10:05:00+00:00,2026-07-05 11:05:00+00:00,ADA-USDT-SWAP,short,0.186468735372926,0.1864932,0.1894248244751118,0.18055655716855437,-0.000831265219011597,-0.048745977610293076,False,max_hold_60m,60.0,60,0.000700065599809601,0.0,0.017053001288788783,0.0,0.0
2026-07-05 16:45:00+00:00,2026-07-05 17:45:00+00:00,ADA-USDT-SWAP,long,0.19069796420536517,0.19000495,0.1884755704643822,0.19514275168733108,-0.0043322763126959,-0.33703725710029925,False,max_hold_60m,60.0,60,0.0006981829533203122,0.0,0.012853998249240006,0.0,0.0
2026-07-05 22:30:00+00:00,2026-07-05 23:20:00+00:00,ADA-USDT-SWAP,long,0.1915997252254953,0.18930200435459035,0.1893967027059433,0.19600577026459926,-0.012686301169099422,-0.9990750410327615,False,initial_stop,50.0,60,0.0006940038513411209,0.0,0.012698046340928875,0.0,0.0
2026-07-06 13:00:00+00:00,2026-07-06 14:00:00+00:00,ADA-USDT-SWAP,short,0.17919490093976262,0.17978985,0.1813388112771515,0.17490708026498483,-0.004021782771975169,-0.305510812747631,False,max_hold_60m,60.0,60,0.0007016600613553099,0.0,0.01316412579903477,0.0,0.0
2026-07-06 13:05:00+00:00,2026-07-06 13:40:00+00:00,SOL-USDT-SWAP,short,79.35299328076157,80.30605232882348,80.26591936913891,77.52714110400687,-0.012716378187678573,-1.000925450442963,False,initial_stop,35.0,60,0.000706005186500589,0.0,0.012704620690832565,0.0,0.0
2026-07-06 15:45:00+00:00,2026-07-06 16:45:00+00:00,ETH-USDT-SWAP,long,1775.0429855024352,1793.3228900000001,1755.3858260292225,1814.3573044488605,0.009543378075575995,0.7775160513959939,True,max_hold_60m,60.0,60,0.0007051491441747792,4.976112980756767e-05,0.012274187855596426,4.976112980756767e-05,0.0
2026-07-06 15:45:00+00:00,2026-07-06 16:45:00+00:00,SOL-USDT-SWAP,long,81.23529770967234,81.97899,80.3035725160682,83.09874809688061,0.008440985200335756,0.6662465166934276,True,max_hold_60m,60.0,60,0.0007045773962261181,9.22985567419304e-06,0.012669462411943631,9.22985567419304e-06,0.0
2026-07-07 14:40:00+00:00,2026-07-07 15:40:00+00:00,ADA-USDT-SWAP,short,0.1762975915170303,0.17708849999999998,0.17847109820436352,0.1719505781423639,-0.005188455743507512,-0.38351689056062227,False,max_hold_60m,60.0,60,0.0007022431063185944,0.0,0.01352862382651013,0.0,0.0
2026-07-07 17:20:00+00:00,2026-07-07 18:20:00+00:00,ADA-USDT-SWAP,short,0.17648937348947544,0.17708849999999998,0.17857248187370506,0.1723231567210162,-0.004096386206875806,-0.315033339647349,False,max_hold_60m,60.0,60,0.0007016973444312223,0.0,0.013003024414690001,0.0,0.0
2026-07-08 09:20:00+00:00,2026-07-08 10:20:00+00:00,ADA-USDT-SWAP,short,0.1653770415928991,0.16648319999999997,0.16732449911478897,0.16148212654911934,-0.007392050333254642,-0.5696769349523385,False,max_hold_60m,60.0,60,0.0007033443529901322,0.0,0.012975863826877756,0.0,0.0
2026-07-08 15:15:00+00:00,2026-07-08 16:10:00+00:00,ADA-USDT-SWAP,short,0.16508126312863008,0.16715869512233286,0.1670751575435611,0.16109347429876808,-0.0132229938462517,-0.9958378477236579,False,initial_stop,55.0,60,0.0007062921495581362,-6.759741957899642e-05,0.013278259986279455,-6.759741957899642e-05,0.0
2026-07-11 15:35:00+00:00,2026-07-11 15:35:00+00:00,ADA-USDT-SWAP,long,0.17410407498521316,0.1718629253726466,0.17194889982255787,0.17841442531052373,-0.013566034513841883,-0.9990701906270109,False,initial_stop,0.0,60,0.0006935637646253918,0.0,0.013578660079256209,0.0,0.0
2026-07-13 02:00:00+00:00,2026-07-13 03:00:00+00:00,ADA-USDT-SWAP,short,0.16027920878252966,0.15997994999999998,0.16225050539035607,0.15633661556687684,0.0011680427373907576,0.08652718915871473,True,max_hold_60m,60.0,60,0.0006990664454086003,0.0,0.013499141122546408,0.0,0.0
2026-07-15 13:35:00+00:00,2026-07-15 13:45:00+00:00,ADA-USDT-SWAP,long,0.16872619724536533,0.16673095976091193,0.16681436694438412,0.17254985784732776,-0.01251938488669374,-0.9990760382693211,False,initial_stop,10.0,60,0.0006940873512322693,0.0,0.012530963016969973,0.0,0.0
2026-07-15 16:40:00+00:00,2026-07-15 17:40:00+00:00,ADA-USDT-SWAP,short,0.16297158155393354,0.16478235,0.16485897864720236,0.1591967873673959,-0.011816501496857186,-0.9245262376597717,False,max_hold_60m,60.0,60,0.0007055554730119226,0.0,0.012781142400856007,0.0,0.0
2026-07-17 15:00:00+00:00,2026-07-17 16:00:00+00:00,ADA-USDT-SWAP,long,0.16253156920585532,0.1637181,0.16067883047026357,0.1662370466770388,0.006596659563075756,0.5235753844167921,True,max_hold_60m,60.0,60,0.0007036501548589673,0.0,0.012599254585705438,0.0,0.0
2026-07-20 02:10:00+00:00,2026-07-20 03:10:00+00:00,AVAX-USDT-SWAP,long,6.5794777864443,6.6316825,6.496733437331601,6.744966484669697,0.00723050951648871,0.5248579260740639,True,max_hold_60m,60.0,60,0.000703967238377433,0.0,0.013776127133247095,0.0,0.0
2026-07-22 19:15:00+00:00,2026-07-22 20:15:00+00:00,ADA-USDT-SWAP,short,0.17428028247953709,0.17438715,0.17626338975444486,0.17031406792972154,-0.0013135000052899898,-0.10442140212388241,False,max_hold_60m,60.0,60,0.0007003065967042928,0.0,0.012578838998270612,0.0,0.0
2026-07-25 18:40:00+00:00,2026-07-25 19:40:00+00:00,AVAX-USDT-SWAP,long,6.6839484771943205,6.678659000000001,6.606381726331847,6.839081978919268,-0.00149097444777761,-0.11643753663191424,False,max_hold_60m,60.0,60,0.000699604314933578,0.0,0.012804929500449003,0.0,0.0
2026-07-27 14:45:00+00:00,2026-07-27 15:45:00+00:00,SOL-USDT-SWAP,short,75.11968835092546,75.41769,75.99626021110535,73.36654463056567,-0.004669008078231727,-0.3628103994930668,False,max_hold_60m,60.0,60,0.0007019835122829744,0.0,0.012869002886233282,0.0,0.0
2026-07-27 15:40:00+00:00,2026-07-27 16:40:00+00:00,ADA-USDT-SWAP,short,0.1585066708168128,0.15907949999999998,0.16078004980175353,0.15395991284693133,-0.004584939106616229,-0.294994021587556,False,max_hold_60m,60.0,60,0.0007018069560739472,0.000269220002647844,0.01554248144400239,0.000269220002647844,0.0
2026-07-28 15:25:00+00:00,2026-07-28 16:25:00+00:00,ETH-USDT-SWAP,long,1916.740550575477,1917.2508950000001,1894.306606905725,1961.6084379149813,-0.0004270043197347618,-0.03309029777159127,False,max_hold_60m,60.0,60,0.0007001331281962939,-6.8724158736931e-06,0.012904215086917538,-6.8724158736931e-06,0.0
2026-07-29 18:50:00+00:00,2026-07-29 19:25:00+00:00,ETH-USDT-SWAP,long,1921.0101218873733,1897.182396917156,1898.13146264848,1966.76744036516,-0.013097545872550336,-0.9990726925281815,False,initial_stop,35.0,60,0.0006937981261267882,0.0,0.013109702597722522,0.0,0.0
2026-07-29 20:10:00+00:00,2026-07-29 21:10:00+00:00,ETH-USDT-SWAP,short,1881.2348152187863,1880.7599099999998,1903.727782625433,1836.2488804054926,-0.00044743042838029577,-0.03400834033228277,False,max_hold_60m,60.0,60,0.0006998737783250276,0.0,0.01315649114330839,0.0,0.0
2026-08-01 18:35:00+00:00,2026-08-01 19:35:00+00:00,ADA-USDT-SWAP,short,0.17188409592048537,0.17228609999999997,0.17390915104582463,0.16783398566980684,-0.003039978456997095,-0.23417747160315255,False,max_hold_60m,60.0,60,0.0007011694045262354,0.0,0.012981515413014521,0.0,0.0
2026-08-02 02:35:00+00:00,2026-08-02 03:35:00+00:00,ADA-USDT-SWAP,long,0.17937406223827365,0.18010990000000002,0.17688874685928377,0.18434469299625342,0.0034002017441548066,0.22584465392687786,True,max_hold_60m,60.0,60,0.000702051126435295,0.0,0.015055489182647184,0.0,0.0
2026-08-02 09:35:00+00:00,2026-08-02 10:35:00+00:00,ADA-USDT-SWAP,long,0.18808462158321324,0.18720635,0.18571545899855896,0.1928229467525218,-0.0053672207436866945,-0.3890345049836221,False,max_hold_60m,60.0,60,0.0006976652222392762,0.0,0.013796258879177436,0.0,0.0
2026-08-03 12:20:00+00:00,2026-08-03 13:20:00+00:00,ADA-USDT-SWAP,long,0.18800691545137935,0.1907046,0.18588298541655193,0.19225477552103418,0.013641683654948566,1.0915892833519927,True,max_hold_60m,60.0,60,0.0007071744290419953,0.0,0.012497084629723031,0.0,0.0
2026-08-03 13:20:00+00:00,2026-08-03 14:00:00+00:00,ADA-USDT-SWAP,long,0.19058959726254482,0.19512084825781514,0.18827516715053802,0.19521845748655842,0.023063025027718752,1.728405337582168,True,fixed_2r,40.0,60,0.0007118874562419804,0.0,0.013343528005983343,0.0,0.0
2026-08-03 18:25:00+00:00,2026-08-03 19:25:00+00:00,ADA-USDT-SWAP,long,0.19288302383177663,0.19440275,0.19049628598131985,0.1976564995326902,0.007175064767047809,0.5285881601859083,True,max_hold_60m,60.0,60,0.0007039395021345912,0.0,0.013574017179129188,0.0,0.0
2026-08-04 03:45:00+00:00,2026-08-04 04:45:00+00:00,ADA-USDT-SWAP,long,0.19664699672075706,0.19560215000000003,0.19386396064908468,0.2022130688641018,-0.0060106547001051325,-0.39151120034527526,False,max_hold_60m,60.0,60,0.0006973433443221085,0.0,0.015352446353525296,0.0,0.0
2026-08-05 13:35:00+00:00,2026-08-05 14:35:00+00:00,ADA-USDT-SWAP,short,0.19040724019885405,0.1910955,0.19268688238624865,0.18584795582406485,-0.004316479763728381,-0.32768983754813896,False,max_hold_60m,60.0,60,0.0007018073362137573,0.0,0.013172455380445761,0.0,0.0
2026-08-06 14:45:00+00:00,2026-08-06 15:45:00+00:00,ADA-USDT-SWAP,long,0.20163194689129568,0.20739625,0.19758336269554796,0.20972911528279112,0.027873948949945323,1.3099225919300215,True,max_hold_60m,60.0,60,0.0007142941215357405,0.0,0.021279081009570374,0.0,0.0
2026-08-06 23:25:00+00:00,2026-08-07 00:25:00+00:00,ADA-USDT-SWAP,short,0.1999140838618816,0.20200094999999998,0.20226900634257927,0.19520423890048622,-0.01104354124152699,-0.8508335669812641,False,max_hold_60m,60.0,60,0.0007052194075019752,-0.00010049316992533631,0.01297967272343191,-0.00010049316992533631,0.0
2026-08-07 01:40:00+00:00,2026-08-07 02:40:00+00:00,ADA-USDT-SWAP,short,0.20030525233507337,0.1990995,0.2025630280208804,0.19578970096345935,0.005322584017032621,0.4267737940708275,True,max_hold_60m,60.0,60,0.0006969902128850412,0.0,0.012471674903612482,0.0,0.0
2026-08-07 14:40:00+00:00,2026-08-07 15:40:00+00:00,ADA-USDT-SWAP,short,0.19712366954218052,0.19839915,0.19958403450616644,0.1922029396142087,-0.007173693397714059,-0.5243419324485176,False,max_hold_60m,60.0,60,0.0007032352290843149,0.0,0.013681326923854991,0.0,0.0
2026-08-19 15:10:00+00:00,2026-08-19 15:25:00+00:00,ETH-USDT-SWAP,long,2013.0688280238894,2062.0030941925725,1988.0859362866734,2063.0346114983213,0.02359613849001406,1.733690603109476,True,fixed_2r,15.0,60,0.0007121541463181661,0.0,0.013610351493913042,0.0,0.0
2026-08-19 15:30:00+00:00,2026-08-19 16:30:00+00:00,LINK-USDT-SWAP,long,9.947248575381606,10.004995000000001,9.795982904579258,10.2497799169863,0.005170944418686123,0.31517109578785246,True,max_hold_60m,60.0,60,0.0007029026330336869,-6.858098434599012e-05,0.016406785037695153,-6.858098434599012e-05,0.0
2026-08-19 21:05:00+00:00,2026-08-19 21:25:00+00:00,ADA-USDT-SWAP,long,0.18656363145173088,0.19166785764389468,0.18396357742077057,0.1917637395136515,0.026645490862122628,1.7603406787005655,True,fixed_2r,20.0,60,0.0007136795852236732,0.0,0.015136553500423332,0.0,0.0
2026-08-19 23:45:00+00:00,2026-08-20 00:45:00+00:00,ETH-USDT-SWAP,long,2253.5975414137324,2266.796035,2218.8104969647893,2323.1716303116186,0.005053771071004988,0.3037810739654775,True,max_hold_60m,60.0,60,0.0007029283164681631,9.993354885305772e-05,0.01663622754714243,9.993354885305772e-05,0.0
2026-08-20 00:35:00+00:00,2026-08-20 01:35:00+00:00,DOGE-USDT-SWAP,long,0.07545192231168527,0.0751624,0.07459306774022316,0.07716963145460948,-0.004535257494620554,-0.3604329274637555,False,max_hold_60m,60.0,60,0.0006980814119586691,0.0,0.012582805701281582,0.0,0.0
2026-08-20 00:35:00+00:00,2026-08-20 01:35:00+00:00,XRP-USDT-SWAP,long,1.1106225829224463,1.1099447500000001,1.0976709950693555,1.136525758628628,-0.0013100128129955825,-0.10185492141277887,False,max_hold_60m,60.0,60,0.0006996948410140091,0.0,0.012861556366889763,0.0,0.0
2026-08-20 09:15:00+00:00,2026-08-20 10:15:00+00:00,ADA-USDT-SWAP,long,0.19028602794437874,0.1909045,0.18793233533254472,0.19499341316804678,0.002548598051424705,0.18782179221195464,True,max_hold_60m,60.0,60,0.0007016251115815031,0.0,0.013569235078689073,0.0,0.0
2026-08-20 11:40:00+00:00,2026-08-20 12:35:00+00:00,ADA-USDT-SWAP,long,0.1929345937029913,0.18992011687367735,0.1900151244358953,0.19877353223718328,-0.01631653373338287,-0.9990583999586822,False,initial_stop,55.0,60,0.000692187827046832,0.0,0.01633191186226718,0.0,0.0
2026-08-20 13:25:00+00:00,2026-08-20 14:25:00+00:00,ADA-USDT-SWAP,long,0.19371952364773426,0.19500245,0.19063428377281105,0.19989000339758067,0.005919285784644757,0.34562500552579734,True,max_hold_60m,60.0,60,0.0007033112985415931,0.0,0.017126323877057974,0.0,0.0
2026-08-20 14:00:00+00:00,2026-08-20 15:00:00+00:00,AVAX-USDT-SWAP,long,6.905419391302228,6.969513500000001,6.822032695626739,7.072192782653206,0.00857707037230981,0.646080520273032,True,max_hold_60m,60.0,60,0.0007046408556139619,0.0,0.013275543996722207,0.0,0.0
2026-08-20 14:55:00+00:00,2026-08-20 15:50:00+00:00,DOGE-USDT-SWAP,long,0.07817884160008785,0.08014423423495612,0.07717609920105419,0.08018432639815519,0.024427130286727397,1.7415280134434619,True,fixed_2r,55.0,60,0.0007125698500683979,0.0,0.014026263199997854,0.0,0.0
2026-08-20 15:05:00+00:00,2026-08-20 16:05:00+00:00,ADA-USDT-SWAP,long,0.196167665103728,0.19750120000000002,0.19251198124473587,0.20347903282171223,0.005994161997235977,0.30219353881784,True,max_hold_60m,60.0,60,0.0007033989671426402,0.00010037332090173208,0.019835506810253853,0.00010037332090173208,0.0
2026-08-20 15:05:00+00:00,2026-08-20 16:05:00+00:00,AVAX-USDT-SWAP,long,7.008408955218693,7.048474,6.9249074626243114,7.1754119404074554,0.004913187316876357,0.374638590031083,True,max_hold_60m,60.0,60,0.0007028583552299323,0.00010066478775823454,0.013114472047497081,0.00010066478775823454,0.0
2026-08-20 15:55:00+00:00,2026-08-20 16:55:00+00:00,ETH-USDT-SWAP,long,2328.0803386895527,2339.3597350000005,2293.6540642746295,2396.932887519399,0.004042643726164321,0.2528642330318809,True,max_hold_60m,60.0,60,0.000702422467155235,9.986811715048972e-05,0.015987408253403036,9.986811715048972e-05,0.0
2026-08-20 15:55:00+00:00,2026-08-20 16:55:00+00:00,LINK-USDT-SWAP,long,10.70935077633774,10.752621,10.581209316052867,10.965633696907485,0.003387290894681843,0.25728772628237073,True,max_hold_60m,60.0,60,0.0007020202076001594,-4.889590196329355e-05,0.013165380811692218,-4.889590196329355e-05,0.0
2026-08-20 16:05:00+00:00,2026-08-20 17:05:00+00:00,ADA-USDT-SWAP,long,0.1972819856365602,0.19980005,0.19378382763872215,0.20427830163223626,0.012057400647287927,0.6368872651104609,True,max_hold_60m,60.0,60,0.0007063818912692786,0.0,0.018931765962060348,0.0,0.0
2026-08-20 17:05:00+00:00,2026-08-20 18:05:00+00:00,ADA-USDT-SWAP,long,0.19962313053108074,0.19920035000000003,0.19657756637296897,0.2057142588473043,-0.0028168345556497795,-0.17116778568863023,False,max_hold_60m,60.0,60,0.0006989410532487995,0.0,0.016456569466721138,0.0,0.0
2026-08-20 21:00:00+00:00,2026-08-20 22:00:00+00:00,AVAX-USDT-SWAP,long,7.203964888310603,7.204396000000001,7.115578659727241,7.380737345477327,-0.0006401862529546041,-0.047529963953032904,False,max_hold_60m,60.0,60,0.0007000299218344399,0.0,0.013469108741323874,0.0,0.0
2026-08-20 23:30:00+00:00,2026-08-21 00:30:00+00:00,XRP-USDT-SWAP,long,1.2715007759178665,1.2657668,1.2550093110144,1.3044837057247993,-0.005307058871575528,-0.3745257207729891,False,max_hold_60m,60.0,60,0.0006977451937008346,9.970107954396468e-05,0.014170078521235368,9.970107954396468e-05,0.0
2026-08-21 00:35:00+00:00,2026-08-21 00:50:00+00:00,ADA-USDT-SWAP,long,0.20018237663637833,0.2048676055907369,0.19778851963654004,0.20497009063605492,0.022693099925013064,1.7246119443099068,True,fixed_2r,15.0,60,0.000711702401163088,0.0,0.013158380353264672,0.0,0.0
2026-08-21 01:05:00+00:00,2026-08-21 02:05:00+00:00,XRP-USDT-SWAP,long,1.2697299377862266,1.2923535,1.2524592534347165,1.3042713064892466,0.01710870857632209,1.1558488374286402,True,max_hold_60m,60.0,60,0.0007089088086925073,0.0,0.01480185645588656,0.0,0.0
2026-08-21 01:50:00+00:00,2026-08-21 02:50:00+00:00,AVAX-USDT-SWAP,long,7.3262990608217144,7.3003480000000005,7.230588729860571,7.517719722744001,-0.004240407656849581,-0.29728165378816185,False,max_hold_60m,60.0,60,0.0006982289106268886,0.0,0.014263939946564034,0.0,0.0
2026-08-21 03:30:00+00:00,2026-08-21 04:30:00+00:00,XRP-USDT-SWAP,long,1.3041434678053199,1.2995499000000001,1.2837216136638367,1.344987176088286,-0.0042205260270509115,-0.2503395157202584,False,max_hold_60m,60.0,60,0.0006982388564146819,0.0,0.016859208243284823,0.0,0.0
2026-08-21 03:45:00+00:00,2026-08-21 04:45:00+00:00,ADA-USDT-SWAP,long,0.20775247221477244,0.207896,0.20392966657726916,0.215398083489779,-9.485852054569744e-06,-0.00048395300984524546,False,max_hold_60m,60.0,60,0.0007003454297888672,0.0,0.01960077086327669,0.0,0.0
2026-08-21 05:45:00+00:00,2026-08-21 06:45:00+00:00,AVAX-USDT-SWAP,long,7.348354847365664,7.313341500000001,7.26425816838797,7.516548205321053,-0.005462404840115536,-0.432005775338786,False,max_hold_60m,60.0,60,0.0006976176063831338,0.0,0.012644286608973754,0.0,0.0
2026-08-21 06:10:00+00:00,2026-08-21 06:40:00+00:00,XRP-USDT-SWAP,long,1.3167116614039274,1.2985903168787054,1.2992399368471288,1.3516551105175245,-0.014455694875252606,-0.999065885922722,False,initial_stop,30.0,60,0.0006931187119183328,0.0,0.014469210768718769,0.0,0.0
2026-08-21 07:20:00+00:00,2026-08-21 08:20:00+00:00,ADA-USDT-SWAP,long,0.20970417183669385,0.21299345000000003,0.2064500620403264,0.21621239142942875,0.014877484680507104,0.8899283548439861,True,max_hold_60m,60.0,60,0.0007078426626768963,9.999801060863153e-05,0.016717620693314447,9.999801060863153e-05,0.0
2026-08-21 07:20:00+00:00,2026-08-21 08:20:00+00:00,AVAX-USDT-SWAP,long,7.462366978034443,7.529233500000001,7.367403736413312,7.652293461276705,0.008155848137608194,0.5856722011383234,True,max_hold_60m,60.0,60,0.0007044802488380953,0.00010016928974416217,0.013925619351159805,0.00010016928974416217,0.0
2026-08-21 07:20:00+00:00,2026-08-21 08:20:00+00:00,SOL-USDT-SWAP,long,90.78736367113272,91.004475,89.76836405359276,92.82536290621265,0.001590668709757539,0.12803167578680238,True,max_hold_60m,60.0,60,0.0007011957133685132,9.956231390023382e-05,0.012424024757797527,9.956231390023382e-05,0.0
2026-08-21 07:20:00+00:00,2026-08-21 08:15:00+00:00,XRP-USDT-SWAP,long,1.3151749483892403,1.3502506207840403,1.297299380670884,1.3509260838259531,0.025856736502150646,1.7480477414370763,True,fixed_2r,55.0,60,0.0007133349834703585,9.989545509584681e-05,0.014791779360038376,9.989545509584681e-05,0.0
2026-08-21 08:20:00+00:00,2026-08-21 08:55:00+00:00,XRP-USDT-SWAP,long,1.350052652679443,1.3987945465848342,1.3253318321533145,1.3994942937316999,0.035385646631447346,1.8136250335677526,True,fixed_2r,35.0,60,0.0007180518492403438,0.0,0.01951100474271515,0.0,0.0
2026-08-21 09:50:00+00:00,2026-08-21 10:50:00+00:00,SOL-USDT-SWAP,long,92.00536645729608,91.47424,90.52439748755286,94.96730439678251,-0.0064698905456110675,-0.3740567103381175,False,max_hold_60m,60.0,60,0.000697113611532961,0.0,0.017296549872779454,0.0,0.0
2026-08-21 09:55:00+00:00,2026-08-21 10:55:00+00:00,ADA-USDT-SWAP,long,0.2163406908633742,0.21459265000000002,0.21128829036049046,0.2264454918691417,-0.008775997335359748,-0.3574175435156267,False,max_hold_60m,60.0,60,0.0006959599813229817,0.0,0.024553907592328495,0.0,0.0
2026-08-21 11:00:00+00:00,2026-08-21 11:30:00+00:00,DOGE-USDT-SWAP,long,0.08439283077750749,0.08306241734542474,0.08310396933008979,0.0869705536723429,-0.01645664915035783,-0.9990579048289718,False,initial_stop,30.0,60,0.0006921177342919671,0.0,0.016472167499815775,0.0,0.0
2026-08-21 13:30:00+00:00,2026-08-21 14:30:00+00:00,XRP-USDT-SWAP,long,1.384523287295247,1.39540195,1.355079447542966,1.4434109667998094,0.007153405914639357,0.3184044956230251,True,max_hold_60m,60.0,60,0.0007039286672909651,0.0,0.02246640990618622,0.0,0.0
2026-08-21 13:45:00+00:00,2026-08-21 14:45:00+00:00,ADA-USDT-SWAP,long,0.21587596834515693,0.21679155000000003,0.21121162014188327,0.22520466475170425,0.0035391187450402647,0.15517950698061958,True,max_hold_60m,60.0,60,0.0007021206196823613,0.0,0.02280661160679075,0.0,0.0
2026-08-21 13:45:00+00:00,2026-08-21 14:45:00+00:00,ETH-USDT-SWAP,long,2391.8652964781677,2384.357225,2363.5435577380126,2448.508773958478,-0.003837433137843475,-0.2942623073149508,False,max_hold_60m,60.0,60,0.0006984304986804185,0.0,0.013040858589259434,0.0,0.0
2026-08-21 13:45:00+00:00,2026-08-21 14:45:00+00:00,LINK-USDT-SWAP,long,11.416538122570572,11.435279500000002,11.257457470846877,11.734699426017961,0.0009407781885896091,0.06216228227223715,True,max_hold_60m,60.0,60,0.0007008207994940418,0.0,0.015134228574001029,0.0,0.0
2026-08-21 13:50:00+00:00,2026-08-21 14:50:00+00:00,BTC-USDT-SWAP,long,77383.64631008879,77305.5279,76433.7557210656,79283.42748813519,-0.0017089903307330634,-0.12682597071692464,False,max_hold_60m,60.0,60,0.0006994952524608639,0.0,0.01347508180755444,0.0,0.0
2026-08-21 13:50:00+00:00,2026-08-21 14:50:00+00:00,DOGE-USDT-SWAP,long,0.0841157420102217,0.08410792500000001,0.08285890412266043,0.08662941778534425,-0.0007928851310095024,-0.04912009264385577,False,max_hold_60m,60.0,60,0.0006999535342015961,0.0,0.016141767825201388,0.0,0.0
2026-08-21 15:10:00+00:00,2026-08-21 16:10:00+00:00,ADA-USDT-SWAP,long,0.21890624566624203,0.21909040000000002,0.2145749479949045,0.22756884100891708,4.055564791089947e-05,0.001932501804789718,True,max_hold_60m,60.0,60,0.0007004206237542413,0.00010027123681736485,0.020986085399962908,0.00010027123681736485,0.0
2026-08-21 15:10:00+00:00,2026-08-21 16:10:00+00:00,ETH-USDT-SWAP,long,2399.3666453923115,2385.48666,2370.9497447077424,2456.2004467614497,-0.006581699000324258,-0.5045960530225461,False,max_hold_60m,60.0,60,0.0006971075730716341,9.973757052077042e-05,0.013043500758477353,9.973757052077042e-05,0.0
2026-08-21 16:50:00+00:00,2026-08-21 17:50:00+00:00,AVAX-USDT-SWAP,long,7.640085512867331,7.654171000000001,7.542026154407973,7.836204229786046,0.001142707698152438,0.0814192972824974,True,max_hold_60m,60.0,60,0.0007009218147564544,0.0,0.014034850905033348,0.0,0.0
2026-08-21 17:10:00+00:00,2026-08-21 18:10:00+00:00,ADA-USDT-SWAP,long,0.22049444791086747,0.21909040000000002,0.21603337493040956,0.22941659387178331,-0.007064540695733573,-0.3296237812078619,False,max_hold_60m,60.0,60,0.0006968161377209937,0.0,0.021432132929992236,0.0,0.0
2026-08-21 17:10:00+00:00,2026-08-21 17:35:00+00:00,XRP-USDT-SWAP,long,1.404104572964229,1.3770659981329603,1.3777548755707456,1.4568039677511957,-0.019947181487914405,-0.9990478154022018,False,initial_stop,25.0,60,0.0006903715950535695,0.0,0.019966192989355536,0.0,0.0
2026-08-21 17:45:00+00:00,2026-08-21 18:45:00+00:00,LINK-USDT-SWAP,long,11.618044985309242,11.566214,11.464539823710906,11.925055308505913,-0.005159017836657791,-0.35795067883756776,False,max_hold_60m,60.0,60,0.0006977693757695559,0.0,0.014412649958959486,0.0,0.0
2026-08-21 18:50:00+00:00,2026-08-21 19:50:00+00:00,XRP-USDT-SWAP,short,1.372742909021273,1.37238585,1.3963149082552755,1.3255989105532682,-0.00043976368886255643,-0.023937330043021253,False,max_hold_60m,60.0,60,0.0006998699468709958,0.0,0.018371459476566234,0.0,0.0
2026-08-21 19:15:00+00:00,2026-08-21 20:15:00+00:00,LINK-USDT-SWAP,long,11.622486026166403,11.6751595,11.46283231399683,11.94179345050555,0.003829765574951203,0.2564010286684252,True,max_hold_60m,60.0,60,0.0007022660157953733,0.0,0.014936623284393337,0.0,0.0
2026-08-21 19:55:00+00:00,2026-08-21 20:35:00+00:00,DOGE-USDT-SWAP,long,0.08483688417463371,0.08706187961652576,0.08370261009560452,0.08710543233269209,0.025513632971165164,1.7511002783051741,True,fixed_2r,40.0,60,0.0007131133731721687,0.0,0.014570058201269246,0.0,0.0
2026-08-21 20:20:00+00:00,2026-08-21 21:20:00+00:00,LINK-USDT-SWAP,long,11.723440832546697,11.939027500000002,11.574289990560363,12.021742516519364,0.01768017329531485,1.2699042536872105,True,max_hold_60m,60.0,60,0.0007091946839896523,0.0,0.01392244591982416,0.0,0.0
2026-08-21 21:00:00+00:00,2026-08-21 21:40:00+00:00,DOGE-USDT-SWAP,long,0.08720644448777583,0.09009959342382921,0.08573733385330996,0.09014466575670756,0.0324592737047169,1.7986610322580125,True,fixed_2r,40.0,60,0.0007165879308177673,0.0,0.018046353994764654,0.0,0.0
2026-08-21 21:45:00+00:00,2026-08-21 22:40:00+00:00,XRP-USDT-SWAP,long,1.4038685628164127,1.4434381007649055,1.3837227537969525,1.444160180855333,0.027471977225684622,1.7666627530812111,True,fixed_2r,55.0,60,0.0007140930351304075,0.0,0.015550210235525224,0.0,0.0
2026-08-21 22:15:00+00:00,2026-08-21 23:15:00+00:00,ADA-USDT-SWAP,long,0.2281941675756931,0.2302848,0.22373001090831723,0.23712248091044485,0.008457057475632563,0.40731435183063586,True,max_hold_60m,60.0,60,0.0007045808191473899,0.0,0.020762974438840953,0.0,0.0
2026-08-22 00:20:00+00:00,2026-08-22 01:20:00+00:00,AVAX-USDT-SWAP,long,7.8830535112481,7.850073000000001,7.762642134977204,8.123876263789892,-0.004881631006999983,-0.2963105424182161,False,max_hold_60m,60.0,60,0.0006979081385657829,0.0,0.01647471253354865,0.0,0.0
2026-08-22 00:25:00+00:00,2026-08-22 01:25:00+00:00,SOL-USDT-SWAP,long,94.25685495371546,93.82306500000001,92.90225944458562,96.96604597197513,-0.005299910096209916,-0.34036355244466465,False,max_hold_60m,60.0,60,0.0006976988943990946,0.0,0.015571320895387469,0.0,0.0
2026-08-22 01:00:00+00:00,2026-08-22 02:00:00+00:00,ETH-USDT-SWAP,long,2518.708001550106,2505.1468000000004,2488.6560186012734,2578.811967447771,-0.006081497553900109,-0.46312258046872506,False,max_hold_60m,60.0,60,0.0006973079051756378,0.0,0.013131507316583533,0.0,0.0
2026-08-22 01:30:00+00:00,2026-08-22 02:30:00+00:00,ADA-USDT-SWAP,long,0.23181256805774375,0.2340829,0.2275508166929251,0.24033607078738106,0.009088929027005482,0.46408857136322423,True,max_hold_60m,60.0,60,0.0007048969129699877,0.0,0.01958447069771069,0.0,0.0
2026-08-22 01:30:00+00:00,2026-08-22 02:30:00+00:00,DOGE-USDT-SWAP,long,0.09199198155518995,0.09290352500000001,0.09036377866227939,0.09524838734101107,0.009203990083538519,0.48699905850937264,True,max_hold_60m,60.0,60,0.0007049544722779082,0.0,0.01889940015841197,0.0,0.0
2026-08-22 01:35:00+00:00,2026-08-22 02:35:00+00:00,XRP-USDT-SWAP,long,1.483418885520191,1.5349321500000002,1.446226626242294,1.5578034040759852,0.03400867760289706,1.294484401656213,True,max_hold_60m,60.0,60,0.0007173630203116043,0.0,0.02627198717835847,0.0,0.0
2026-08-22 02:35:00+00:00,2026-08-22 03:15:00+00:00,ADA-USDT-SWAP,long,0.23542046188178084,0.24364841533236128,0.23124554258136998,0.24377030048260256,0.03423256027160822,1.8080051198398672,True,fixed_2r,40.0,60,0.0007174750176446264,0.0,0.018933884586919837,0.0,0.0
2026-08-22 02:45:00+00:00,2026-08-22 03:25:00+00:00,DOGE-USDT-SWAP,long,0.0933391190632007,0.09617039042294888,0.09189942875840842,0.09621849967278527,0.029618003345973073,1.7816093602528145,True,fixed_2r,40.0,60,0.0007151665849654692,0.0,0.01662429711402628,0.0,0.0
2026-08-22 03:20:00+00:00,2026-08-22 04:20:00+00:00,SOL-USDT-SWAP,long,96.75350868980156,96.741605,95.47210427761874,99.31631751416721,-0.0008229695761711416,-0.056976531486993456,False,max_hold_60m,60.0,60,0.0006999384844541415,0.0,0.014444009747399388,0.0,0.0
2026-08-22 03:25:00+00:00,2026-08-22 04:25:00+00:00,AVAX-USDT-SWAP,long,8.08076825980633,8.135930000000002,7.979219117675968,8.283866544067054,0.006122885838443319,0.4447584008273131,True,max_hold_60m,60.0,60,0.0007034131494939686,0.0,0.013766768265768316,0.0,0.0
2026-08-22 03:35:00+00:00,2026-08-22 04:35:00+00:00,LINK-USDT-SWAP,long,12.428672369166085,12.4307815,12.249068429993027,12.7878802475122,-0.0005303860455982347,-0.0338888054773707,False,max_hold_60m,60.0,60,0.0007000848494019018,0.0,0.015650774293369554,0.0,0.0
2026-08-22 07:20:00+00:00,2026-08-22 08:20:00+00:00,DOGE-USDT-SWAP,short,0.09202782579774589,0.09288642,0.0956339095729506,0.08481565824733646,-0.009933267134037263,-0.2459660312446964,False,max_hold_60m,60.0,60,0.0007046648619306789,-0.00010112158925119297,0.04038471118865706,-0.00010112158925119297,0.0
2026-08-22 07:20:00+00:00,2026-08-22 08:20:00+00:00,LINK-USDT-SWAP,short,11.771975782083302,11.784889499999998,12.09070938499962,11.134508576250667,-0.0016977148265569955,-0.06004163730370805,False,max_hold_60m,60.0,60,0.0007005484940742213,-9.982181595960105e-05,0.028275625096122223,-9.982181595960105e-05,0.0
2026-08-22 08:00:00+00:00,2026-08-22 09:00:00+00:00,ADA-USDT-SWAP,short,0.23227721887138444,0.2273136,0.23972662645661347,0.2173784037009264,0.02068005915926667,0.6215604884928395,True,max_hold_60m,60.0,60,0.0006893153127639847,0.0,0.03327119329835733,0.0,0.0
2026-08-22 08:00:00+00:00,2026-08-22 09:00:00+00:00,AVAX-USDT-SWAP,short,7.623492715392588,7.5417689999999995,7.804912584711056,7.260652976755653,0.010025343396104312,0.4010542591351698,True,max_hold_60m,60.0,60,0.0006946400082977989,0.0,0.024997473952085392,0.0,0.0
2026-08-22 08:05:00+00:00,2026-08-22 09:05:00+00:00,SOL-USDT-SWAP,short,94.24935043494848,93.256605,96.22220521938185,90.30364086608175,0.009838447247458805,0.44452910282715835,True,max_hold_60m,60.0,60,0.0006947334096714349,0.0,0.022132290517960052,0.0,0.0
2026-08-22 09:05:00+00:00,2026-08-22 10:05:00+00:00,ADA-USDT-SWAP,short,0.22451015685713951,0.22281135,0.23122188228567445,0.21108670600006965,0.006870509434232945,0.22095240567442187,True,max_hold_60m,60.0,60,0.0006962166369644013,0.0,0.03109497456369309,0.0,0.0
2026-08-22 09:50:00+00:00,2026-08-22 10:50:00+00:00,AVAX-USDT-SWAP,short,7.513983379240665,7.502749499999999,7.656800550887978,7.228349035946039,0.0007958106257379069,0.03938320611280742,True,max_hold_60m,60.0,60,0.0006992524684529045,0.0,0.02020685221661294,0.0,0.0
2026-08-22 09:50:00+00:00,2026-08-22 10:50:00+00:00,DOGE-USDT-SWAP,short,0.0907085598949801,0.089954955,0.09300271873976125,0.0861202422054178,0.0076121339187891915,0.28734210815738453,True,max_hold_60m,60.0,60,0.0006958460100355876,0.0,0.02649153640447238,0.0,0.0
2026-08-22 09:50:00+00:00,2026-08-22 10:50:00+00:00,SOL-USDT-SWAP,short,93.85785515230481,93.12653999999999,95.37426182765776,90.8250418015989,0.007095626787908771,0.40881863247016104,True,max_hold_60m,60.0,60,0.0006961041345387762,0.0,0.017356417306705483,0.0,0.0
2026-08-22 13:40:00+00:00,2026-08-22 14:40:00+00:00,XRP-USDT-SWAP,short,1.494403552252668,1.46143035,1.525242627032016,1.4327254026939718,0.021375488782173633,0.9788935677636292,True,max_hold_60m,60.0,60,0.0006889677717230516,0.0,0.02183637678916194,0.0,0.0
2026-08-22 14:40:00+00:00,2026-08-22 15:40:00+00:00,XRP-USDT-SWAP,short,1.4635333561604436,1.4405199,1.4947002739253215,1.4011995206306878,0.015032448318724648,0.6682375268503767,True,max_hold_60m,60.0,60,0.0006921377069871441,0.0,0.02249566615867493,0.0,0.0
2026-08-22 14:45:00+00:00,2026-08-22 15:45:00+00:00,DOGE-USDT-SWAP,short,0.09026639248155996,0.09036515999999999,0.0917667097787195,0.08726575788724089,-0.0017947252846006161,-0.10070847565061097,False,max_hold_60m,60.0,60,0.0007005470890977515,0.0,0.017820995432669205,0.0,0.0
2026-08-22 14:55:00+00:00,2026-08-22 15:55:00+00:00,ADA-USDT-SWAP,short,0.22353186719107318,0.22301144999999997,0.22718240629287817,0.2162307889874632,0.0016293206745491636,0.09293845013627527,True,max_hold_60m,60.0,60,0.0006988359217018745,0.0,0.017531179744875208,0.0,0.0
2026-08-22 15:15:00+00:00,2026-08-22 16:15:00+00:00,LINK-USDT-SWAP,short,11.561019121395196,11.589792,11.737229456742359,11.20859845070087,-0.003089544101088873,-0.18790830069613756,False,max_hold_60m,60.0,60,0.0007012443919650456,-0.00010048422096717412,0.016441764890870403,-0.00010048422096717412,0.0
2026-08-22 17:20:00+00:00,2026-08-22 18:20:00+00:00,DOGE-USDT-SWAP,long,0.09301337747410894,0.09305345000000001,0.0916205296893072,0.09579907304371242,-0.00026939000909549453,-0.016655019532328803,False,max_hold_60m,60.0,60,0.0007002154127018031,0.0,0.01617470388266947,0.0,0.0
2026-08-22 19:45:00+00:00,2026-08-22 20:45:00+00:00,XRP-USDT-SWAP,long,1.4978183695069844,1.5092450000000002,1.4771204340838118,1.5392142403533298,0.006925034790786072,0.4610934846562444,True,max_hold_60m,60.0,60,0.0007038144246076969,0.0,0.015018721845416753,0.0,0.0
2026-08-22 19:55:00+00:00,2026-08-22 20:55:00+00:00,DOGE-USDT-SWAP,long,0.09356482370809514,0.094642655,0.09229788449714169,0.09609870213000206,0.010813861017040573,0.7336024716205486,True,max_hold_60m,60.0,60,0.0007057598104137272,0.0,0.014740764154123485,0.0,0.0
2026-08-22 23:35:00+00:00,2026-08-23 00:35:00+00:00,ADA-USDT-SWAP,short,0.22487345296690733,0.2271135,0.22788143560288793,0.21885748769494615,-0.010565846890053741,-0.7248630675250541,False,max_hold_60m,60.0,60,0.0007049806835878984,-0.0001005009693310746,0.01457633498438454,-0.0001005009693310746,0.0
2026-08-22 23:35:00+00:00,2026-08-23 00:10:00+00:00,XRP-USDT-SWAP,short,1.4532674398118377,1.475646732380923,1.474909277742052,1.409983763951409,-0.016006413400585073,-0.9946908100992421,False,initial_stop,35.0,60,0.0007076996470009618,-0.00010058024833951101,0.016091848077884708,-0.00010058024833951101,0.0
2026-08-23 01:00:00+00:00,2026-08-23 02:00:00+00:00,XRP-USDT-SWAP,long,1.5103893025904278,1.4894549000000001,1.481671631085134,1.5678246456010152,-0.014553339237272391,-0.7199838867320854,False,max_hold_60m,60.0,60,0.0006930698653140208,0.0,0.020213423529973892,0.0,0.0
2026-08-23 03:10:00+00:00,2026-08-23 04:10:00+00:00,ADA-USDT-SWAP,short,0.22230979746455984,0.21870929999999997,0.22571756957471814,0.21549425324424323,0.015503953916454902,0.9379887626086036,True,max_hold_60m,60.0,60,0.0006919020720057697,0.0,0.016528933537900248,0.0,0.0
2026-08-23 03:10:00+00:00,2026-08-23 04:10:00+00:00,DOGE-USDT-SWAP,short,0.09128765910333556,0.09087541499999999,0.09258190924002666,0.08869915882995336,0.0038181378232116994,0.2482903719355217,True,max_hold_60m,60.0,60,0.000697742060058365,0.0,0.01537771196461548,0.0,0.0
2026-08-23 03:35:00+00:00,2026-08-23 04:35:00+00:00,XRP-USDT-SWAP,short,1.4719121885307085,1.46663295,1.4984462623685009,1.4188440408551237,0.002888446505933469,0.15022912593545443,True,max_hold_60m,60.0,60,0.0006982066734103281,0.0,0.01922694076762773,0.0,0.0
2026-08-23 03:45:00+00:00,2026-08-23 04:45:00+00:00,SOL-USDT-SWAP,short,93.63181243819301,93.01648499999999,95.08174925831618,90.73193879794667,0.005875063387975125,0.3521056106232535,True,max_hold_60m,60.0,60,0.0006967141112503872,0.0,0.01668551483055274,0.0,0.0
2026-08-23 04:50:00+00:00,2026-08-23 05:50:00+00:00,AVAX-USDT-SWAP,short,7.323980160740336,7.345670999999999,7.422761928884026,7.126416624452957,-0.0036630998723376153,-0.24940350499545094,False,max_hold_60m,60.0,60,0.0007014808095314032,0.0,0.014687443435906923,0.0,0.0
2026-08-23 04:50:00+00:00,2026-08-23 05:15:00+00:00,LINK-USDT-SWAP,short,11.339676567841872,11.066322471358353,11.479118814102462,11.060792075320693,0.023418040042460474,1.735075113156207,True,fixed_2r,25.0,60,0.0006879470064755321,0.0,0.013496845101917022,0.0,0.0
2026-08-23 04:50:00+00:00,2026-08-23 05:50:00+00:00,XRP-USDT-SWAP,short,1.4507955572386402,1.4554273500000001,1.4815466868636822,1.3892932979885562,-0.0038941844835539167,-0.17387821282053517,False,max_hold_60m,60.0,60,0.0007015962940947295,0.0,0.02239604617729318,0.0,0.0
2026-08-23 06:10:00+00:00,2026-08-23 07:10:00+00:00,DOGE-USDT-SWAP,short,0.08914306931909931,0.09022509,0.09060683182919162,0.08621554429891469,-0.01284409263120574,-0.728934179103264,False,max_hold_60m,60.0,60,0.000706069011809698,0.0,0.017620373689990178,0.0,0.0
2026-08-23 06:10:00+00:00,2026-08-23 07:10:00+00:00,SOL-USDT-SWAP,short,91.93226860903088,92.54625,93.27722330837062,89.24235921035141,-0.007381966962841338,-0.46633227789722076,False,max_hold_60m,60.0,60,0.0007033393138245084,0.0,0.01582984346725473,0.0,0.0
2026-08-23 10:25:00+00:00,2026-08-23 11:25:00+00:00,XRP-USDT-SWAP,long,1.4924070866779575,1.4996498,1.4715850401354902,1.5340511797628922,0.004150614842291752,0.27393202129552496,True,max_hold_60m,60.0,60,0.0007024265206814867,0.0,0.015151988521319899,0.0,0.0
2026-08-23 11:25:00+00:00,2026-08-23 12:25:00+00:00,XRP-USDT-SWAP,long,1.4986353245820352,1.4907542500000002,1.4792238949844232,1.5374581837772592,-0.005956204705398167,-0.42085178286406677,False,max_hold_60m,60.0,60,0.0006973705829387703,0.0,0.014152737253157827,0.0,0.0
2026-08-23 13:20:00+00:00,2026-08-23 14:20:00+00:00,LINK-USDT-SWAP,long,11.539637289855818,11.5942,11.403647478269823,11.811616913027809,0.0040259222642163,0.3100540320641244,True,max_hold_60m,60.0,60,0.00070236414320371,0.0,0.012984582840011806,0.0,0.0
2026-08-23 14:15:00+00:00,2026-08-23 14:40:00+00:00,XRP-USDT-SWAP,long,1.54749519414539,1.519182358579809,1.5199423297446812,1.6026009229468077,-0.01898676383284429,-0.999050221548796,False,initial_stop,25.0,60,0.0006908520441056307,0.0,0.019004814195836633,0.0,0.0
2026-08-23 16:35:00+00:00,2026-08-23 17:35:00+00:00,LINK-USDT-SWAP,long,11.525891887229266,11.476259,11.381702646751187,11.814270368185424,-0.005004054842004581,-0.3649922901404974,False,max_hold_60m,60.0,60,0.0006978468960270112,0.0,0.013710028888770109,0.0,0.0
2026-08-23 17:20:00+00:00,2026-08-23 18:20:00+00:00,ADA-USDT-SWAP,long,0.2261947345674421,0.22488750000000002,0.2228368148093052,0.2329105740837159,-0.006476354399482244,-0.403630367978112,False,max_hold_60m,60.0,60,0.0006971103779892534,0.0,0.016045260498916282,0.0,0.0
2026-08-23 17:20:00+00:00,2026-08-23 18:20:00+00:00,XRP-USDT-SWAP,long,1.5177697486757413,1.5084454000000003,1.4910369841088957,1.5712352778094325,-0.006840382300763763,-0.363595056127524,False,max_hold_60m,60.0,60,0.0006969282729861111,0.0,0.01881318842345488,0.0,0.0
2026-08-24 00:30:00+00:00,2026-08-24 01:30:00+00:00,SOL-USDT-SWAP,short,94.58704720988973,94.517235,95.65456651867682,92.45200859231556,3.844271551987693e-05,0.003078839777964585,True,max_hold_60m,60.0,60,0.0006996309631606598,0.0,0.012486104601809236,0.0,0.0
2026-08-24 00:45:00+00:00,2026-08-24 01:45:00+00:00,ADA-USDT-SWAP,short,0.22231032525786443,0.21960975,0.22572390309437296,0.21548316958484737,0.011453846396290062,0.6918657630076693,True,max_hold_60m,60.0,60,0.0006939261137449825,0.0,0.016555012559803593,0.0,0.0
2026-08-24 00:45:00+00:00,2026-08-24 01:45:00+00:00,DOGE-USDT-SWAP,short,0.09182710864200169,0.091415685,0.09311530370402031,0.08925071851796446,0.003782656155792513,0.2483934923792326,True,max_hold_60m,60.0,60,0.0006977597920260907,0.0,0.01522848332120302,0.0,0.0
2026-08-24 00:45:00+00:00,2026-08-24 01:45:00+00:00,XRP-USDT-SWAP,short,1.4883137050015438,1.4754373499999998,1.5148644600185248,1.4352121949675818,0.007955966235983467,0.4178665983764559,True,max_hold_60m,60.0,60,0.0006956741797921122,0.0,0.01903948836038802,0.0,0.0
2026-08-24 01:25:00+00:00,2026-08-24 02:25:00+00:00,AVAX-USDT-SWAP,short,7.503757561405104,7.5187574999999995,7.589090736861239,7.333091210492833,-0.0026999897972960125,-0.21476114193551257,False,max_hold_60m,60.0,60,0.0007009994951510725,0.0,0.012572059232702125,0.0,0.0
2026-08-24 01:25:00+00:00,2026-08-24 02:25:00+00:00,LINK-USDT-SWAP,short,11.423298826965906,11.479737,11.569585923590884,11.130724633715952,-0.005643089818093164,-0.4029043348366052,False,max_hold_60m,60.0,60,0.0007024703097541695,0.0,0.014006029050001848,0.0,0.0
2026-08-24 02:00:00+00:00,2026-08-24 02:35:00+00:00,SOL-USDT-SWAP,short,93.93668130112873,95.04767570135148,95.00017561354471,91.80969267629676,-0.01253296963472251,-1.0009243559028156,False,initial_stop,35.0,60,0.0007059135280533345,0.0,0.012521395408964747,0.0,0.0
2026-08-24 03:10:00+00:00,2026-08-24 04:10:00+00:00,ADA-USDT-SWAP,short,0.2195845729243863,0.21870929999999997,0.22271487509263546,0.21332396858788796,0.003288033171847964,0.21274105193928822,True,max_hold_60m,60.0,60,0.000698006979924114,0.0,0.01545556507253851,0.0,0.0
2026-08-24 03:10:00+00:00,2026-08-24 04:10:00+00:00,DOGE-USDT-SWAP,short,0.0914967349430895,0.09156576,0.09267081931707413,0.08914856619512025,-0.0014547763259738227,-0.10367576146651969,False,max_hold_60m,60.0,60,0.0007003771995632052,0.0,0.014031981105280984,0.0,0.0
2026-08-24 03:10:00+00:00,2026-08-24 04:10:00+00:00,XRP-USDT-SWAP,short,1.4753862077301796,1.4701347,1.4983344927621536,1.4294896376662316,0.002861191948600311,0.17077576325660443,True,max_hold_60m,60.0,60,0.0006982202938787605,0.0,0.016754086727758542,0.0,0.0
2026-08-24 05:15:00+00:00,2026-08-24 05:30:00+00:00,DOGE-USDT-SWAP,long,0.09286335633053769,0.09164443082846903,0.09169027596645225,0.09520951705870856,-0.013819448698161992,-0.9990689080024021,False,initial_stop,15.0,60,0.000693436994147993,0.0,0.013832327867947988,0.0,0.0
2026-08-24 05:15:00+00:00,2026-08-24 06:15:00+00:00,LINK-USDT-SWAP,long,11.569561681262753,11.548223,11.432740175153029,11.843204693482202,-0.002543458940770671,-0.1952603362819243,False,max_hold_60m,60.0,60,0.0006990778094343318,0.0,0.013025988734846429,0.0,0.0
2026-08-24 07:15:00+00:00,2026-08-24 08:00:00+00:00,XRP-USDT-SWAP,long,1.494938891272951,1.4704311119277744,1.471166695275412,1.542483283268029,-0.017184322937454886,-1.004826309172316,False,initial_stop,45.0,60,0.000691803083226931,9.868630809007663e-05,0.017101784438357075,9.868630809007663e-05,0.0
2026-08-24 07:45:00+00:00,2026-08-24 08:45:00+00:00,ADA-USDT-SWAP,short,0.21913981220336506,0.21900945,0.22177774644038065,0.2138639437293339,-4.793670602530205e-06,-0.00036212325386415713,False,max_hold_60m,60.0,60,0.000699702559288396,-0.0001000274654778745,0.013237676816878622,-0.0001000274654778745,0.0
2026-08-24 08:05:00+00:00,2026-08-24 09:05:00+00:00,DOGE-USDT-SWAP,short,0.09114141855761115,0.09108551999999999,0.09214702269133376,0.08913021029016593,-8.63766027010181e-05,-0.007060691333044228,False,max_hold_60m,60.0,60,0.0006996933416305352,0.0,0.012233448344749648,0.0,0.0
2026-08-24 10:55:00+00:00,2026-08-24 11:35:00+00:00,ADA-USDT-SWAP,short,0.21893474343875197,0.22162767972565597,0.22151692126502348,0.21377038778620894,-0.013006327962063262,-1.000927117825959,False,initial_stop,40.0,60,0.0007061500889365633,0.0,0.012994280732760405,0.0,0.0
2026-08-24 11:45:00+00:00,2026-08-24 12:15:00+00:00,DOGE-USDT-SWAP,long,0.09259208516758374,0.09146926449999941,0.0915150220110049,0.09474621148074142,-0.01282046640076575,-0.9990742582921606,False,initial_stop,30.0,60,0.0006939367351672007,0.0,0.012832345838517886,0.0,0.0
2026-08-24 12:40:00+00:00,2026-08-24 13:40:00+00:00,SOL-USDT-SWAP,long,95.8872312424595,95.25235,94.75677490951419,98.14814390835014,-0.007317813379486556,-0.5633665412534581,False,max_hold_60m,60.0,60,0.0006966894380292714,0.0,0.012989435551505852,0.0,0.0
2026-08-24 12:50:00+00:00,2026-08-24 13:40:00+00:00,XRP-USDT-SWAP,long,1.507820919289037,1.4842085559527103,1.4849510314684444,1.5535606949302223,-0.016352095585586295,-0.9990582734892411,False,initial_stop,50.0,60,0.0006921700372258197,0.0,0.016367509303012034,0.0,0.0
2026-08-24 12:55:00+00:00,2026-08-24 13:30:00+00:00,DOGE-USDT-SWAP,long,0.0930731219665776,0.09185151486713175,0.09189746359893121,0.0954244387018704,-0.013818677767514758,-0.9990689118330244,False,initial_stop,35.0,60,0.0006934373798061457,0.0,0.013831556165791585,0.0,0.0
2026-08-24 14:15:00+00:00,2026-08-24 15:15:00+00:00,ETH-USDT-SWAP,long,2507.3783426830937,2513.2927250000002,2477.0001121971236,2568.134803655034,0.0016576119427682352,0.12448706883105506,True,max_hold_60m,60.0,60,0.0007011793956692188,0.0,0.01331553516628966,0.0,0.0
2026-08-24 15:25:00+00:00,2026-08-24 15:40:00+00:00,ADA-USDT-SWAP,long,0.22592593364951208,0.22170029819224776,0.22181120379414482,0.2341553933602466,-0.01939427989656027,-0.999049171486291,False,initial_stop,15.0,60,0.0006906481841437918,0.0,0.019412738081457284,0.0,0.0
2026-08-24 15:25:00+00:00,2026-08-24 15:40:00+00:00,AVAX-USDT-SWAP,long,7.631330768159635,7.53220123330666,7.535969217915618,7.822053868647669,-0.01368331484974309,-0.9990695911210004,False,initial_stop,15.0,60,0.0006935050951226897,0.0,0.013696057783512162,0.0,0.0
2026-08-24 15:25:00+00:00,2026-08-24 15:40:00+00:00,ETH-USDT-SWAP,long,2527.999685374764,2495.727736384918,2496.9762244971666,2590.0466071299584,-0.013459421293428366,-0.9990707446717659,False,initial_stop,15.0,60,0.0006936170979022369,0.0,0.013471940165608908,0.0,0.0
2026-08-24 16:20:00+00:00,2026-08-24 16:50:00+00:00,SOL-USDT-SWAP,long,97.31664296903973,95.80179077066255,95.84971562847679,100.25049765016563,-0.016258436112101496,-0.9990586077629019,False,initial_stop,30.0,60,0.0006922168903891438,0.0,0.01627375609976224,0.0,0.0
2026-08-24 16:20:00+00:00,2026-08-24 17:00:00+00:00,XRP-USDT-SWAP,long,1.515451651958671,1.4844772135923,1.485219823504052,1.575915308867909,-0.021128860998088878,-0.999045155079543,False,initial_stop,40.0,60,0.000689780459730821,0.0,0.02114905506589101,0.0,0.0
2026-08-24 16:55:00+00:00,2026-08-24 17:25:00+00:00,DOGE-USDT-SWAP,short,0.09094851903972295,0.08816516071590075,0.09236222847667551,0.08812110016581784,0.029918970296457934,1.7868406088717221,True,fixed_2r,30.0,60,0.0006846981657688865,0.0,0.016744062200013402,0.0,0.0
2026-08-24 17:25:00+00:00,2026-08-24 18:25:00+00:00,ETH-USDT-SWAP,short,2461.6556279611723,2477.3780699999998,2494.82753553407,2395.3118128153765,-0.00709013153634136,-0.483128861577838,False,max_hold_60m,60.0,60,0.0007031934690336539,0.0,0.014675446035630915,0.0,0.0
2026-08-24 17:30:00+00:00,2026-08-24 18:30:00+00:00,XRP-USDT-SWAP,short,1.4677834638958869,1.4843418,1.498401566750642,1.4065472581863765,-0.011986825120779683,-0.5433714128646796,False,max_hold_60m,60.0,60,0.0007056405922642577,0.0,0.02206009524421717,0.0,0.0
2026-08-24 18:40:00+00:00,2026-08-24 19:40:00+00:00,XRP-USDT-SWAP,short,1.4765174582421252,1.48124025,1.5009094989055018,1.427733376915372,-0.0039002013436259682,-0.22010188937870714,False,max_hold_60m,60.0,60,0.0007015993010213023,0.0,0.01771998120795449,0.0,0.0
2026-08-24 19:10:00+00:00,2026-08-24 20:10:00+00:00,ADA-USDT-SWAP,short,0.21898341093060472,0.2193096,0.2221009311672565,0.2127483704573012,-0.002190305418767039,-0.14189288074715006,False,max_hold_60m,60.0,60,0.0007007447803192238,0.0,0.015436330612457675,0.0,0.0
2026-08-24 19:40:00+00:00,2026-08-24 20:40:00+00:00,SOL-USDT-SWAP,long,96.20539240417521,96.441755,95.05470885010247,98.5067595123207,0.0017556254968990846,0.1333991268784478,True,max_hold_60m,60.0,60,0.0007012284269619305,0.0,0.013160697059875034,0.0,0.0
2026-08-24 20:05:00+00:00,2026-08-24 21:05:00+00:00,DOGE-USDT-SWAP,short,0.08874786096072595,0.08982488999999999,0.08982433152871143,0.086594919824755,-0.012841898882166119,-0.9634166396466175,False,max_hold_60m,60.0,60,0.0007060679154833414,0.0,0.01332953818077768,0.0,0.0
2026-08-25 00:45:00+00:00,2026-08-25 01:45:00+00:00,XRP-USDT-SWAP,long,1.506916506695917,1.5022484999999999,1.4861980803510042,1.5483533593857424,-0.003796171998805096,-0.25394343627281374,False,max_hold_60m,60.0,60,0.0006984511395703826,0.0,0.01494888804578841,0.0,0.0
2026-08-25 02:20:00+00:00,2026-08-25 03:20:00+00:00,ADA-USDT-SWAP,long,0.22652908160109397,0.22788600000000003,0.22354897921312772,0.23248928637702648,0.005287045593090229,0.3682941819891076,True,max_hold_60m,60.0,60,0.0007029950203066985,0.0,0.014355495828187136,0.0,0.0
2026-08-25 02:20:00+00:00,2026-08-25 03:20:00+00:00,DOGE-USDT-SWAP,long,0.09200798564419227,0.092763595,0.09088582773030732,0.09425230147196217,0.0075083261125878445,0.5604771852673549,True,max_hold_60m,60.0,60,0.000704106216164376,0.0,0.013396309983619183,0.0,0.0
2026-08-25 02:20:00+00:00,2026-08-25 03:20:00+00:00,SOL-USDT-SWAP,long,101.94309721866146,101.579185,99.99716662393755,105.8349584081093,-0.004267973432982515,-0.21036520764794525,False,max_hold_60m,60.0,60,0.0006982151208439308,0.0,0.02028839978198839,0.0,0.0
2026-08-25 05:10:00+00:00,2026-08-25 06:10:00+00:00,SOL-USDT-SWAP,long,101.81779373658846,101.559195,100.58352483906133,104.28633153164272,-0.003238548791273579,-0.24309177047450747,False,max_hold_60m,60.0,60,0.000698730090649688,0.0,0.013322330019449173,0.0,0.0
2026-08-25 05:30:00+00:00,2026-08-25 06:30:00+00:00,ADA-USDT-SWAP,long,0.22715523007219843,0.22618685000000002,0.22446276086638112,0.23254016848383305,-0.004960944737458487,-0.3800618740831204,False,max_hold_60m,60.0,60,0.0006978684618622018,0.0,0.013052992356643268,0.0,0.0
2026-08-25 05:30:00+00:00,2026-08-25 06:30:00+00:00,XRP-USDT-SWAP,long,1.5248768190942406,1.5144424,1.5070218291308877,1.5605867990209463,-0.007539373354031432,-0.5840339268476239,False,max_hold_60m,60.0,60,0.0006965786026242964,0.0,0.01290913593791697,0.0,0.0
2026-08-25 07:50:00+00:00,2026-08-25 08:50:00+00:00,ADA-USDT-SWAP,short,0.2209523228705442,0.22121054999999998,0.22372787444653044,0.2154012197185717,-0.0017693539671856775,-0.12857026136253183,False,max_hold_60m,60.0,60,0.0007005843503387993,-9.993106075167473e-05,0.013761766900330076,-9.993106075167473e-05,0.0
2026-08-25 09:05:00+00:00,2026-08-25 10:05:00+00:00,SOL-USDT-SWAP,short,100.22667092185792,99.73984499999999,101.400051062295,97.87991064098374,0.004159677871557787,0.3222741651299616,True,max_hold_60m,60.0,60,0.0006975713753765328,0.0,0.012907264440140086,0.0,0.0
2026-08-25 09:55:00+00:00,2026-08-25 10:55:00+00:00,XRP-USDT-SWAP,short,1.4782327920945635,1.4855423999999997,1.4950935051347616,1.4445113660141673,-0.0056473010939139725,-0.44798541813107834,False,max_hold_60m,60.0,60,0.0007024724143397871,0.0,0.012605993109047134,0.0,0.0
2026-08-25 13:20:00+00:00,2026-08-25 14:20:00+00:00,ADA-USDT-SWAP,short,0.21575760401217292,0.21480734999999998,0.2185912481460752,0.21009031574436837,0.0037064687477961966,0.2585885349319112,True,max_hold_60m,60.0,60,0.0006977978666927555,0.0,0.014333461260268732,0.0,0.0
2026-08-25 13:20:00+00:00,2026-08-25 14:20:00+00:00,SOL-USDT-SWAP,short,97.89306787288439,97.46871,99.02681447461258,95.625574669428,0.003637079846880869,0.2845585850984767,True,max_hold_60m,60.0,60,0.0006978325438046572,0.0,0.012781479938910264,0.0,0.0
2026-08-25 13:20:00+00:00,2026-08-25 14:20:00+00:00,XRP-USDT-SWAP,short,1.4573698627866527,1.45942935,1.4746383534398324,1.4228328814802933,-0.0021138600018899747,-0.1619930418094959,False,max_hold_60m,60.0,60,0.0007007065767125888,0.0,0.013049079011528643,0.0,0.0
2026-08-25 17:10:00+00:00,2026-08-25 18:10:00+00:00,XRP-USDT-SWAP,short,1.4657848998756335,1.47863895,1.4821187985076043,1.433117102611692,-0.00947378198569224,-0.767515005190494,False,max_hold_60m,60.0,60,0.0007043846986435244,0.0,0.012343448560124095,0.0,0.0
2026-08-25 20:50:00+00:00,2026-08-25 21:05:00+00:00,XRP-USDT-SWAP,short,1.446217855441835,1.4135314482393266,1.4629142653020195,1.412825035721466,0.021912603131025915,1.719326128874505,True,fixed_2r,15.0,60,0.000688699348760107,0.0,0.012744878800492732,0.0,0.0
2026-08-26 14:30:00+00:00,2026-08-26 15:30:00+00:00,ADA-USDT-SWAP,short,0.2071465840513163,0.20520254999999998,0.20985900861579557,0.2017217349223578,0.008689515531958502,0.6079038083835162,True,max_hold_60m,60.0,60,0.0006953075884398008,0.0,0.014294227823748775,0.0,0.0
2026-08-26 14:30:00+00:00,2026-08-26 15:30:00+00:00,DOGE-USDT-SWAP,short,0.08527757575012078,0.08471233499999999,0.08624090900144928,0.08335090924746379,0.00593156012024712,0.47465988877243,True,max_hold_60m,60.0,60,0.0006966858770013758,0.0,0.012496442738372898,0.0,0.0
2026-08-26 14:30:00+00:00,2026-08-26 15:30:00+00:00,XRP-USDT-SWAP,short,1.3827683327152045,1.3774884,1.404419992582454,1.3394650129807053,0.0031202875757135535,0.1850902237138483,True,max_hold_60m,60.0,60,0.0006980908108067398,0.0,0.01685819765682252,0.0,0.0
2026-08-26 14:35:00+00:00,2026-08-26 15:35:00+00:00,SOL-USDT-SWAP,short,96.04625044189478,95.82789,97.10500530273737,93.92874072020962,0.0015746293698149436,0.12882104944078698,True,max_hold_60m,60.0,60,0.0006988632536882484,0.0,0.01222338567066811,0.0,0.0
2026-08-26 16:25:00+00:00,2026-08-26 17:25:00+00:00,LINK-USDT-SWAP,short,11.179035311483776,11.287640999999999,11.311423737805315,10.914258458840699,-0.010419979258752193,-0.7989211567124411,False,max_hold_60m,60.0,60,0.0007048575608489516,0.0,0.013042562674933263,0.0,0.0
2026-08-26 16:45:00+00:00,2026-08-26 17:20:00+00:00,XRP-USDT-SWAP,short,1.3704772854879226,1.3896218895679973,1.38892742585507,1.333577004753628,-0.014676281537052527,-1.0009354386957798,False,initial_stop,35.0,60,0.0007069846484443041,0.0,0.014662565605805446,0.0,0.0
