Best,Epoch,Trades,Avg profit,Median profit,Total profit,Stake currency,Profit,Avg duration,Trade count long,Trade count short,Max drawdown,Max drawdown percent,Objective,buy_breakout_threshold,buy_compression_threshold,buy_pullback_max_candles,buy_pullback_tolerance,sell_reward_risk
* Best,1,1107,0.65%,-5.186371432725681,0.84057020,USDT,84.06,23:01:00,559,548,99.08858824999999,44.75%,-8.33175,0.0025,0.01,6,0.0025,5
*,2,355,0.10%,-7.686562390012567,0.02999088,USDT,3.00,"1 day, 11:10:00",175,180,33.53897934999999,32.21%,-0.39058,0.01,0.005,24,0.02,3
* Best,3,1755,1.65%,-9.597585847754212,2.15054648,USDT,215.05,"1 day, 16:44:00",912,843,150.07759137999994,57.89%,-20.87642,0.001,0.02,12,0.02,3
*,4,500,0.06%,-5.426054757133178,-0.31927353,USDT,-31.93,16:06:00,256,244,53.39218054999997,50.01%,2.62938,0.01,0.0075,12,0.005,3
*,5,638,1.55%,-6.678442317508764,0.48597059,USDT,48.60,"2 days, 10:05:00",325,313,63.73943222,43.56%,-4.09991,0.005,0.0075,6,0.01,10
*,6,872,1.36%,-6.151964324523379,0.99439967,USDT,99.44,"1 day, 7:26:00",431,441,69.99663756000001,32.89%,-14.72175,0.005,0.0075,6,0.02,3
*,7,738,-0.11%,-6.048336721361442,-0.38604764,USDT,-38.60,"1 day, 5:41:00",400,338,104.41956169000005,79.42%,1.08068,0.01,0.01,24,0.0025,10
*,8,27,2.09%,-3.23864352692447,0.06425047,USDT,6.43,14:24:00,10,17,13.05468166,11.18%,,0.01,0.0025,6,0.005,5
*,9,1287,0.94%,-5.5176188609662615,1.74227520,USDT,174.23,"1 day, 2:59:00",662,625,178.82880453999985,39.69%,-19.46221,0.001,0.01,12,0.005,5
* Best,10,1020,1.54%,-10.366837673801099,2.95960091,USDT,295.96,"2 days, 19:42:00",533,487,128.99098363999988,44.21%,-34.17791,0.005,0.015,3,0.02,5
*,11,1379,1.32%,-6.1894453255674176,2.12851795,USDT,212.85,"1 day, 5:12:00",717,662,167.79509224000003,34.95%,-30.96392,0.0025,0.01,12,0.02,3
*,12,1649,1.17%,-9.997489266915043,1.76545728,USDT,176.55,"1 day, 15:28:00",832,817,179.12617383000003,56.62%,-16.81233,0.005,0.02,3,0.01,3
*,13,829,2.27%,-9.811233546948039,2.78461408,USDT,278.46,"3 days, 21:08:00",442,387,229.15945732000017,50.96%,-24.31565,0.0025,0.015,6,0.02,8
*,14,882,0.18%,-5.025664763335781,-0.05640937,USDT,-5.64,22:19:00,445,437,45.86394616000001,39.19%,0.55268,0.0025,0.0075,6,0.005,5
*,15,541,1.35%,-4.057626499813698,0.93582747,USDT,93.58,"1 day, 14:07:00",270,271,60.11281752000001,43.60%,-9.41536,0.001,0.005,12,0.02,8
*,16,1192,0.33%,-11.00283733830242,0.19167054,USDT,19.17,"2 days, 12:38:00",616,576,163.93461671999998,63.91%,-1.20475,0.005,0.02,3,0.01,5
*,17,984,1.13%,-5.013060296667486,0.59450238,USDT,59.45,"1 day, 7:50:00",506,478,62.124494609999964,28.20%,-7.52850,0.001,0.0075,6,0.02,5
*,18,525,1.17%,-3.830060152810899,0.71049075,USDT,71.05,"1 day, 6:06:00",259,266,51.50467369999997,33.32%,-8.06295,0.001,0.005,3,0.01,8
*,19,98,1.31%,-3.1071155501042163,0.11519580,USDT,11.52,"1 day, 5:40:00",48,50,24.229884570000003,19.62%,,0.0025,0.0025,6,0.005,8
*,20,1476,2.21%,-9.466335689440811,2.76458772,USDT,276.46,"1 day, 23:03:00",761,715,265.6557824599999,62.40%,-20.85826,0.001,0.02,6,0.005,5
*,21,767,1.92%,-7.3458359202539265,2.59478635,USDT,259.48,"1 day, 2:46:00",424,343,158.76464492000008,42.55%,-30.84913,0.01,0.015,3,0.0025,5
*,22,100,-0.35%,-4.907422890274804,-0.04995119,USDT,-5.00,"2 days, 0:04:00",50,50,39.03491441,29.12%,,0.005,0.0025,24,0.01,10
*,23,308,1.76%,-4.628097807138031,0.13747261,USDT,13.75,"1 day, 20:51:00",145,163,43.39267755,43.39%,-1.12392,0.005,0.005,3,0.005,10
*,24,116,-0.34%,-2.324926792794373,0.04062204,USDT,4.06,14:28:00,53,63,20.723994970000003,16.79%,,0.001,0.0025,3,0.0025,5
*,25,1571,0.16%,-7.5058896969852436,-0.30669924,USDT,-30.67,19:58:00,820,751,197.36056988,77.03%,1.48277,0.01,0.015,24,0.005,3
*,26,711,-0.04%,-6.140171091229918,-0.47240419,USDT,-47.24,15:32:00,374,337,62.449163120000016,60.70%,3.03447,0.01,0.01,6,0.005,3
*,27,1038,0.03%,-7.576058004675308,-0.31575450,USDT,-31.58,"1 day, 22:26:00",535,503,172.9666429400001,83.66%,0.80308,0.005,0.015,3,0.0025,10
*,28,951,2.08%,-7.391716677782225,1.67454368,USDT,167.45,"2 days, 11:59:00",496,455,190.44750703000005,46.39%,-15.45689,0.0025,0.01,6,0.02,8
*,29,308,0.55%,-6.462061056457813,0.21802601,USDT,21.80,"1 day, 2:21:00",159,149,23.31415808,21.28%,-3.70015,0.01,0.005,12,0.01,3
*,30,1004,0.94%,-8.697986486051674,0.20123878,USDT,20.12,"2 days, 8:19:00",542,462,375.1210938800001,80.25%,-0.63346,0.01,0.015,24,0.005,10
,31,696,2.05%,-11.822951982500548,1.37698470,USDT,137.70,"5 days, 6:36:00",372,324,207.10593479000002,52.58%,-10.26629,0.001,0.02,6,0.02,10
,32,253,0.07%,-7.276608678226823,-0.00472375,USDT,-0.47,"2 days, 12:06:00",129,124,39.12840080000001,39.06%,0.03775,0.01,0.005,6,0.01,10
,33,1445,0.91%,-9.878787179483556,0.15413323,USDT,15.41,"1 day, 20:46:00",751,694,197.6027485299998,70.69%,-0.80705,0.005,0.02,6,0.005,5
,34,1055,1.40%,-10.444712150603172,2.52267288,USDT,252.27,"2 days, 18:19:00",557,498,145.97806940999993,49.95%,-25.55189,0.005,0.015,12,0.02,5
,35,1242,1.66%,-8.455752137595315,0.98238063,USDT,98.24,"2 days, 6:43:00",647,595,233.8104722000001,63.77%,-6.59139,0.001,0.015,6,0.02,5
,36,1243,0.33%,-6.802169254403028,-0.29850870,USDT,-29.85,16:01:00,666,577,136.58570779000001,72.42%,1.64556,0.01,0.015,12,0.0025,3
,37,391,0.98%,-6.123125971205644,-0.03161434,USDT,-3.16,"2 days, 18:44:00",190,201,37.64846062000001,34.65%,0.26842,0.005,0.005,12,0.02,10
,38,544,1.38%,-4.03202177019766,0.92903758,USDT,92.90,"1 day, 13:40:00",271,273,58.30271435000002,42.97%,-9.42023,0.001,0.005,6,0.02,8
,39,436,0.87%,-5.745836662224665,0.66034157,USDT,66.03,"1 day, 17:26:00",209,227,33.75944382999998,16.95%,-10.91371,0.005,0.005,12,0.02,5
,40,975,0.48%,-4.777286641053809,0.14792274,USDT,14.79,"1 day, 3:18:00",508,467,49.16591942000001,41.81%,-1.45975,0.001,0.0075,6,0.01,5
Best,41,1543,1.76%,-8.001438468458359,3.47972794,USDT,347.97,"1 day, 15:40:00",807,736,96.95299663999991,31.81%,-53.30078,0.0025,0.015,6,0.02,3
,42,979,1.10%,-4.978608353851287,0.45277876,USDT,45.28,"1 day, 7:35:00",502,477,59.58463824000001,41.60%,-4.67610,0.001,0.0075,3,0.02,5
,43,107,1.25%,-3.1789437507829943,0.09463577,USDT,9.46,"1 day, 4:36:00",54,53,27.17486876,21.41%,,0.0025,0.0025,12,0.005,8
,44,507,0.37%,-5.613395521668896,-0.16378119,USDT,-16.38,17:46:00,274,233,62.81988256999998,54.49%,1.15779,0.01,0.01,6,0.0025,5
,45,1067,1.45%,-5.349875446253028,2.97532553,USDT,297.53,"1 day, 9:53:00",562,505,260.25536816000005,41.20%,-30.76361,0.001,0.01,12,0.0025,8
,46,939,1.20%,-11.950428247903758,0.05586253,USDT,5.59,"3 days, 17:50:00",505,434,142.58826088999996,66.69%,-0.28108,0.0025,0.02,6,0.02,8
,47,696,2.58%,-13.29678222411582,1.49040251,USDT,149.04,"4 days, 11:08:00",376,320,167.45663821000002,44.73%,-13.68034,0.01,0.015,3,0.02,8
Best,48,1954,1.64%,-8.793397044628088,6.00508915,USDT,600.51,"1 day, 9:29:00",1019,935,195.20315251999992,50.54%,-73.25197,0.001,0.02,12,0.01,3
Best,49,2046,1.81%,-8.316346854052064,7.25926547,USDT,725.93,"1 day, 5:18:00",1038,1008,141.65288985,33.47%,-114.85398,0.001,0.02,6,0.005,3
,50,561,2.18%,-7.315903991913077,0.71229685,USDT,71.23,"3 days, 10:00:00",278,283,75.87397747,45.34%,-6.07035,0.005,0.0075,6,0.02,10
,51,348,0.19%,-7.6597941092259205,0.05546527,USDT,5.55,"1 day, 11:13:00",171,177,32.30758836999999,31.65%,-0.74102,0.01,0.005,6,0.02,3
,52,868,0.76%,-10.926996885663044,0.44326321,USDT,44.33,"4 days, 0:19:00",464,404,308.28709330999993,72.18%,-1.89433,0.001,0.02,12,0.01,10
,53,555,0.91%,-3.5584657137787503,1.21976868,USDT,121.98,"1 day, 0:24:00",274,281,56.46851122000001,26.61%,-18.84800,0.001,0.005,6,0.01,5
,54,130,-0.51%,-3.288152494535307,-0.21174314,USDT,-21.17,"1 day, 22:23:00",64,66,33.72454912999999,33.72%,,0.001,0.0025,6,0.02,10
,55,537,0.44%,-6.610702601236469,-0.25909332,USDT,-25.91,23:25:00,289,248,51.87420564,46.14%,2.03926,0.01,0.01,3,0.005,5
,56,447,0.67%,-4.881765417425965,0.40543614,USDT,40.54,23:07:00,214,233,34.99349864,24.17%,-6.82602,0.005,0.005,3,0.01,3
,57,866,0.81%,-5.078097359592729,0.45226149,USDT,45.23,"1 day, 15:26:00",453,413,59.45244533,46.10%,-3.60230,0.001,0.0075,6,0.01,10
,58,78,4.15%,-7.151349023842451,0.34991241,USDT,34.99,"3 days, 13:53:00",38,40,15.721956729999995,10.43%,,0.01,0.0025,12,0.02,8
,59,790,2.11%,-8.597707156571335,3.29262406,USDT,329.26,"2 days, 9:52:00",432,358,249.78368353999986,40.99%,-32.02729,0.01,0.015,3,0.005,10
,60,983,1.38%,-8.133903951502683,0.68883540,USDT,68.88,"1 day, 4:27:00",509,474,80.96258891000002,49.15%,-7.53169,0.01,0.01,12,0.01,3
,61,1368,1.52%,-7.877289822615122,3.15905306,USDT,315.91,"1 day, 11:11:00",698,670,183.27433577,30.78%,-41.46533,0.005,0.015,3,0.005,5
,62,511,0.88%,-5.182354710616729,0.61534478,USDT,61.53,"1 day, 1:40:00",245,266,29.220864349999996,19.71%,-11.33399,0.005,0.005,3,0.02,3
,63,339,0.43%,-6.061457913311149,0.11163758,USDT,11.16,"1 day, 6:35:00",188,151,48.340017380000006,38.44%,-0.96178,0.01,0.01,3,0.0025,10
,64,953,2.04%,-7.405079854011714,1.64668643,USDT,164.67,"2 days, 11:53:00",498,455,189.41096683000006,46.60%,-15.09706,0.0025,0.01,12,0.02,8
,65,599,-0.04%,-4.132479214937986,0.00290627,USDT,0.29,22:54:00,290,309,36.77188326,31.72%,-0.03795,0.0025,0.005,6,0.02,3
,66,114,-0.36%,-2.4240295107004926,-0.08590576,USDT,-8.59,21:52:00,53,61,25.152917629999997,22.11%,,0.001,0.0025,12,0.0025,8
,67,1547,1.80%,-9.440516040476513,1.95300392,USDT,195.30,"1 day, 20:11:00",785,762,271.3692683599999,68.92%,-12.01346,0.001,0.02,12,0.005,5
,68,875,1.34%,-5.794584361209597,1.26782544,USDT,126.78,"1 day, 12:33:00",443,432,92.83170491999996,36.43%,-15.23616,0.0025,0.0075,6,0.02,5
,69,858,0.72%,-9.88379457305573,0.29300979,USDT,29.30,"3 days, 19:29:00",447,411,272.54908371,71.79%,-1.24897,0.0025,0.015,3,0.02,10
,70,1240,0.93%,-5.118686009592956,1.60234581,USDT,160.23,23:37:00,644,596,128.92360169999998,33.33%,-19.79666,0.001,0.01,12,0.0025,5
,71,747,2.35%,-6.045559421384588,1.25843554,USDT,125.84,"2 days, 4:22:00",383,364,110.98065263,32.98%,-14.15383,0.0025,0.0075,3,0.02,8
,72,1445,1.54%,-10.869006777299782,2.75231527,USDT,275.23,"2 days, 2:37:00",749,696,204.46288514,46.28%,-33.12342,0.005,0.02,3,0.02,3
,73,1261,1.56%,-5.945897118595309,3.68272806,USDT,368.27,"1 day, 10:08:00",655,606,214.88568478000013,31.71%,-49.69275,0.001,0.01,12,0.01,5
,74,1615,1.16%,-7.2392449338382185,2.51411649,USDT,251.41,"1 day, 0:54:00",828,787,167.13041339000014,53.19%,-26.69615,0.005,0.015,3,0.005,3
,75,947,2.38%,-8.732448279905597,2.86508735,USDT,286.51,"2 days, 23:16:00",504,443,332.3638629999999,65.77%,-16.83523,0.005,0.015,12,0.005,10
,76,939,1.84%,-7.361509940445063,1.51134610,USDT,151.13,"2 days, 11:42:00",494,445,174.20075453000004,45.85%,-14.02790,0.0025,0.01,3,0.02,8
,77,893,1.81%,-9.793990050888478,1.26994788,USDT,126.99,"3 days, 7:10:00",465,428,275.06900407999996,72.58%,-5.87533,0.005,0.015,3,0.01,10
,78,965,2.06%,-7.881288193058106,3.06346088,USDT,306.35,"2 days, 3:33:00",493,472,195.9355460399999,32.62%,-41.43917,0.005,0.01,3,0.02,5
,79,1227,1.55%,-7.160887508942909,1.84017908,USDT,184.02,"1 day, 9:18:00",632,595,110.73600645999991,28.13%,-29.17662,0.005,0.01,12,0.02,3
,80,1190,1.98%,-6.436060312208264,4.78909645,USDT,478.91,"1 day, 16:46:00",615,575,254.04992675000017,30.69%,-69.42662,0.001,0.01,6,0.02,5
