pair,side,date,close_date,entry_price,exit_price,stop_price,target_price,net_return,r_multiple,won,exit_reason,hold_minutes,max_hold_minutes,fees_return,funding_return,funding_actual_return,funding_imputed_return,initial_risk_return,rank,category,probability
SOL-USDT-SWAP,long,2026-08-27 07:45:00+00:00,2026-08-27 07:55:00+00:00,101.44069499999999,101.90900900681592,101.1810479993417,101.95998900131657,0.003614320217468172,0.890315672323073,True,fixed_2r,10.0,60,0.001002308314265867,0.0,0.0,0.0,0.004059594062898431,1,1,0.24
AVAX-USDT-SWAP,long,2026-08-27 14:15:00+00:00,2026-08-27 14:40:00+00:00,7.484740499999999,7.53440738652376,7.458022512619428,7.538176474761141,0.005632434762501038,1.1110081316810474,True,fixed_2r,25.0,60,0.0010033178763194104,0.0,0.0,0.0,0.005069661149985192,1,1,0.38
LINK-USDT-SWAP,long,2026-08-27 14:35:00+00:00,2026-08-27 15:35:00+00:00,11.829911999999998,11.843075500000001,11.781688605876372,11.926358788247251,0.00011217380568872963,0.020115828540638602,True,max_hold_60m,60.0,60,0.001000556365085387,0.0,0.0,0.0,0.00557639499969453,1,1,0.46
DOGE-USDT-SWAP,long,2026-08-27 14:55:00+00:00,2026-08-27 15:05:00+00:00,0.08883439499999998,0.08928626863067925,0.08858612545113592,0.0893309340977281,0.004084153428004149,0.9509651223173383,True,fixed_2r,10.0,60,0.0010025433483881964,0.0,0.0,0.0,0.004294745761076673,1,1,0.32
DOGE-USDT-SWAP,long,2026-08-27 23:30:00+00:00,2026-08-27 23:45:00+00:00,0.08929462499999999,0.0889765621668546,0.0890210727032062,0.08984172959358758,-0.0045601672746687855,-0.9992740815940974,False,initial_stop,15.0,60,0.0009982190258756034,0.0,0.0,0.0,0.004563479988787615,1,1,0.3
ETH-USDT-SWAP,long,2026-08-28 00:40:00+00:00,2026-08-28 00:50:00+00:00,2519.008875,2510.360756003589,2511.616564285732,2533.7934964285364,-0.0044314269483917085,-0.9992820391014926,False,initial_stop,10.0,60,0.0009982834282399242,0.0,0.0,0.0,0.0044346108255645614,1,1,0.26
DOGE-USDT-SWAP,long,2026-08-28 01:10:00+00:00,2026-08-28 01:20:00+00:00,0.089314635,0.0898766339922925,0.08901115510515634,0.08992159478968734,0.005289204370553,1.079897960575352,True,fixed_2r,10.0,60,0.0010031461752729128,0.0,0.0,0.0,0.004897874210017953,1,1,0.3
LINK-USDT-SWAP,long,2026-08-28 01:10:00+00:00,2026-08-28 01:35:00+00:00,11.9949945,11.948536458307325,11.954513715164907,12.075956069670188,-0.004871182489648418,-0.9992565935106937,False,initial_stop,25.0,60,0.0009980634404754135,0.0,0.0,0.0,0.004874806452399244,1,1,0.33
ADA-USDT-SWAP,short,2026-08-28 12:20:00+00:00,2026-08-28 13:20:00+00:00,0.20869560000000004,0.20760374999999998,0.20945729349770498,0.20717221300459016,0.004234398449224902,0.8222480561402224,True,max_hold_60m,60.0,60,0.000997384108721027,0.0,0.0,0.0,0.005149782255615071,1,1,0.19
AVAX-USDT-SWAP,short,2026-08-28 13:30:00+00:00,2026-08-28 13:50:00+00:00,7.367314500000001,7.393799563052203,7.390104510796805,7.321734478406393,-0.004596738755177056,-1.0007280384631212,False,initial_stop,20.0,60,0.0010017974706422674,0.0,0.0,0.0,0.004593394587241251,1,1,0.09
LINK-USDT-SWAP,short,2026-08-28 14:10:00+00:00,2026-08-28 14:30:00+00:00,11.637178500000001,11.69745036526166,11.69160456298017,11.528326374039661,-0.006181840357118409,-1.0007978228091619,False,initial_stop,20.0,60,0.0010025896253658764,0.0,0.0,0.0,0.006176912275614732,1,1,0.2
DOGE-USDT-SWAP,short,2026-08-28 14:25:00+00:00,2026-08-28 14:30:00+00:00,0.08639678,0.08676674426970656,0.08672338257841736,0.0857435748431653,-0.005284294528585469,-1.0007634483626011,False,initial_stop,5.0,60,0.0010021410767259297,0.0,0.0,0.0,0.00528026332019956,1,1,0.13
AVAX-USDT-SWAP,short,2026-08-28 16:05:00+00:00,2026-08-28 17:05:00+00:00,7.279358500000001,7.2906435,7.344992383669986,7.14809073266003,-0.002551049106868291,-0.24257730019368193,False,max_hold_60m,60.0,60,0.0010007751369849416,0.0,0.0,0.0,0.010516437872923175,1,1,0.36
DOGE-USDT-SWAP,short,2026-08-28 16:05:00+00:00,2026-08-28 16:25:00+00:00,0.085347305,0.08390426432954837,0.08608979091851655,0.08386233316296689,0.01591631845653307,1.5604872554286666,True,fixed_2r,20.0,60,0.0009915460677378646,0.0,0.0,0.0,0.010199582470899995,1,1,0.19
XRP-USDT-SWAP,short,2026-08-28 16:05:00+00:00,2026-08-28 16:05:00+00:00,1.3994999,1.4082150846656583,1.4075113290011578,1.383477041997684,-0.007230470082914032,-1.0008271755988274,False,initial_stop,0.0,60,0.001003113678202356,0.0,0.0,0.0,0.007224494157632967,1,1,0.19
ADA-USDT-SWAP,short,2026-08-29 06:20:00+00:00,2026-08-29 06:45:00+00:00,0.19970010000000002,0.20032270154043985,0.20022259024531722,0.19865511950936562,-0.004119241508692545,-1.0006964936225957,False,initial_stop,25.0,60,0.0010015588413336794,0.0,0.0,0.0,0.004116374480118926,1,1,0.19
ADA-USDT-SWAP,short,2026-08-29 17:35:00+00:00,2026-08-29 17:45:00+00:00,0.19970010000000002,0.2003283554630224,0.20022824134235126,0.19864381731529754,-0.004147567731583026,-1.0006985675315094,False,initial_stop,10.0,60,0.001001572997367108,0.0,0.0,0.0,0.0041446723980170285,1,1,0.13
LINK-USDT-SWAP,short,2026-08-30 04:45:00+00:00,2026-08-30 05:00:00+00:00,11.345324500000002,11.386535296230203,11.380844873793308,11.27428375241339,-0.004634219684797591,-1.0007302394786213,False,initial_stop,15.0,60,0.001001816201741528,0.0,0.0,0.0,0.004630838064024138,1,1,0.17
SOL-USDT-SWAP,long,2026-08-30 12:30:00+00:00,2026-08-30 12:55:00+00:00,105.442695,106.05703524945172,105.1089973527005,106.110090294599,0.004823381878915262,1.0340109727478595,True,fixed_2r,25.0,60,0.0010029131475132143,0.0,0.0,0.0,0.004664729878153265,1,1,0.23
AVAX-USDT-SWAP,short,2026-08-31 13:05:00+00:00,2026-08-31 14:05:00+00:00,7.166415000000001,7.156576499999999,7.1964473210434585,7.106350357913085,0.0003735485943811008,0.06564189975764591,True,max_hold_60m,60.0,60,0.0009993135689183505,0.0,0.0,0.0,0.005690703586585185,1,1,0.3
LINK-USDT-SWAP,short,2026-08-31 13:55:00+00:00,2026-08-31 14:35:00+00:00,11.1714115,11.225628924212215,11.220018914754839,11.074196670490322,-0.005855656147329387,-1.0007865491866204,False,initial_stop,40.0,60,0.0010024266147662816,0.0,0.0,0.0,0.005851054005560442,1,1,0.16
ADA-USDT-SWAP,short,2026-08-31 15:25:00+00:00,2026-08-31 15:25:00+00:00,0.19550220000000001,0.19605181212732045,0.1959538352097156,0.19459892958056885,-0.0038126892351293077,-1.0006720786560448,False,initial_stop,0.0,60,0.0010014056417966663,0.0,0.0,0.0,0.0038101285290681334,1,1,0.19
DOGE-USDT-SWAP,short,2026-09-01 13:10:00+00:00,2026-09-01 13:10:00+00:00,0.08223886000000001,0.08258765700702618,0.08254638381511863,0.08162381236976278,-0.005243388168679409,-1.0007616013920477,False,initial_stop,0.0,60,0.001002120633767456,0.0,0.0,0.0,0.005239397835994024,1,1,0.26
DOGE-USDT-SWAP,short,2026-09-01 16:30:00+00:00,2026-09-01 17:20:00+00:00,0.08217889,0.08246039346391339,0.0824191838719774,0.08169830225604521,-0.004427208808069068,-1.000717617681201,False,initial_stop,50.0,60,0.0010017127480300193,0.0,0.0,0.0,0.004424034043017564,1,1,0.13
DOGE-USDT-SWAP,short,2026-09-01 18:05:00+00:00,2026-09-01 18:25:00+00:00,0.081869045,0.08125561107348135,0.08219606571415225,0.0812150035716955,0.006496614177946125,1.1823985946874476,True,fixed_2r,20.0,60,0.0009962535661279632,0.0,0.0,0.0,0.005494436653710185,1,1,0.12
LINK-USDT-SWAP,short,2026-09-01 18:05:00+00:00,2026-09-01 18:15:00+00:00,11.292351,11.220410949649285,11.331124726062326,11.214803547875348,0.0053738738174088484,1.0892338145545866,True,fixed_2r,10.0,60,0.000996814655763414,0.0,0.0,0.0,0.004933627422874631,1,1,0.14
XRP-USDT-SWAP,short,2026-09-01 18:05:00+00:00,2026-09-01 18:25:00+00:00,1.3603195000000001,1.3506041888041804,1.365514637903958,1.3499292241920844,0.006145504310875207,1.1553747487655266,True,fixed_2r,20.0,60,0.0009964290333278984,0.0,0.0,0.0,0.005319057143529787,1,1,0.27
LINK-USDT-SWAP,short,2026-09-02 00:25:00+00:00,2026-09-02 01:05:00+00:00,11.188403000000001,11.123956879009315,11.223405659915386,11.118397680169231,0.004762962243242532,1.0290560771057773,True,fixed_2r,40.0,60,0.000997119958898929,0.0,0.0,0.0,0.004628476862639376,1,1,0.32
DOGE-USDT-SWAP,short,2026-09-02 00:35:00+00:00,2026-09-02 01:35:00+00:00,0.08135930000000001,0.08108052,0.08156834973577928,0.08094120052844146,0.0024282422538051116,0.5966984028312985,True,max_hold_60m,60.0,60,0.0009982867355053447,0.0,0.0,0.0,0.004069463303878888,1,1,0.2
SOL-USDT-SWAP,short,2026-09-02 00:35:00+00:00,2026-09-02 01:35:00+00:00,99.67014,99.539745,99.951643827715,99.10713234457,0.00030891957711715,0.07143715051369007,True,max_hold_60m,60.0,60,0.0009993458672778025,0.0,0.0,0.0,0.004324354693542113,1,1,0.15
AVAX-USDT-SWAP,short,2026-09-02 02:10:00+00:00,2026-09-02 02:25:00+00:00,7.1374295000000005,7.173290283862809,7.169705431147237,7.0728776377055285,-0.006026839740377161,-1.000792617787517,False,initial_stop,15.0,60,0.0010025121637882945,0.0,0.0,0.0,0.006022066543317316,1,1,0.17
SOL-USDT-SWAP,long,2026-09-03 05:20:00+00:00,2026-09-03 05:20:00+00:00,100.43019,100.12178089123265,100.17186682464497,100.94683635071006,-0.004069345026759048,-0.9993071198159913,False,initial_stop,0.0,60,0.0009984645597665039,0.0,0.0,0.0,0.004072166550267712,1,1,0.12
DOGE-USDT-SWAP,long,2026-09-03 05:55:00+00:00,2026-09-03 06:00:00+00:00,0.08292143999999999,0.08265096568607318,0.08269231184199417,0.08337969631601161,-0.004260183093417631,-0.9992933693212221,False,initial_stop,5.0,60,0.000998369092999791,0.0,0.0,0.0,0.004263195598216962,1,1,0.3
ADA-USDT-SWAP,long,2026-09-03 11:25:00+00:00,2026-09-03 11:45:00+00:00,0.20710349999999997,0.20637973506279733,0.20648297655107287,0.20834454689785417,-0.004492954270372231,-0.9992781791574048,False,initial_stop,20.0,60,0.0009982526491894084,0.0,0.0,0.0,0.004496199721043351,1,1,0.2
LINK-USDT-SWAP,long,2026-09-03 11:35:00+00:00,2026-09-03 12:35:00+00:00,11.284639499999999,11.336329000000001,11.242935205187335,11.368048089625328,0.003578228241141593,0.6886943899723761,True,max_hold_60m,60.0,60,0.001002290259250196,0.0,0.0,0.0,0.005195669215898677,1,1,0.47
SOL-USDT-SWAP,long,2026-09-03 12:40:00+00:00,2026-09-03 12:40:00+00:00,101.23059,100.85351388783249,100.90396587076788,101.88383825846427,-0.004723060135394166,-0.9992646349609536,False,initial_stop,0.0,60,0.0009981375387016537,0.0,0.0,0.0,0.00472653586462481,1,1,0.4
XRP-USDT-SWAP,long,2026-09-03 12:40:00+00:00,2026-09-03 12:55:00+00:00,1.37758845,1.3871846733426694,1.372443368675503,1.3878786126489937,0.005962475063578003,1.1389971275695387,True,fixed_2r,15.0,60,0.0010034829790212996,0.0,0.0,0.0,0.005234846444521853,1,1,0.34
ADA-USDT-SWAP,long,2026-09-03 12:45:00+00:00,2026-09-03 12:55:00+00:00,0.2079039,0.20903925373334625,0.20728393717691534,0.20914382564616932,0.0044582239990667676,0.9947022776558677,True,fixed_2r,10.0,60,0.0010027304772381525,0.0,0.0,0.0,0.004481968222263544,1,1,0.41
XRP-USDT-SWAP,long,2026-09-04 04:35:00+00:00,2026-09-04 04:35:00+00:00,1.45622775,1.4512590700243955,1.4519850625556732,1.4647131248886538,-0.00441031520352278,-0.9992833883804749,False,initial_stop,0.0,60,0.0009982939893929351,0.0,0.0,0.0,0.004413477953106494,1,1,0.31
LINK-USDT-SWAP,long,2026-09-04 08:35:00+00:00,2026-09-04 08:55:00+00:00,11.9829885,12.063212623409937,11.939859126483272,12.069247247033454,0.005691486964894668,1.1161492418829546,True,fixed_2r,20.0,60,0.001003347417191043,0.0,0.0,0.0,0.005099216799442585,1,1,0.34
XRP-USDT-SWAP,long,2026-09-04 11:35:00+00:00,2026-09-04 12:00:00+00:00,1.4532262499999997,1.4482793091367097,1.4490038110422307,1.4616711279155377,-0.004402407156393175,-0.9992838971265764,False,initial_stop,25.0,60,0.0009982979453945007,0.0,0.0,0.0,0.004405561991994688,1,1,0.22
ADA-USDT-SWAP,short,2026-09-04 21:35:00+00:00,2026-09-04 21:40:00+00:00,0.21239375000000002,0.2129492305793,0.21284280917471265,0.21149563165057475,-0.003616641589451743,-1.00065429558787,False,initial_stop,5.0,60,0.0010013076669612452,0.0,0.0,0.0,0.0036142767840985665,1,1,0.1
AVAX-USDT-SWAP,long,2026-09-06 01:25:00+00:00,2026-09-06 02:25:00+00:00,7.665831,7.672162,7.631057373998417,7.735378252003165,-0.0001745403075021733,-0.02891566668542732,False,max_hold_60m,60.0,60,0.0010004129363144062,0.0,0.0,0.0,0.006036184792174848,1,1,0.37
ADA-USDT-SWAP,long,2026-09-06 01:35:00+00:00,2026-09-06 02:00:00+00:00,0.222111,0.2208805299325734,0.22099102544529603,0.22435094910940795,-0.006537118073363724,-0.9991912537965405,False,initial_stop,25.0,60,0.0009972300559913138,0.0,0.0,0.0,0.006542409221983481,1,1,0.4
SOL-USDT-SWAP,long,2026-09-06 09:25:00+00:00,2026-09-06 10:25:00+00:00,106.29311999999999,106.656645,105.773298669791,107.33276266041796,0.002418313786442715,0.3784261331603956,True,max_hold_60m,60.0,60,0.001001710011899171,0.0,0.0,0.0,0.006390451331271339,1,1,0.39
LINK-USDT-SWAP,long,2026-09-06 12:30:00+00:00,2026-09-06 12:45:00+00:00,12.336165,12.285696728156141,12.29184264948088,12.424809701038237,-0.005089037209532794,-0.9992456171004471,False,initial_stop,15.0,60,0.000997954458624546,0.0,0.0,0.0,0.005092879190503599,1,1,0.27
XRP-USDT-SWAP,long,2026-09-06 12:40:00+00:00,2026-09-06 12:40:00+00:00,1.42521225,1.4206534744161674,1.4213641564944146,1.4329084370111707,-0.004197064995786162,-0.9992977787464021,False,initial_stop,0.0,60,0.000998400667836025,0.0,0.0,0.0,0.004200014335117698,1,1,0.3
SOL-USDT-SWAP,long,2026-09-06 14:05:00+00:00,2026-09-06 14:05:00+00:00,106.863405,106.5401743700062,106.59347110555898,107.40327278888205,-0.004023195963845667,-0.9993106409356846,False,initial_stop,0.0,60,0.0009984876458409976,0.0,0.0,0.0,0.004025971303656516,1,1,0.44
LINK-USDT-SWAP,long,2026-09-06 14:15:00+00:00,2026-09-06 14:15:00+00:00,12.3131535,12.271264150925257,12.277402852351432,12.384654795297136,-0.0044002990704376625,-0.9992840330542475,False,initial_stop,0.0,60,0.0009982989999647637,0.0,0.0,0.0,0.0044034517963710785,1,1,0.34
XRP-USDT-SWAP,long,2026-09-06 23:20:00+00:00,2026-09-07 00:20:00+00:00,1.4233113,1.41819055,1.4152337267055721,1.4394664465888556,-0.004674454093345525,-0.6514738912309374,False,max_hold_60m,60.0,60,0.0009982011138392566,7.848065801911613e-05,7.848065801911613e-05,0.0,0.007175197895518584,1,1,0.19
AVAX-USDT-SWAP,long,2026-09-07 03:05:00+00:00,2026-09-07 03:10:00+00:00,7.875935999999999,7.822312706751464,7.826225819661294,7.975356360677409,-0.007805093591658362,-0.999160219329569,False,initial_stop,5.0,60,0.0009965957510797107,0.0,0.0,0.0,0.007811653667412356,1,1,0.44
LINK-USDT-SWAP,long,2026-09-07 05:15:00+00:00,2026-09-07 05:20:00+00:00,13.162578,13.24003947591665,13.120535596339845,13.246662807320309,0.004882035052608336,1.0400395831000067,True,fixed_2r,5.0,60,0.0010029424887706894,0.0,0.0,0.0,0.004694085813596285,1,1,0.29
XRP-USDT-SWAP,short,2026-09-07 06:45:00+00:00,2026-09-07 06:50:00+00:00,1.4046973,1.4090426000341814,1.408338430818772,1.397415038362456,-0.004094953399709967,-1.000694692523734,False,initial_stop,5.0,60,0.0010015467033481808,0.0,0.0,0.0,0.004092110641041343,1,1,0.13
SOL-USDT-SWAP,short,2026-09-07 07:35:00+00:00,2026-09-07 08:35:00+00:00,104.537705,104.69232,105.0512012813987,103.5107124372026,-0.0024919257217820654,-0.3886306022715999,False,max_hold_60m,60.0,60,0.0010007395178610436,1.2150481834023427e-05,1.2150481834023427e-05,0.0,0.006412067673560479,1,1,0.22
ETH-USDT-SWAP,short,2026-09-07 15:40:00+00:00,2026-09-07 16:35:00+00:00,2467.7655,2478.7679035853694,2477.5291390158613,2448.2382219682772,-0.005419564009317924,-0.9932363731403027,False,initial_stop,55.0,60,0.0010022292238839891,-4.111298254458365e-05,-4.111298254458365e-05,0.0,0.005456469533211876,1,1,0.09
DOGE-USDT-SWAP,long,2026-09-07 20:50:00+00:00,2026-09-07 21:10:00+00:00,0.09065530499999999,0.09037642414879389,0.09042163496627702,0.09112264506744594,-0.0040747390986164336,-0.9993067134621895,False,initial_stop,20.0,60,0.0009984618613813826,0.0,0.0,0.0,0.004077566020245303,1,1,0.36
DOGE-USDT-SWAP,long,2026-09-08 00:15:00+00:00,2026-09-08 00:20:00+00:00,0.091035495,0.0904754039555352,0.09052066428767903,0.09206515642464191,-0.007149370626727073,-0.9991748938941112,False,initial_stop,5.0,60,0.000996923776574924,0.0,0.0,0.0,0.007155274487395934,1,1,0.39
LINK-USDT-SWAP,short,2026-09-08 06:50:00+00:00,2026-09-08 06:55:00+00:00,12.578707500000002,12.62392022987265,12.617611424160572,12.500899651678862,-0.004596183172045706,-1.0007280055673433,False,initial_stop,5.0,60,0.001001797192989528,0.0,0.0,0.0,0.0045928395592766385,1,1,0.28
SOL-USDT-SWAP,short,2026-09-08 11:55:00+00:00,2026-09-08 12:30:00+00:00,102.59867500000001,102.9167246723023,102.86529202628915,102.06544094742173,-0.0041014893431950365,-1.000695179297589,False,initial_stop,35.0,60,0.001001549969686754,0.0,0.0,0.0,0.004098640053481586,1,1,0.26
BTC-USDT-SWAP,short,2026-09-08 12:15:00+00:00,2026-09-08 12:25:00+00:00,78151.00495000002,78409.20455947347,78370.01954969863,77712.9757506028,-0.004305507196528843,-1.0007096309746812,False,initial_stop,10.0,60,0.0010016519276344472,0.0,0.0,0.0,0.004302454041873587,1,1,0.14
SOL-USDT-SWAP,short,2026-09-08 13:35:00+00:00,2026-09-08 14:10:00+00:00,102.37878500000001,102.99978468846125,102.94831053319466,101.23973393361071,-0.0070687396153946355,-1.0008232164130546,False,initial_stop,35.0,60,0.001003032853381007,0.0,0.0,0.0,0.007062925299364021,1,1,0.22
DOGE-USDT-SWAP,short,2026-09-08 14:00:00+00:00,2026-09-08 14:10:00+00:00,0.08900547500000001,0.08957520266183316,0.08953043744311161,0.08795555011377683,-0.0074042411510535314,-1.000831236817934,False,initial_stop,10.0,60,0.001003200520315369,0.0,0.0,0.0,0.007398091584945678,1,1,0.19
XRP-USDT-SWAP,long,2026-09-08 14:05:00+00:00,2026-09-08 15:05:00+00:00,1.4049020999999997,1.41279325,1.3978181500935265,1.4190699998129461,0.004614059815983116,0.7052647796696212,True,max_hold_60m,60.0,60,0.001002808434125054,0.0,0.0,0.0,0.006542308575432558,1,1,0.35
XRP-USDT-SWAP,long,2026-09-09 04:50:00+00:00,2026-09-09 05:30:00+00:00,1.43401665,1.428404372410312,1.42911893187625,1.4438120862475,-0.004911719888951938,-0.9992544773184241,False,initial_stop,40.0,60,0.0009980431616363422,0.0,0.0,0.0,0.004915384419525359,1,1,0.37
DOGE-USDT-SWAP,long,2026-09-09 12:50:00+00:00,2026-09-09 13:15:00+00:00,0.09131563499999999,0.09102333371419966,0.0910688681482738,0.09180916870345239,-0.004199398823185497,-0.9992976133447695,False,initial_stop,25.0,60,0.0009983995003385764,0.0,0.0,0.0,0.004202350498095961,1,1,0.28
ADA-USDT-SWAP,short,2026-09-09 15:10:00+00:00,2026-09-09 16:10:00+00:00,0.21619185,0.21560775,0.21775396660180987,0.21306761679638023,0.0017777330079483996,0.20373754032758126,True,max_hold_60m,60.0,60,0.000998649116513874,-7.461515221052523e-05,-7.461515221052523e-05,0.0,0.008725603563732316,1,1,0.14
ADA-USDT-SWAP,short,2026-09-09 19:00:00+00:00,2026-09-09 19:15:00+00:00,0.21639175000000002,0.21739387502245966,0.21728523240625655,0.21460478518748696,-0.005633384059100533,-1.000778119229615,False,initial_stop,15.0,60,0.001002315534262419,0.0,0.0,0.0,0.005629004022826791,1,1,0.17
ETH-USDT-SWAP,short,2026-09-10 01:45:00+00:00,2026-09-10 02:30:00+00:00,2460.34921,2467.8092320857404,2466.575944113684,2447.895741772632,-0.004033614930127508,-1.0006900474051061,False,initial_stop,45.0,60,0.0010015160494403436,0.0,0.0,0.0,0.00403083346395529,1,1,0.16
ETH-USDT-SWAP,short,2026-09-10 12:05:00+00:00,2026-09-10 12:30:00+00:00,2457.1308200000003,2465.388500573695,2464.156422362514,2443.0796152749726,-0.004362380768143927,-1.0007134187700848,False,initial_stop,25.0,60,0.0010016803502089675,0.0,0.0,0.0,0.004359270782543778,1,1,0.19
SOL-USDT-SWAP,short,2026-09-10 12:05:00+00:00,2026-09-10 12:30:00+00:00,100.96949000000001,101.29441858950217,101.2437966911566,100.42087661768682,-0.004219695908109622,-1.0007037227277382,False,initial_stop,25.0,60,0.0010016090434323388,0.0,0.0,0.0,0.00421672850042717,1,1,0.32
ADA-USDT-SWAP,short,2026-09-10 15:40:00+00:00,2026-09-10 16:05:00+00:00,0.20979505,0.20809834275219305,0.21069540221029834,0.20799434557940336,0.007172052322669663,1.2383585311776486,True,fixed_2r,25.0,60,0.0009959562743548837,-8.05573067917165e-05,-8.05573067917165e-05,0.0,0.0057915798551888015,1,1,0.13
