pair,side,open_date,close_date,entry_price,exit_price,net_pnl,initial_risk,r_multiple,exit_reason,partial_taken,fees,funding,imputed_funding,category
AVAX-USDT-SWAP,long,2026-08-27 14:15:00+00:00,2026-08-27 15:10:00+00:00,7.488480999999999,7.54184857678638,0.5432879833458399,0.75,0.7243839777944533,fixed_2r,False,0.21299905546561915,0.0,0.0,1
LINK-USDT-SWAP,long,2026-08-27 14:35:00+00:00,2026-08-27 15:35:00+00:00,11.835823999999999,11.837151,-0.1872240903792125,0.7510660899326501,-0.2492777837913057,max_hold_60m,False,0.19834226123251109,0.0,0.0,1
DOGE-USDT-SWAP,long,2026-08-27 23:30:00+00:00,2026-08-27 23:45:00+00:00,0.08933924999999998,0.08893205163050298,-0.7517391017430626,0.7526704791972496,-0.9987625694378497,initial_stop,False,0.22889914672470804,0.0,0.0,1
ETH-USDT-SWAP,long,2026-08-28 00:40:00+00:00,2026-08-28 00:50:00+00:00,2520.2677499999995,2509.104947721446,-0.7461194269413596,0.7470324359341766,-0.998777818808262,initial_stop,False,0.23174852548201158,0.0,0.0,1
DOGE-USDT-SWAP,long,2026-08-28 01:10:00+00:00,2026-08-28 01:30:00+00:00,0.08935926999999999,0.08996544428989761,0.5136086001187533,0.7414365402321164,0.6927209170969122,fixed_2r,False,0.2157732389495745,0.0,0.0,1
LINK-USDT-SWAP,long,2026-08-28 01:10:00+00:00,2026-08-28 01:35:00+00:00,12.000988999999999,11.942559201449741,-0.7388835251856141,0.739824516912643,-0.9987280879377237,initial_stop,False,0.21477205914511696,0.0,0.0,1
AVAX-USDT-SWAP,short,2026-08-28 16:05:00+00:00,2026-08-28 17:05:00+00:00,7.275717,7.294286999999999,-0.2690947942168568,0.7397469782941148,-0.363765993120242,max_hold_60m,False,0.11830753635753757,0.0,0.0,1
AVAX-USDT-SWAP,short,2026-08-31 13:05:00+00:00,2026-08-31 14:05:00+00:00,7.16283,7.160152999999998,-0.15591053865892274,0.7377287673374884,-0.21133856447216248,max_hold_60m,False,0.19174886265357022,0.0,0.0,1
DOGE-USDT-SWAP,short,2026-09-01 13:10:00+00:00,2026-09-01 13:10:00+00:00,0.08219772,0.08262893019893373,-0.7375244392798711,0.7365594382975464,-1.0013101467880925,initial_stop,False,0.20395330077870816,0.0,0.0,1
XRP-USDT-SWAP,short,2026-09-01 18:05:00+00:00,2026-09-01 18:25:00+00:00,1.359639,1.349235611916276,0.5650583965866136,0.7310280050029474,0.7729640899110771,fixed_2r,False,0.1989303612726001,0.0,0.0,1
LINK-USDT-SWAP,short,2026-09-02 00:25:00+00:00,2026-09-02 01:25:00+00:00,11.182806000000001,11.196185,-0.3545827985128976,0.735265942977347,-0.48225108465797933,max_hold_60m,False,0.22191418015277303,0.0,0.0,1
DOGE-USDT-SWAP,long,2026-09-03 05:55:00+00:00,2026-09-03 06:00:00+00:00,0.08296287999999999,0.08260961953015218,-0.7317267664795221,0.7326065719885003,-0.9987990750525344,initial_stop,False,0.23351220305907783,0.0,0.0,1
LINK-USDT-SWAP,long,2026-09-03 11:35:00+00:00,2026-09-03 12:35:00+00:00,11.290278999999998,11.330658,0.15898881760908393,0.7271186212399039,0.21865595649025127,max_hold_60m,False,0.20252636939283716,0.0,0.0,1
SOL-USDT-SWAP,long,2026-09-03 12:40:00+00:00,2026-09-03 12:40:00+00:00,101.28117999999999,100.8030619048971,-0.7273963602047602,0.7283110373719719,-0.9987441118968727,initial_stop,False,0.21610531751918766,0.0,0.0,1
XRP-USDT-SWAP,long,2026-09-03 12:40:00+00:00,2026-09-03 12:55:00+00:00,1.3782769,1.3885540186863445,0.5474951810764975,0.7266872243085393,0.7534124211382037,fixed_2r,False,0.2017002066628611,0.0,0.0,1
ADA-USDT-SWAP,long,2026-09-03 12:45:00+00:00,2026-09-03 12:55:00+00:00,0.2080078,0.20924607012052313,0.4386844607627292,0.720201019959642,0.60911391209542,fixed_2r,False,0.22294660906556119,0.0,0.0,1
XRP-USDT-SWAP,long,2026-09-04 04:35:00+00:00,2026-09-04 04:35:00+00:00,1.4569554999999998,1.4505330774931176,-0.7293612806749435,0.7302519119842303,-0.9987803779837197,initial_stop,False,0.2272915114892666,0.0,0.0,1
LINK-USDT-SWAP,long,2026-09-04 08:35:00+00:00,2026-09-04 09:00:00+00:00,11.988976999999998,12.075125534286418,0.5288565965701696,0.7247817023791683,0.7296770804700851,fixed_2r,False,0.20498632276458123,0.0,0.0,1
ADA-USDT-SWAP,long,2026-09-06 01:35:00+00:00,2026-09-06 02:00:00+00:00,0.22222199999999998,0.22077003441985074,-0.7260939381003263,0.7271219645602486,-0.9985861705325543,initial_stop,False,0.16974196591311577,0.0,0.0,1
AVAX-USDT-SWAP,long,2026-09-06 01:25:00+00:00,2026-09-06 02:25:00+00:00,7.669661999999999,7.668324,-0.1972387783501704,0.7287481268534445,-0.2706542508751261,max_hold_60m,False,0.18141329819971347,0.0,0.0,1
SOL-USDT-SWAP,long,2026-09-06 09:25:00+00:00,2026-09-06 10:25:00+00:00,106.34623999999998,106.60328999999999,0.035687725692620145,0.7218231314800657,0.04944109455102121,max_hold_60m,False,0.17232660815204998,0.0,0.0,1
XRP-USDT-SWAP,long,2026-09-06 12:40:00+00:00,2026-09-06 12:40:00+00:00,1.4259245,1.4199427923379202,-0.7212497371380903,0.722111066741389,-0.9988072062000302,initial_stop,False,0.23251924193534035,0.0,0.0,1
LINK-USDT-SWAP,long,2026-09-06 12:30:00+00:00,2026-09-06 12:45:00+00:00,12.342329999999999,12.2795508068314,-0.7211562142724255,0.7220907894227604,-0.9987057373338303,initial_stop,False,0.20315794238310003,0.0,0.0,1
SOL-USDT-SWAP,long,2026-09-06 14:05:00+00:00,2026-09-06 14:05:00+00:00,106.91680999999998,106.48687763445342,-0.7104409015997033,0.7112727447871815,-0.9988304863449715,initial_stop,False,0.2356633170146049,0.0,0.0,1
AVAX-USDT-SWAP,long,2026-09-07 03:05:00+00:00,2026-09-07 03:10:00+00:00,7.879871999999999,7.818399593841633,-0.7048929210621603,0.7059444380251837,-0.9985104819779231,initial_stop,False,0.1433912574273541,0.0,0.0,1
LINK-USDT-SWAP,long,2026-09-07 05:15:00+00:00,2026-09-07 05:20:00+00:00,13.169156,13.253130410512986,0.45756626718093385,0.7006577411172176,0.6530524681727374,fixed_2r,False,0.21006951788117043,0.0,0.0,1
DOGE-USDT-SWAP,long,2026-09-07 20:50:00+00:00,2026-09-07 21:10:00+00:00,0.09070060999999999,0.09033121333131074,-0.7032610887994689,0.7040894881210745,-0.9988234459744367,initial_stop,False,0.2312973238648679,0.0,0.0,1
DOGE-USDT-SWAP,long,2026-09-08 00:15:00+00:00,2026-09-08 00:20:00+00:00,0.09108098999999999,0.09043014362339136,-0.697799654404679,0.6988150299550786,-0.9985470038466904,initial_stop,False,0.15216827475695838,0.0,0.0,1
LINK-USDT-SWAP,short,2026-09-08 06:50:00+00:00,2026-09-08 06:55:00+00:00,12.572415000000001,12.630229035584732,-0.694443225839131,0.6935815325470435,-1.0012423821160912,initial_stop,False,0.21082275879730467,0.0,0.0,1
SOL-USDT-SWAP,short,2026-09-08 11:55:00+00:00,2026-09-08 12:30:00+00:00,102.54735000000001,102.96815731831543,-0.6891861050937242,0.6883732083532501,-1.0011808953785677,initial_stop,False,0.22614285513505694,0.0,0.0,1
XRP-USDT-SWAP,long,2026-09-08 14:05:00+00:00,2026-09-08 15:05:00+00:00,1.4056041999999997,1.4120865,0.20858998228763442,0.6832043125650471,0.30531127870738495,max_hold_60m,False,0.16038327829517546,0.0,0.0,1
XRP-USDT-SWAP,long,2026-09-09 04:50:00+00:00,2026-09-09 05:30:00+00:00,1.4347332999999998,1.4276898129443738,-0.6838948508500864,0.6847687374322043,-0.9987238223149688,initial_stop,False,0.1976190369773423,0.0,0.0,1
DOGE-USDT-SWAP,long,2026-09-09 12:50:00+00:00,2026-09-09 13:15:00+00:00,0.09136127,0.09097779928012552,-0.6788286498976127,0.6796395260508287,-0.9988069025974288,initial_stop,False,0.21876076836343678,0.0,0.0,1
SOL-USDT-SWAP,short,2026-09-10 12:05:00+00:00,2026-09-10 12:30:00+00:00,100.91897999999999,101.34504048784775,-0.6753553924621198,0.6745483111765966,-1.0011964766231725,initial_stop,False,0.21740373823612416,0.0,0.0,1
