candidate,family,fast,slow,volume_multiple,stop_buffer_atr,cooldown_bars,target_r,hold_minutes,n,win_rate,pf,mean_net_return
0,breakout_retest,9,21,1.0,0.15,12,1.5,30,96,0.3958333333333333,0.5420531006277637,-0.001525389260147952
1,breakout_retest,9,21,1.0,0.15,12,1.5,60,96,0.4479166666666667,0.7475792567422866,-0.0008365678299602827
2,breakout_retest,9,21,1.0,0.15,12,2.0,30,129,0.3333333333333333,0.5217633666621586,-0.0015889669553717616
3,breakout_retest,9,21,1.0,0.15,12,2.0,60,129,0.3798449612403101,0.7467411371379685,-0.0008525228032201197
4,breakout_retest,9,21,1.0,0.15,12,3.0,30,199,0.2613065326633166,0.4230938836541684,-0.0017874998790741168
5,breakout_retest,9,21,1.0,0.15,12,3.0,60,199,0.271356783919598,0.6062885099088348,-0.0013058824044066954
6,breakout_retest,9,21,1.0,0.3,12,1.5,30,118,0.4067796610169492,0.6112514795800055,-0.001275841578032008
7,breakout_retest,9,21,1.0,0.3,12,1.5,60,118,0.4576271186440678,0.8070369640064691,-0.0006536435942668174
8,breakout_retest,9,21,1.0,0.3,12,2.0,30,159,0.33962264150943394,0.5747326627253899,-0.0013773330510942093
9,breakout_retest,9,21,1.0,0.3,12,2.0,60,159,0.389937106918239,0.77931533736185,-0.0007524984796459986
10,breakout_retest,9,21,1.0,0.3,12,3.0,30,240,0.2916666666666667,0.4704193285583628,-0.0015697931040526468
11,breakout_retest,9,21,1.0,0.3,12,3.0,60,240,0.2875,0.6201135080153094,-0.0012487086122160208
12,breakout_retest,9,21,1.5,0.15,12,1.5,30,74,0.40540540540540543,0.6025900047246399,-0.0012866557882202899
13,breakout_retest,9,21,1.5,0.15,12,1.5,60,74,0.4864864864864865,0.8785961431145497,-0.00038447238666202587
14,breakout_retest,9,21,1.5,0.15,12,2.0,30,100,0.35,0.5730213887887874,-0.0013696780946580356
15,breakout_retest,9,21,1.5,0.15,12,2.0,60,100,0.41,0.8513786049812478,-0.0004814553642240078
16,breakout_retest,9,21,1.5,0.15,12,3.0,30,161,0.2670807453416149,0.4437605462568715,-0.0016966084406287195
17,breakout_retest,9,21,1.5,0.15,12,3.0,60,161,0.2857142857142857,0.6533125641030533,-0.001115575649424084
18,breakout_retest,9,21,1.5,0.3,12,1.5,30,88,0.38636363636363635,0.6110793328292478,-0.0013040664458135029
19,breakout_retest,9,21,1.5,0.3,12,1.5,60,88,0.4659090909090909,0.8649194322037764,-0.00045758064191326535
20,breakout_retest,9,21,1.5,0.3,12,2.0,30,128,0.3125,0.5134142058082962,-0.0016014624028622291
21,breakout_retest,9,21,1.5,0.3,12,2.0,60,128,0.375,0.7559966184850705,-0.0008402519386424179
22,breakout_retest,9,21,1.5,0.3,12,3.0,30,196,0.28061224489795916,0.45257539443860345,-0.0016364602531428083
23,breakout_retest,9,21,1.5,0.3,12,3.0,60,196,0.29081632653061223,0.6375463476032728,-0.0011678860718728754
24,breakout_retest,20,60,1.0,0.15,12,1.5,30,43,0.46511627906976744,0.8073243233372175,-0.0005094189483474506
25,breakout_retest,20,60,1.0,0.15,12,1.5,60,43,0.5116279069767442,1.1036852932047967,0.00027919647069961085
26,breakout_retest,20,60,1.0,0.15,12,2.0,30,63,0.3333333333333333,0.5548420367330941,-0.0013142638901545937
27,breakout_retest,20,60,1.0,0.15,12,2.0,60,63,0.3492063492063492,0.7237432142201708,-0.0008865887963956895
28,breakout_retest,20,60,1.0,0.15,12,3.0,30,113,0.26548672566371684,0.39816179003884766,-0.0017214633370840758
29,breakout_retest,20,60,1.0,0.15,12,3.0,60,113,0.25663716814159293,0.5222290741001386,-0.0014912837700238363
30,breakout_retest,20,60,1.0,0.3,12,1.5,30,56,0.44642857142857145,0.7794494373043863,-0.0006217025230083398
31,breakout_retest,20,60,1.0,0.3,12,1.5,60,56,0.4642857142857143,0.9950131620935444,-1.4601954914944487e-05
32,breakout_retest,20,60,1.0,0.3,12,2.0,30,84,0.3333333333333333,0.5468872951811804,-0.0013965326329674174
33,breakout_retest,20,60,1.0,0.3,12,2.0,60,84,0.3333333333333333,0.6957472971599108,-0.0010097568260495678
34,breakout_retest,20,60,1.0,0.3,12,3.0,30,140,0.2857142857142857,0.4547188385265316,-0.001533950157178547
35,breakout_retest,20,60,1.0,0.3,12,3.0,60,140,0.2785714285714286,0.5329348718541004,-0.0014530008130522432
36,breakout_retest,20,60,1.5,0.15,12,1.5,30,34,0.4411764705882353,0.7935154905775419,-0.0005546102549239864
37,breakout_retest,20,60,1.5,0.15,12,1.5,60,34,0.5294117647058824,1.175997205703899,0.00045089721469533753
38,breakout_retest,20,60,1.5,0.15,12,2.0,30,50,0.34,0.5850078025758516,-0.0011948628912018997
39,breakout_retest,20,60,1.5,0.15,12,2.0,60,50,0.36,0.7508845009273577,-0.0007771855861035393
40,breakout_retest,20,60,1.5,0.15,12,3.0,30,93,0.25806451612903225,0.37123083974606175,-0.0017964296082026883
41,breakout_retest,20,60,1.5,0.15,12,3.0,60,93,0.24731182795698925,0.4475573583023323,-0.0017189797945866268
42,breakout_retest,20,60,1.5,0.3,12,1.5,30,42,0.42857142857142855,0.7570535053458666,-0.0007048045936540263
43,breakout_retest,20,60,1.5,0.3,12,1.5,60,42,0.47619047619047616,1.0392738017698333,0.00011105172168970523
44,breakout_retest,20,60,1.5,0.3,12,2.0,30,66,0.2878787878787879,0.43741086433816284,-0.0017990642453215042
45,breakout_retest,20,60,1.5,0.3,12,2.0,60,66,0.30303030303030304,0.6119096268693051,-0.0013241199777696254
46,breakout_retest,20,60,1.5,0.3,12,3.0,30,114,0.2631578947368421,0.3573026393530484,-0.0018401348222458422
47,breakout_retest,20,60,1.5,0.3,12,3.0,60,114,0.2631578947368421,0.4411875982514902,-0.0017594511337330452
48,trend_pullback,9,21,1.0,0.15,12,1.5,30,211,0.2938388625592417,0.44337139474141174,-0.0018501726162304696
49,trend_pullback,9,21,1.0,0.15,12,1.5,60,211,0.3412322274881517,0.47499696246225315,-0.001965243523303935
50,trend_pullback,9,21,1.0,0.15,12,2.0,30,276,0.2463768115942029,0.3736768262296818,-0.0020417672861901804
51,trend_pullback,9,21,1.0,0.15,12,2.0,60,276,0.286231884057971,0.4225689754416779,-0.0021470117282156604
52,trend_pullback,9,21,1.0,0.15,12,3.0,30,378,0.21957671957671956,0.34574640602572676,-0.0019974556058225033
53,trend_pullback,9,21,1.0,0.15,12,3.0,60,378,0.24603174603174602,0.41342481636631334,-0.002028693736009884
54,trend_pullback,9,21,1.0,0.3,12,1.5,30,231,0.30303030303030304,0.45936249488924036,-0.001791074073362576
55,trend_pullback,9,21,1.0,0.3,12,1.5,60,231,0.354978354978355,0.5044095465005506,-0.0018499631803113653
56,trend_pullback,9,21,1.0,0.3,12,2.0,30,306,0.24836601307189543,0.37637966354385743,-0.0020184781517516045
57,trend_pullback,9,21,1.0,0.3,12,2.0,60,306,0.2908496732026144,0.43866222507858027,-0.002088415827836488
58,trend_pullback,9,21,1.0,0.3,12,3.0,30,406,0.21428571428571427,0.3170155877906338,-0.0020868446163691875
59,trend_pullback,9,21,1.0,0.3,12,3.0,60,406,0.24630541871921183,0.3999140661970919,-0.0020929432005533264
60,trend_pullback,9,21,1.5,0.15,12,1.5,30,102,0.28431372549019607,0.35991779262479034,-0.0020966480211928717
61,trend_pullback,9,21,1.5,0.15,12,1.5,60,102,0.29411764705882354,0.37886695234442735,-0.0023933447902287673
62,trend_pullback,9,21,1.5,0.15,12,2.0,30,130,0.2153846153846154,0.2756492057075267,-0.0024202547266268643
63,trend_pullback,9,21,1.5,0.15,12,2.0,60,130,0.23076923076923078,0.29890506617399437,-0.0027276581619231754
64,trend_pullback,9,21,1.5,0.15,12,3.0,30,174,0.1839080459770115,0.23335970229984176,-0.0024148688158267895
65,trend_pullback,9,21,1.5,0.15,12,3.0,60,174,0.1896551724137931,0.28516100325427385,-0.0026132345271830636
66,trend_pullback,9,21,1.5,0.3,12,1.5,30,113,0.2743362831858407,0.3221351001814526,-0.0022574094057167325
67,trend_pullback,9,21,1.5,0.3,12,1.5,60,113,0.2920353982300885,0.3552346034985241,-0.002514183866056247
68,trend_pullback,9,21,1.5,0.3,12,2.0,30,141,0.19858156028368795,0.2554202714031251,-0.0024954235237354717
69,trend_pullback,9,21,1.5,0.3,12,2.0,60,141,0.2198581560283688,0.286652353243759,-0.0028078973504619934
70,trend_pullback,9,21,1.5,0.3,12,3.0,30,189,0.1693121693121693,0.1814001758721526,-0.0025878641189895643
71,trend_pullback,9,21,1.5,0.3,12,3.0,60,189,0.17989417989417988,0.24314160036238489,-0.002790271813462792
72,trend_pullback,20,60,1.0,0.15,12,1.5,30,231,0.30735930735930733,0.47148248723156144,-0.0014498743733286404
73,trend_pullback,20,60,1.0,0.15,12,1.5,60,231,0.329004329004329,0.4416124881471994,-0.0019047497117068478
74,trend_pullback,20,60,1.0,0.15,12,2.0,30,301,0.2691029900332226,0.4061355885331858,-0.0015940009210078654
75,trend_pullback,20,60,1.0,0.15,12,2.0,60,301,0.2956810631229236,0.4571775481387075,-0.0017491775451462742
76,trend_pullback,20,60,1.0,0.15,12,3.0,30,393,0.23155216284987276,0.34924228033333987,-0.0016824835298061473
77,trend_pullback,20,60,1.0,0.15,12,3.0,60,393,0.2595419847328244,0.4111472455035948,-0.0018026530558549003
78,trend_pullback,20,60,1.0,0.3,12,1.5,30,251,0.30278884462151395,0.45313911406775953,-0.0015286439682624193
79,trend_pullback,20,60,1.0,0.3,12,1.5,60,251,0.3346613545816733,0.4798673484086326,-0.0017538304688182813
80,trend_pullback,20,60,1.0,0.3,12,2.0,30,323,0.26006191950464397,0.3740072271451408,-0.0017210877698772312
81,trend_pullback,20,60,1.0,0.3,12,2.0,60,323,0.2848297213622291,0.4315507927978946,-0.001863564147557708
82,trend_pullback,20,60,1.0,0.3,12,3.0,30,419,0.2243436754176611,0.3276934959399308,-0.0017710860145454795
83,trend_pullback,20,60,1.0,0.3,12,3.0,60,419,0.2529832935560859,0.3677576920593123,-0.001952025469599854
84,trend_pullback,20,60,1.5,0.15,12,1.5,30,116,0.31896551724137934,0.5299252170680926,-0.001184196976189543
85,trend_pullback,20,60,1.5,0.15,12,1.5,60,116,0.33620689655172414,0.45955464350315695,-0.0017427320034671618
86,trend_pullback,20,60,1.5,0.15,12,2.0,30,153,0.2875816993464052,0.40654505956398085,-0.0014749190353230636
87,trend_pullback,20,60,1.5,0.15,12,2.0,60,153,0.29411764705882354,0.4477679324297431,-0.001728804180720534
88,trend_pullback,20,60,1.5,0.15,12,3.0,30,206,0.2524271844660194,0.32673588418212707,-0.0016410728952078089
89,trend_pullback,20,60,1.5,0.15,12,3.0,60,206,0.2766990291262136,0.43578884650304,-0.0016736079705234883
90,trend_pullback,20,60,1.5,0.3,12,1.5,30,127,0.30708661417322836,0.4583508293505392,-0.0014169499892858442
91,trend_pullback,20,60,1.5,0.3,12,1.5,60,127,0.33070866141732286,0.4673042832558666,-0.0017264331241406768
92,trend_pullback,20,60,1.5,0.3,12,2.0,30,164,0.2804878048780488,0.37716832832808533,-0.0015913768227234987
93,trend_pullback,20,60,1.5,0.3,12,2.0,60,164,0.29878048780487804,0.46492324217911685,-0.001684520609766492
94,trend_pullback,20,60,1.5,0.3,12,3.0,30,220,0.23636363636363636,0.30196028838892036,-0.0017559952422439408
95,trend_pullback,20,60,1.5,0.3,12,3.0,60,220,0.2727272727272727,0.3843572597993772,-0.0018345007253440621
96,sweep_reclaim,9,21,1.0,0.15,12,1.5,30,241,0.3278008298755187,0.4622978110236687,-0.001650350753790299
97,sweep_reclaim,9,21,1.0,0.15,12,1.5,60,241,0.35269709543568467,0.48920835235183174,-0.0018622146011912756
98,sweep_reclaim,9,21,1.0,0.15,12,2.0,30,371,0.261455525606469,0.3403700092819034,-0.0019838166960723033
99,sweep_reclaim,9,21,1.0,0.15,12,2.0,60,371,0.2722371967654987,0.38018741988697463,-0.0021676285505799952
100,sweep_reclaim,9,21,1.0,0.15,12,3.0,30,546,0.21062271062271062,0.2603540916372998,-0.002122106056441929
101,sweep_reclaim,9,21,1.0,0.15,12,3.0,60,546,0.22527472527472528,0.2998097842458772,-0.0023029669751375337
102,sweep_reclaim,9,21,1.0,0.3,12,1.5,30,291,0.3127147766323024,0.39646543953778396,-0.0018391682016678948
103,sweep_reclaim,9,21,1.0,0.3,12,1.5,60,291,0.33676975945017185,0.4568028635592448,-0.0019475512466060828
104,sweep_reclaim,9,21,1.0,0.3,12,2.0,30,419,0.2577565632458234,0.3310008087600036,-0.0019988799895107544
105,sweep_reclaim,9,21,1.0,0.3,12,2.0,60,419,0.27684964200477324,0.3934875625084283,-0.0020917981731544996
106,sweep_reclaim,9,21,1.0,0.3,12,3.0,30,602,0.21262458471760798,0.2519857898023197,-0.0021015355654064793
107,sweep_reclaim,9,21,1.0,0.3,12,3.0,60,602,0.23588039867109634,0.2920405086048427,-0.002268407269961687
108,sweep_reclaim,9,21,1.5,0.15,12,1.5,30,181,0.32044198895027626,0.49267568906228004,-0.001505503044530397
109,sweep_reclaim,9,21,1.5,0.15,12,1.5,60,181,0.35359116022099446,0.5241307546911461,-0.001637364050577773
110,sweep_reclaim,9,21,1.5,0.15,12,2.0,30,283,0.24734982332155478,0.32938638765220446,-0.001998329722950826
111,sweep_reclaim,9,21,1.5,0.15,12,2.0,60,283,0.2791519434628975,0.3890971632853705,-0.0020587681218930186
112,sweep_reclaim,9,21,1.5,0.15,12,3.0,30,397,0.20151133501259447,0.2599582215027576,-0.0021247796658353337
113,sweep_reclaim,9,21,1.5,0.15,12,3.0,60,397,0.22921914357682618,0.31414878239534894,-0.0022183512140347642
114,sweep_reclaim,9,21,1.5,0.3,12,1.5,30,225,0.30666666666666664,0.41706204917534523,-0.0017109809882654187
115,sweep_reclaim,9,21,1.5,0.3,12,1.5,60,225,0.3377777777777778,0.49274678094483126,-0.0016922555037249744
116,sweep_reclaim,9,21,1.5,0.3,12,2.0,30,317,0.24605678233438485,0.32549109624462347,-0.001977540825686006
117,sweep_reclaim,9,21,1.5,0.3,12,2.0,60,317,0.2807570977917981,0.40150073093872735,-0.001977927961719495
118,sweep_reclaim,9,21,1.5,0.3,12,3.0,30,437,0.20823798627002288,0.2564262405041343,-0.0020708881333547516
119,sweep_reclaim,9,21,1.5,0.3,12,3.0,60,437,0.23569794050343248,0.29986559984887995,-0.002193182837327468
120,sweep_reclaim,20,60,1.0,0.15,12,1.5,30,151,0.32450331125827814,0.4471663148303773,-0.0016157833274296116
121,sweep_reclaim,20,60,1.0,0.15,12,1.5,60,151,0.31788079470198677,0.4576496131228242,-0.0020048960093253967
122,sweep_reclaim,20,60,1.0,0.15,12,2.0,30,246,0.25609756097560976,0.3122575681013774,-0.0019446709273410235
123,sweep_reclaim,20,60,1.0,0.15,12,2.0,60,246,0.25203252032520324,0.3364740403534568,-0.0022979743672902255
124,sweep_reclaim,20,60,1.0,0.15,12,3.0,30,361,0.2077562326869806,0.22880304355529782,-0.0021011228245120103
125,sweep_reclaim,20,60,1.0,0.15,12,3.0,60,361,0.20221606648199447,0.23904665546029272,-0.0024895834710569535
126,sweep_reclaim,20,60,1.0,0.3,12,1.5,30,185,0.31891891891891894,0.3886737417483766,-0.001722867859906317
127,sweep_reclaim,20,60,1.0,0.3,12,1.5,60,185,0.3081081081081081,0.4131848250113988,-0.0021169463922707473
128,sweep_reclaim,20,60,1.0,0.3,12,2.0,30,276,0.2608695652173913,0.3250647103766661,-0.0018553314891704066
129,sweep_reclaim,20,60,1.0,0.3,12,2.0,60,276,0.25,0.3445532579452665,-0.002228323969663567
130,sweep_reclaim,20,60,1.0,0.3,12,3.0,30,396,0.20959595959595959,0.2243600325118229,-0.0020710876194424354
131,sweep_reclaim,20,60,1.0,0.3,12,3.0,60,396,0.20454545454545456,0.21834732589671782,-0.002523260543468005
132,sweep_reclaim,20,60,1.5,0.15,12,1.5,30,123,0.2845528455284553,0.3607162481256642,-0.001958129015515592
133,sweep_reclaim,20,60,1.5,0.15,12,1.5,60,123,0.2845528455284553,0.3774329573087646,-0.0023255328957086222
134,sweep_reclaim,20,60,1.5,0.15,12,2.0,30,198,0.2222222222222222,0.23979946459874313,-0.0022720571683611714
135,sweep_reclaim,20,60,1.5,0.15,12,2.0,60,198,0.24242424242424243,0.28742927798789264,-0.002486009099664432
136,sweep_reclaim,20,60,1.5,0.15,12,3.0,30,277,0.18411552346570398,0.20047665398933354,-0.002285822199001153
137,sweep_reclaim,20,60,1.5,0.15,12,3.0,60,277,0.19494584837545126,0.2319907864344765,-0.0025690535910936107
138,sweep_reclaim,20,60,1.5,0.3,12,1.5,30,153,0.2875816993464052,0.31271920616086835,-0.0020609968465816067
139,sweep_reclaim,20,60,1.5,0.3,12,1.5,60,153,0.28104575163398693,0.3483051140556377,-0.002325426371093979
140,sweep_reclaim,20,60,1.5,0.3,12,2.0,30,223,0.22869955156950672,0.26224049905961583,-0.0021453997402751993
141,sweep_reclaim,20,60,1.5,0.3,12,2.0,60,223,0.242152466367713,0.3034027574824081,-0.0023769811797421923
142,sweep_reclaim,20,60,1.5,0.3,12,3.0,30,304,0.19078947368421054,0.19954323312311115,-0.002241313775189658
143,sweep_reclaim,20,60,1.5,0.3,12,3.0,60,304,0.19407894736842105,0.20937053421255236,-0.002601166208336205
144,range_reversion,9,21,1.0,0.15,12,1.5,30,428,0.3364485981308411,0.4104642914243993,-0.0015960842817851694
145,range_reversion,9,21,1.0,0.15,12,1.5,60,428,0.338785046728972,0.45927474395670015,-0.0018473394219751542
146,range_reversion,9,21,1.0,0.15,12,2.0,30,597,0.2897822445561139,0.31330085158710536,-0.001841050624353409
147,range_reversion,9,21,1.0,0.15,12,2.0,60,597,0.288107202680067,0.3962731673020992,-0.0019938082315223934
148,range_reversion,9,21,1.0,0.15,12,3.0,30,841,0.24256837098692033,0.26403632995764637,-0.0018908505154617717
149,range_reversion,9,21,1.0,0.15,12,3.0,60,841,0.2437574316290131,0.3408320304051014,-0.0020444790552448036
150,range_reversion,9,21,1.0,0.3,12,1.5,30,489,0.3231083844580777,0.35751943702636824,-0.0017847452402789698
151,range_reversion,9,21,1.0,0.3,12,1.5,60,489,0.3210633946830266,0.43313080356579303,-0.0019280626670490312
152,range_reversion,9,21,1.0,0.3,12,2.0,30,677,0.276218611521418,0.28632123520458175,-0.0019382698654210465
153,range_reversion,9,21,1.0,0.3,12,2.0,60,677,0.2717872968980798,0.3772995103799283,-0.0020592553414602354
154,range_reversion,9,21,1.0,0.3,12,3.0,30,899,0.23692992213570635,0.24831263567145143,-0.0019523334480618436
155,range_reversion,9,21,1.0,0.3,12,3.0,60,899,0.24582869855394884,0.34208105544480655,-0.0020376177384524826
156,range_reversion,9,21,1.5,0.15,12,1.5,30,335,0.34328358208955223,0.42326781147794845,-0.001480266673766042
157,range_reversion,9,21,1.5,0.15,12,1.5,60,335,0.3492537313432836,0.48040560183999037,-0.001709539593401513
158,range_reversion,9,21,1.5,0.15,12,2.0,30,466,0.28969957081545067,0.31587394172805133,-0.001770375949845135
159,range_reversion,9,21,1.5,0.15,12,2.0,60,466,0.28969957081545067,0.4230145647526302,-0.0018503832465068969
160,range_reversion,9,21,1.5,0.15,12,3.0,30,640,0.24375,0.2656609798085812,-0.0018569571632889282
161,range_reversion,9,21,1.5,0.15,12,3.0,60,640,0.246875,0.36841841120170715,-0.0019301792991140553
162,range_reversion,9,21,1.5,0.3,12,1.5,30,382,0.3219895287958115,0.36301939857490384,-0.0016668192792576345
163,range_reversion,9,21,1.5,0.3,12,1.5,60,382,0.3324607329842932,0.4617169007198309,-0.001763690515833658
164,range_reversion,9,21,1.5,0.3,12,2.0,30,525,0.2838095238095238,0.3016346667392763,-0.0018009094605763666
165,range_reversion,9,21,1.5,0.3,12,2.0,60,525,0.2876190476190476,0.4207260191356033,-0.0018357925838945496
166,range_reversion,9,21,1.5,0.3,12,3.0,30,689,0.23947750362844702,0.25914788462225435,-0.0018603946288279927
167,range_reversion,9,21,1.5,0.3,12,3.0,60,689,0.2597968069666183,0.37718919626255926,-0.001863542177831109
168,range_reversion,20,60,1.0,0.15,12,1.5,30,443,0.3160270880361174,0.35597263555816266,-0.0018109847247779647
169,range_reversion,20,60,1.0,0.15,12,1.5,60,443,0.33860045146726864,0.43299851413619417,-0.001943105312657925
170,range_reversion,20,60,1.0,0.15,12,2.0,30,625,0.2672,0.2742867661203544,-0.0020109914869631336
171,range_reversion,20,60,1.0,0.15,12,2.0,60,625,0.288,0.36526352041204746,-0.002101577656827869
172,range_reversion,20,60,1.0,0.15,12,3.0,30,841,0.22829964328180738,0.23582099433736986,-0.00204339794128006
173,range_reversion,20,60,1.0,0.15,12,3.0,60,841,0.2437574316290131,0.3088042656467742,-0.0021743486446286985
174,range_reversion,20,60,1.0,0.3,12,1.5,30,516,0.3062015503875969,0.32576208580382904,-0.0019073317158219384
175,range_reversion,20,60,1.0,0.3,12,1.5,60,516,0.32558139534883723,0.4181401792909064,-0.001995704370123404
176,range_reversion,20,60,1.0,0.3,12,2.0,30,700,0.26142857142857145,0.2661628822634707,-0.0020175472847665235
177,range_reversion,20,60,1.0,0.3,12,2.0,60,700,0.28,0.35500790297832857,-0.0021314988957079266
178,range_reversion,20,60,1.0,0.3,12,3.0,30,895,0.22681564245810057,0.23172434978036305,-0.0020432923806986206
179,range_reversion,20,60,1.0,0.3,12,3.0,60,895,0.24692737430167597,0.31757853020385296,-0.002137726269691024
180,range_reversion,20,60,1.5,0.15,12,1.5,30,366,0.31420765027322406,0.3233442484277667,-0.0018316254305973268
181,range_reversion,20,60,1.5,0.15,12,1.5,60,366,0.31693989071038253,0.39914571108757946,-0.0020553261034237597
182,range_reversion,20,60,1.5,0.15,12,2.0,30,499,0.27054108216432865,0.26246024317134725,-0.0019552837919789524
183,range_reversion,20,60,1.5,0.15,12,2.0,60,499,0.2745490981963928,0.3553875712936509,-0.00213220424775959
184,range_reversion,20,60,1.5,0.15,12,3.0,30,666,0.23123123123123124,0.22512225893507726,-0.0020029013362069404
185,range_reversion,20,60,1.5,0.15,12,3.0,60,666,0.23423423423423423,0.30694749930910875,-0.002186799188348092
186,range_reversion,20,60,1.5,0.3,12,1.5,30,420,0.29523809523809524,0.28439496405647413,-0.0019608001098790464
187,range_reversion,20,60,1.5,0.3,12,1.5,60,420,0.30238095238095236,0.3826411521322679,-0.0021240711507574065
188,range_reversion,20,60,1.5,0.3,12,2.0,30,561,0.2638146167557932,0.2503833126625425,-0.0019937385774173202
189,range_reversion,20,60,1.5,0.3,12,2.0,60,561,0.2709447415329768,0.34643867901550474,-0.0021492003669191457
190,range_reversion,20,60,1.5,0.3,12,3.0,30,698,0.23065902578796563,0.22322417347430934,-0.0020053990333793207
191,range_reversion,20,60,1.5,0.3,12,3.0,60,698,0.24355300859598855,0.3118747114507757,-0.0021570466914535525
