candidate,family,stop_atr,min_atr_pct,min_body_atr,offset_atr,target_r,hold_minutes,n,win_rate,pf,mean_net_return,orders,fill_rate,skipped_counts,stress_pf,stress_n,stress_mean_net_return,cost_only_stress_pf,cost_only_stress_n,cost_only_stress_mean_net_return,training_passed
0,retest,1.5,0.0,0.0,0.25,1.0,30,21,0.7142857142857143,1.9432930944993343,0.0013381531535774944,24,0.875,{'not_filled': 3},0.9735219626209022,20,-5.012891152517333e-05,1.0765015586318494,21,0.00013793785498119297,False
1,retest,1.5,0.0,0.0,0.25,1.0,60,21,0.7619047619047619,2.1716475673470477,0.0018923990501572324,24,0.875,{'not_filled': 3},1.2664798225626608,20,0.000531449998462498,1.3642385608726753,21,0.0006918225311599276,False
2,retest,1.5,0.0,0.0,0.25,2.0,30,41,0.4878048780487805,1.5318424704716491,0.000968930922184932,56,0.7321428571428571,"{'not_filled': 12, 'marketable_at_open': 3}",0.8257517830433024,37,-0.0004486523376216454,0.9067037188661368,41,-0.00023062781019441187,False
3,retest,1.5,0.0,0.0,0.25,2.0,60,41,0.5365853658536586,1.758644961722424,0.001645079712390356,56,0.7321428571428571,"{'not_filled': 12, 'marketable_at_open': 3}",1.111107195832766,37,0.0003202623123706523,1.1606873601410839,41,0.00044480178937135174,False
4,retest,1.5,0.0,0.0,0.75,1.0,30,1,1.0,inf,0.0012268386386360525,4,0.25,{'not_filled': 3},inf,1,2.516144335028064e-05,inf,1,2.516144335028064e-05,False
5,retest,1.5,0.0,0.0,0.75,1.0,60,1,1.0,inf,0.006295735930973116,4,0.25,{'not_filled': 3},inf,1,0.005088988571171102,inf,1,0.005088988571171102,False
6,retest,1.5,0.0,0.0,0.75,2.0,30,8,0.375,0.3820429488697217,-0.0012149315205991064,34,0.23529411764705882,{'not_filled': 26},0.11085134371816051,8,-0.0024134766565427354,0.11085134371816051,8,-0.0024134766565427354,False
7,retest,1.5,0.0,0.0,0.75,2.0,60,8,0.375,1.107141453085271,0.000250952996371786,34,0.23529411764705882,{'not_filled': 26},0.6930423862136614,8,-0.0009487929487188078,0.6930423862136614,8,-0.0009487929487188078,False
8,retest,1.5,0.004,0.0,0.25,1.0,30,13,0.6923076923076923,1.7400418162936289,0.0013439121947204278,15,0.8666666666666667,{'not_filled': 2},0.9309415759157036,12,-0.00016854395793865857,1.064080760361062,13,0.00014436505306497045,False
9,retest,1.5,0.004,0.0,0.25,1.0,60,13,0.6923076923076923,1.578346826707085,0.0012659735133517384,15,0.8666666666666667,{'not_filled': 2},0.90867460157813,12,-0.00025289307474152896,1.0260175661062898,13,6.650432986232086e-05,False
10,retest,1.5,0.004,0.0,0.25,2.0,30,13,0.6153846153846154,2.9517433402546533,0.0035789423165742355,15,0.8666666666666667,{'not_filled': 2},1.6750891671751198,12,0.001728103565215271,2.0071296094279734,13,0.0023797530117538575,False
11,retest,1.5,0.004,0.0,0.25,2.0,60,13,0.6923076923076923,3.2169236032046915,0.004852739624700801,15,0.8666666666666667,{'not_filled': 2},2.096066314009336,12,0.003106670356948576,2.395942009155814,13,0.003652276204123062,False
12,retest,1.5,0.004,0.0,0.75,1.0,30,0,,,,3,0.0,{'not_filled': 3},,0,,,0,,False
13,retest,1.5,0.004,0.0,0.75,1.0,60,0,,,,3,0.0,{'not_filled': 3},,0,,,0,,False
14,retest,1.5,0.004,0.0,0.75,2.0,30,2,0.5,0.5480315622448811,-0.0010066934024923055,15,0.13333333333333333,{'not_filled': 13},0.21916358533503955,2,-0.002206136507354058,0.21916358533503955,2,-0.002206136507354058,False
15,retest,1.5,0.004,0.0,0.75,2.0,60,2,0.5,1.1707960194377343,0.00038042308173977636,15,0.13333333333333333,{'not_filled': 13},0.7096262909852292,2,-0.0008204074863851717,0.7096262909852292,2,-0.0008204074863851717,False
16,retest,3.0,0.0,0.0,0.25,1.0,30,45,0.5333333333333333,1.4112392820162192,0.0007950211226354423,62,0.7258064516129032,"{'not_filled': 14, 'marketable_at_open': 3}",0.736506740605594,40,-0.0007153896132808218,0.8415955346833546,45,-0.0004041765218751831,False
17,retest,3.0,0.0,0.0,0.25,1.0,60,45,0.6666666666666666,2.376654348037433,0.0023273448253216837,62,0.7258064516129032,"{'not_filled': 14, 'marketable_at_open': 3}",1.3630343425685705,40,0.0008568156461961658,1.523884827369614,45,0.0011266887771729365,False
18,retest,3.0,0.0,0.0,0.25,2.0,30,62,0.4032258064516129,0.91806680519688,-0.00017009079834189007,95,0.6526315789473685,"{'not_filled': 29, 'marketable_at_open': 4}",0.48908695508590866,55,-0.00151976367248772,0.520996842488694,62,-0.0013696220887020139,False
19,retest,3.0,0.0,0.0,0.25,2.0,60,62,0.5161290322580645,1.7034819014460563,0.0013655662191187582,95,0.6526315789473685,"{'not_filled': 29, 'marketable_at_open': 4}",1.1059352559577036,55,0.0002819560050456234,1.0639322733087373,62,0.0001646173672916997,False
20,retest,3.0,0.0,0.0,0.75,1.0,30,8,0.5,0.6514992563017139,-0.0007523787390062584,50,0.16,{'not_filled': 42},0.14141303799725222,7,-0.002705616589171712,0.29235966255532075,8,-0.001951203641306117,False
21,retest,3.0,0.0,0.0,0.75,1.0,60,8,0.75,2.8734388269348,0.0026945220399916007,50,0.16,{'not_filled': 42},1.619688039341679,7,0.0012301499794989787,1.8593065805378501,8,0.0014925921062807373,False
22,retest,3.0,0.0,0.0,0.75,2.0,30,19,0.3157894736842105,0.2064079902464323,-0.0017555681134514573,92,0.20652173913043478,{'not_filled': 73},0.04065448263429832,18,-0.003155685991172853,0.05202213143269135,19,-0.0029541723833324722,False
23,retest,3.0,0.0,0.0,0.75,2.0,60,19,0.5263157894736842,1.5830235641309633,0.0011381924579980502,92,0.20652173913043478,{'not_filled': 73},1.0855282839275069,18,0.0002081924436543268,0.9760734747534333,19,-6.136381809663059e-05,False
24,retest,3.0,0.004,0.0,0.25,1.0,30,13,0.6153846153846154,1.6348723572804362,0.002064596536878849,15,0.8666666666666667,{'not_filled': 2},0.995953984358263,12,-1.6567377484429558e-05,1.2291719703618273,13,0.0008662148059558077,False
25,retest,3.0,0.004,0.0,0.25,1.0,60,13,0.6153846153846154,2.0692576485657725,0.003414417715257967,15,0.8666666666666667,{'not_filled': 2},1.3590644510885634,12,0.001443893699033278,1.5965435760011184,13,0.002214332722741384,False
26,retest,3.0,0.004,0.0,0.25,2.0,30,13,0.6153846153846154,1.4060063068804607,0.001320327157929957,15,0.8666666666666667,{'not_filled': 2},0.8375747143803454,12,-0.0006650891291961982,1.0320715622399752,13,0.00012122277440185209,False
27,retest,3.0,0.004,0.0,0.25,2.0,60,13,0.5384615384615384,2.126681978742423,0.0037364056039056455,15,0.8666666666666667,{'not_filled': 2},1.5625422189488545,12,0.0023934178167965493,1.6449621283129954,13,0.0025330018406814437,False
28,retest,3.0,0.004,0.0,0.75,1.0,30,2,0.5,0.22265430593557822,-0.0042616500518878175,15,0.13333333333333333,{'not_filled': 13},0.1018938132484424,2,-0.005457837386361239,0.1018938132484424,2,-0.005457837386361239,False
29,retest,3.0,0.004,0.0,0.75,1.0,60,2,0.5,0.7682167060159596,-0.0012707078644368921,15,0.13333333333333333,{'not_filled': 13},0.5935714939069568,2,-0.002469886888833093,0.5935714939069568,2,-0.002469886888833093,False
30,retest,3.0,0.004,0.0,0.75,2.0,30,2,0.5,0.22265430593557822,-0.0042616500518878175,15,0.13333333333333333,{'not_filled': 13},0.1018938132484424,2,-0.005457837386361239,0.1018938132484424,2,-0.005457837386361239,False
31,retest,3.0,0.004,0.0,0.75,2.0,60,2,0.5,1.6458535292516139,0.003540769245219447,15,0.13333333333333333,{'not_filled': 13},1.3845248984037317,2,0.0023367775408446208,1.3845248984037317,2,0.0023367775408446208,False
32,breakout,1.5,0.0,0.0,0.25,1.0,30,266,0.48120300751879697,0.662123001058504,-0.0010585414920548848,346,0.7687861271676301,{'not_filled': 80},0.39366445859088794,260,-0.0023178996334393964,0.40028775128915495,266,-0.0022580265407901867,False
33,breakout,1.5,0.0,0.0,0.25,1.0,60,266,0.5037593984962406,0.6721057690573611,-0.0011355317688554391,346,0.7687861271676301,{'not_filled': 80},0.42079675342952977,260,-0.0023750548615668315,0.42454684048401625,266,-0.002335147535106507,False
34,breakout,1.5,0.0,0.0,0.25,2.0,30,637,0.32653061224489793,0.5576259513233428,-0.0012303901826050967,926,0.6879049676025918,"{'not_filled': 277, 'marketable_at_open': 12}",0.32168419159036327,603,-0.002517605046123554,0.3296217237578705,637,-0.0024302611189981104,False
35,breakout,1.5,0.0,0.0,0.25,2.0,60,637,0.31711145996860285,0.6336996674645692,-0.00119430028514132,925,0.6886486486486486,"{'not_filled': 276, 'marketable_at_open': 12}",0.4086277223365288,603,-0.0024681760241427623,0.4141354438786498,637,-0.002394286000035898,False
36,breakout,1.5,0.0,0.0,0.75,1.0,30,26,0.38461538461538464,0.37115473908162594,-0.002528079308802298,90,0.28888888888888886,{'not_filled': 64},0.21657871317675562,26,-0.0037279245406380726,0.21657871317675562,26,-0.0037279245406380726,False
37,breakout,1.5,0.0,0.0,0.75,1.0,60,26,0.38461538461538464,0.37115473908162594,-0.002528079308802298,90,0.28888888888888886,{'not_filled': 64},0.21657871317675562,26,-0.0037279245406380726,0.21657871317675562,26,-0.0037279245406380726,False
38,breakout,1.5,0.0,0.0,0.75,2.0,30,135,0.31851851851851853,0.5399437484581995,-0.0013191640257405122,473,0.2854122621564482,{'not_filled': 338},0.3080624828961832,131,-0.002607417037718057,0.3172589286871481,135,-0.002519000942154971,False
39,breakout,1.5,0.0,0.0,0.75,2.0,60,135,0.31851851851851853,0.53349200276757,-0.0014086024119727817,473,0.2854122621564482,{'not_filled': 338},0.31636321882675317,131,-0.002653179927226613,0.32020958119985643,135,-0.00260836760960669,False
40,breakout,1.5,0.004,0.0,0.25,1.0,30,166,0.45180722891566266,0.6372600356954791,-0.0013302506450568613,208,0.7980769230769231,{'not_filled': 42},0.4109453350023341,165,-0.0025664779906297472,0.4159261696008417,166,-0.002529446794310918,False
41,breakout,1.5,0.004,0.0,0.25,1.0,60,166,0.4819277108433735,0.6547095595546625,-0.0013999064528753527,208,0.7980769230769231,{'not_filled': 42},0.4393995046666772,165,-0.0026366331522014105,0.4440136134922015,166,-0.00259917933442733,False
42,breakout,1.5,0.004,0.0,0.25,2.0,30,166,0.3795180722891566,0.7077970439107041,-0.0011614622408110075,208,0.7980769230769231,{'not_filled': 42},0.5071529583799913,165,-0.0023238684896005816,0.5017468435457871,166,-0.0023603674782071782,False
43,breakout,1.5,0.004,0.0,0.25,2.0,60,166,0.3855421686746988,0.8550658240192769,-0.0006710528123858538,208,0.7980769230769231,{'not_filled': 42},0.6576420783409739,165,-0.0018310511494119188,0.6514538889529048,166,-0.0018705189171762788,False
44,breakout,1.5,0.004,0.0,0.75,1.0,30,26,0.38461538461538464,0.37115473908162594,-0.002528079308802298,90,0.28888888888888886,{'not_filled': 64},0.21657871317675562,26,-0.0037279245406380726,0.21657871317675562,26,-0.0037279245406380726,False
45,breakout,1.5,0.004,0.0,0.75,1.0,60,26,0.38461538461538464,0.37115473908162594,-0.002528079308802298,90,0.28888888888888886,{'not_filled': 64},0.21657871317675562,26,-0.0037279245406380726,0.21657871317675562,26,-0.0037279245406380726,False
46,breakout,1.5,0.004,0.0,0.75,2.0,30,59,0.3220338983050847,0.5751666200649534,-0.0014943209307406277,208,0.28365384615384615,{'not_filled': 149},0.3779665364919453,59,-0.0026939199394790054,0.3779665364919453,59,-0.0026939199394790054,False
47,breakout,1.5,0.004,0.0,0.75,2.0,60,59,0.3220338983050847,0.5704383609416521,-0.0015860097880638396,208,0.28365384615384615,{'not_filled': 149},0.3817877114979395,59,-0.0027852881186793523,0.3817877114979395,59,-0.0027852881186793523,False
48,breakout,3.0,0.0,0.0,0.25,1.0,30,709,0.34837799717912554,0.5958100776348124,-0.0011015278289999999,1034,0.6856866537717602,"{'not_filled': 313, 'marketable_at_open': 12}",0.3450943508729362,668,-0.0023894913805839195,0.3514837965814905,709,-0.0023013047884594623,False
49,breakout,3.0,0.0,0.0,0.25,1.0,60,709,0.38928067700987307,0.7744315667992627,-0.0007126398022518919,1033,0.686350435624395,"{'not_filled': 312, 'marketable_at_open': 12}",0.5015210060605669,668,-0.002000894570617485,0.5108035658701898,709,-0.0019127316735606573,False
50,breakout,3.0,0.0,0.0,0.25,2.0,30,1048,0.2872137404580153,0.5248504133910108,-0.0011604854770008886,1614,0.6493184634448576,"{'not_filled': 553, 'marketable_at_open': 13}",0.2914992464728476,971,-0.00244190330429911,0.29432496792931945,1048,-0.0023604380227424293,False
51,breakout,3.0,0.0,0.0,0.25,2.0,60,1048,0.31202290076335876,0.6807254476241329,-0.0009270994359672964,1612,0.6501240694789082,"{'not_filled': 551, 'marketable_at_open': 13}",0.4371587798203417,971,-0.0021786856738317067,0.4345999302686465,1048,-0.002127555589351098,False
52,breakout,3.0,0.0,0.0,0.75,1.0,30,224,0.3392857142857143,0.5640939376335982,-0.0012019313396302573,833,0.2689075630252101,{'not_filled': 609},0.32977529460175276,217,-0.002432287037722229,0.3290940132097954,224,-0.0024019069719870474,False
53,breakout,3.0,0.0,0.0,0.75,1.0,60,224,0.4107142857142857,0.7742130278582104,-0.0006961736917124879,832,0.2692307692307692,{'not_filled': 608},0.5133315517263577,217,-0.0018521081235963036,0.5021657091855712,224,-0.00189630870267148,False
54,breakout,3.0,0.0,0.0,0.75,2.0,30,392,0.288265306122449,0.5883830162991139,-0.0009619709858514351,1503,0.26081170991350633,{'not_filled': 1111},0.3452610050461546,356,-0.002199560964118869,0.33417608549737,392,-0.0021622293185077916,False
55,breakout,3.0,0.0,0.0,0.75,2.0,60,392,0.3137755102040816,0.6841213849894888,-0.0008619515034832413,1501,0.26115922718187873,{'not_filled': 1109},0.4415580480418211,356,-0.002038463456089111,0.4242772559822934,392,-0.002062348311286054,False
56,breakout,3.0,0.004,0.0,0.25,1.0,30,166,0.4457831325301205,0.9102296929013942,-0.000315505827123745,208,0.7980769230769231,{'not_filled': 42},0.6362332579720111,165,-0.0015386415881791073,0.6398306129659797,166,-0.0015142484205402898,False
57,breakout,3.0,0.004,0.0,0.25,1.0,60,166,0.5240963855421686,1.3797119141263174,0.0013995620253796654,208,0.7980769230769231,{'not_filled': 42},1.0315929996031599,165,0.00013577463499359722,1.0467652408400128,166,0.00019976841018189308,True
58,breakout,3.0,0.004,0.0,0.25,2.0,30,166,0.4397590361445783,0.9593095257588184,-0.00014418376205858096,208,0.7980769230769231,{'not_filled': 42},0.6797157492019744,165,-0.0013663516650556785,0.6832824843935932,166,-0.0013429963885200145,False
59,breakout,3.0,0.004,0.0,0.25,2.0,60,166,0.4879518072289157,1.423396940559213,0.0016048162476454502,208,0.7980769230769231,{'not_filled': 42},1.087888212733218,165,0.00039099511293648714,1.0913084566339077,166,0.00040376396309870427,True
60,breakout,3.0,0.004,0.0,0.75,1.0,30,59,0.423728813559322,0.9667359859914726,-0.00010281395767850912,208,0.28365384615384615,{'not_filled': 149},0.6556024466545495,59,-0.0013025077279029762,0.6556024466545495,59,-0.0013025077279029762,False
61,breakout,3.0,0.004,0.0,0.75,1.0,60,59,0.5423728813559322,1.5067372076338523,0.001538537419843638,208,0.28365384615384615,{'not_filled': 149},1.0942475129697011,59,0.0003391298384164938,1.0942475129697011,59,0.0003391298384164938,False
62,breakout,3.0,0.004,0.0,0.75,2.0,30,59,0.423728813559322,1.4069225563325356,0.0012577351150248747,208,0.28365384615384615,{'not_filled': 149},1.0152371732577221,59,5.7626820303431884e-05,1.0152371732577221,59,5.7626820303431884e-05,False
63,breakout,3.0,0.004,0.0,0.75,2.0,60,59,0.5084745762711864,1.7109594851010497,0.002206054621464184,208,0.28365384615384615,{'not_filled': 149},1.2714530501898487,59,0.001005945449816091,1.2714530501898487,59,0.001005945449816091,False
