candidate,fast,slow,entry_mode,compression_atr,stop_atr,cooldown_bars,target_r,hold_minutes,n,win_rate,pf,mean_net_return
0,9,21,breakout,0.5,1.5,12,0.75,15,471,0.35668789808917195,0.33870608136272123,-0.002151353621136187
1,9,21,breakout,0.5,1.5,12,0.75,30,471,0.445859872611465,0.4245993803128207,-0.0020228975981807355
2,9,21,breakout,0.5,1.5,12,0.75,60,471,0.5095541401273885,0.47413010558465535,-0.002026181996793178
3,9,21,breakout,0.5,1.5,12,1.0,15,714,0.2689075630252101,0.267563635182109,-0.0022843029309812806
4,9,21,breakout,0.5,1.5,12,1.0,30,714,0.3333333333333333,0.3723844078835333,-0.002182290295617788
5,9,21,breakout,0.5,1.5,12,1.0,60,713,0.39270687237026647,0.42467043844861196,-0.0022599797502955037
6,9,21,breakout,0.5,1.5,12,1.5,15,1118,0.21914132379248658,0.24245649310111567,-0.0021374163600979827
7,9,21,breakout,0.5,1.5,12,1.5,30,1118,0.27280858676207514,0.3551764246064293,-0.0020721389666216177
8,9,21,breakout,0.5,1.5,12,1.5,60,1116,0.30824372759856633,0.4199008553845854,-0.0021359493264015554
9,9,21,breakout,0.5,2.5,12,0.75,15,926,0.2505399568034557,0.2638930776101822,-0.002174807490829155
10,9,21,breakout,0.5,2.5,12,0.75,30,926,0.33153347732181426,0.37795219423570064,-0.0020792224275561796
11,9,21,breakout,0.5,2.5,12,0.75,60,925,0.40756756756756757,0.48326211631136634,-0.0019494328515878582
12,9,21,breakout,0.5,2.5,12,1.0,15,1258,0.20588235294117646,0.23042236113981815,-0.0021455179782144946
13,9,21,breakout,0.5,2.5,12,1.0,30,1258,0.27821939586645467,0.3511556587013306,-0.0020642068985432215
14,9,21,breakout,0.5,2.5,12,1.0,60,1256,0.3375796178343949,0.45372001173157056,-0.0019851788825425943
15,9,21,breakout,0.5,2.5,12,1.5,15,1568,0.1798469387755102,0.20444558955773973,-0.0021111447048303036
16,9,21,breakout,0.5,2.5,12,1.5,30,1568,0.24107142857142858,0.3271964421113136,-0.002040646194686286
17,9,21,breakout,0.5,2.5,12,1.5,60,1566,0.28160919540229884,0.4301323537931724,-0.0019926622765185733
18,9,21,breakout,1.0,1.5,12,0.75,15,576,0.3663194444444444,0.36330371825679275,-0.0021253819703407227
19,9,21,breakout,1.0,1.5,12,0.75,30,576,0.453125,0.4621646076228468,-0.0018997654642647498
20,9,21,breakout,1.0,1.5,12,0.75,60,573,0.5095986038394416,0.5046307485392375,-0.0019043532952852554
21,9,21,breakout,1.0,1.5,12,1.0,15,853,0.2895662368112544,0.30030539760212904,-0.0022078383228550233
22,9,21,breakout,1.0,1.5,12,1.0,30,853,0.347010550996483,0.399389467081705,-0.002113532362862489
23,9,21,breakout,1.0,1.5,12,1.0,60,848,0.39976415094339623,0.44783437266726095,-0.0021887963251124454
24,9,21,breakout,1.0,1.5,12,1.5,15,1329,0.23024830699774265,0.26991667718286916,-0.002088343982760083
25,9,21,breakout,1.0,1.5,12,1.5,30,1329,0.2799097065462754,0.38467874837053867,-0.002005130926281985
26,9,21,breakout,1.0,1.5,12,1.5,60,1323,0.31141345427059713,0.4490305870864836,-0.0020526249947550542
27,9,21,breakout,1.0,2.5,12,0.75,15,1102,0.26497277676951,0.29093306095649824,-0.002117279952598137
28,9,21,breakout,1.0,2.5,12,0.75,30,1102,0.3393829401088929,0.4033437245543829,-0.0020373666890743957
29,9,21,breakout,1.0,2.5,12,0.75,60,1097,0.41020966271649956,0.49683939034481944,-0.001957286652028998
30,9,21,breakout,1.0,2.5,12,1.0,15,1495,0.21605351170568562,0.2573422543578441,-0.0020957118133471727
31,9,21,breakout,1.0,2.5,12,1.0,30,1495,0.282943143812709,0.3733526729643591,-0.002038842351594578
32,9,21,breakout,1.0,2.5,12,1.0,60,1489,0.33781061114842176,0.4691586653727598,-0.0019854116482709108
33,9,21,breakout,1.0,2.5,12,1.5,15,1854,0.18824163969795038,0.2295392648158767,-0.0020681796198931124
34,9,21,breakout,1.0,2.5,12,1.5,30,1854,0.24487594390507011,0.34729061091079816,-0.0020209515142858175
35,9,21,breakout,1.0,2.5,12,1.5,60,1848,0.2792207792207792,0.44128841613458153,-0.002026694204312195
36,9,21,pullback,0.5,1.5,12,0.75,15,453,0.3509933774834437,0.36518428281216253,-0.0018736818749245778
37,9,21,pullback,0.5,1.5,12,0.75,30,453,0.45474613686534215,0.4921773998623161,-0.0016507026471309048
38,9,21,pullback,0.5,1.5,12,0.75,60,453,0.5187637969094923,0.5415464864558924,-0.0016587060664331541
39,9,21,pullback,0.5,1.5,12,1.0,15,677,0.2821270310192024,0.30326089910173726,-0.0020109680453975092
40,9,21,pullback,0.5,1.5,12,1.0,30,677,0.361890694239291,0.43288113197391204,-0.0018315795957542466
41,9,21,pullback,0.5,1.5,12,1.0,60,676,0.4245562130177515,0.502964967097133,-0.0018319818482786694
42,9,21,pullback,0.5,1.5,12,1.5,15,1075,0.22790697674418606,0.270612706324727,-0.001949014808543875
43,9,21,pullback,0.5,1.5,12,1.5,30,1075,0.2762790697674419,0.3784868845073144,-0.0018912013787297367
44,9,21,pullback,0.5,1.5,12,1.5,60,1074,0.319366852886406,0.4669526929210557,-0.0018684874765949164
45,9,21,pullback,0.5,2.5,12,0.75,15,884,0.2579185520361991,0.2838256990186068,-0.0019497904090454087
46,9,21,pullback,0.5,2.5,12,0.75,30,884,0.33144796380090497,0.41410690205801703,-0.001847677114722569
47,9,21,pullback,0.5,2.5,12,0.75,60,883,0.39977349943374857,0.4985394850519723,-0.001853256186627242
48,9,21,pullback,0.5,2.5,12,1.0,15,1199,0.2176814011676397,0.25499673405709256,-0.001924268062208819
49,9,21,pullback,0.5,2.5,12,1.0,30,1199,0.2785654712260217,0.3660411001853208,-0.001907412327454487
50,9,21,pullback,0.5,2.5,12,1.0,60,1197,0.3441938178780284,0.47934376986646376,-0.0018174362294351841
51,9,21,pullback,0.5,2.5,12,1.5,15,1537,0.18607677293428757,0.21768691466978923,-0.0019476078012683428
52,9,21,pullback,0.5,2.5,12,1.5,30,1537,0.236174365647365,0.30853371442776895,-0.001990386473553452
53,9,21,pullback,0.5,2.5,12,1.5,60,1535,0.28859934853420194,0.4437669912002793,-0.00185115395731724
54,9,21,pullback,1.0,1.5,12,0.75,15,550,0.36,0.40418143423554664,-0.0017698134177154487
55,9,21,pullback,1.0,1.5,12,0.75,30,550,0.4618181818181818,0.5227845814574443,-0.0015653347780172954
56,9,21,pullback,1.0,1.5,12,0.75,60,549,0.5227686703096539,0.5729939743258134,-0.001534420625226933
57,9,21,pullback,1.0,1.5,12,1.0,15,810,0.2839506172839506,0.32634338469453494,-0.0019506718240517112
58,9,21,pullback,1.0,1.5,12,1.0,30,810,0.3592592592592593,0.45240720468776296,-0.0017913820271223454
59,9,21,pullback,1.0,1.5,12,1.0,60,808,0.4282178217821782,0.528681411565626,-0.001737476579173221
60,9,21,pullback,1.0,1.5,12,1.5,15,1281,0.22404371584699453,0.28044572974001025,-0.0019261240497560573
61,9,21,pullback,1.0,1.5,12,1.5,30,1281,0.27400468384074944,0.39168152256083877,-0.0018639227816772198
62,9,21,pullback,1.0,1.5,12,1.5,60,1279,0.3205629397967162,0.48767243522744425,-0.0017974254189391387
63,9,21,pullback,1.0,2.5,12,0.75,15,1055,0.25308056872037915,0.29804302229699664,-0.0019093358499758686
64,9,21,pullback,1.0,2.5,12,0.75,30,1055,0.32606635071090045,0.43105714315578597,-0.0017775511210664618
65,9,21,pullback,1.0,2.5,12,0.75,60,1053,0.4045584045584046,0.5208608232129388,-0.0017675000380690767
66,9,21,pullback,1.0,2.5,12,1.0,15,1434,0.21478382147838215,0.26245151461795135,-0.0019026782986088652
67,9,21,pullback,1.0,2.5,12,1.0,30,1434,0.27475592747559274,0.38083586563006666,-0.0018431357058363736
68,9,21,pullback,1.0,2.5,12,1.0,60,1431,0.3417190775681342,0.492118565638587,-0.0017783400292701887
69,9,21,pullback,1.0,2.5,12,1.5,15,1821,0.18176825919824272,0.22811634503767272,-0.0019268525223086928
70,9,21,pullback,1.0,2.5,12,1.5,30,1821,0.23228995057660626,0.322933962311385,-0.0019432590848630683
71,9,21,pullback,1.0,2.5,12,1.5,60,1818,0.28657865786578657,0.4473224547465705,-0.0018607492420441567
72,20,60,breakout,0.5,1.5,12,0.75,15,287,0.2961672473867596,0.26844930072931933,-0.0026115605220348873
73,20,60,breakout,0.5,1.5,12,0.75,30,287,0.40069686411149824,0.3528203880571194,-0.0024591257140943908
74,20,60,breakout,0.5,1.5,12,0.75,60,287,0.4564459930313589,0.422860812922663,-0.002347006277834931
75,20,60,breakout,0.5,1.5,12,1.0,15,468,0.23717948717948717,0.2166484599920785,-0.0025378135637163855
76,20,60,breakout,0.5,1.5,12,1.0,30,468,0.3141025641025641,0.32855782116647636,-0.0023905364733865057
77,20,60,breakout,0.5,1.5,12,1.0,60,468,0.36538461538461536,0.38545928355097486,-0.002413346261028274
78,20,60,breakout,0.5,1.5,12,1.5,15,758,0.20316622691292877,0.22302981822678777,-0.002206159616569196
79,20,60,breakout,0.5,1.5,12,1.5,30,758,0.2691292875989446,0.3470741253434675,-0.002077034633773297
80,20,60,breakout,0.5,1.5,12,1.5,60,758,0.29815303430079154,0.387634386576681,-0.002210248358647975
81,20,60,breakout,0.5,2.5,12,0.75,15,632,0.2231012658227848,0.22584152911438404,-0.0022938132243022114
82,20,60,breakout,0.5,2.5,12,0.75,30,632,0.31645569620253167,0.34411420663727216,-0.0021934152710356416
83,20,60,breakout,0.5,2.5,12,0.75,60,632,0.3876582278481013,0.43181994812524727,-0.002113164503222997
84,20,60,breakout,0.5,2.5,12,1.0,15,838,0.19451073985680192,0.21366535263712141,-0.0021843093082085027
85,20,60,breakout,0.5,2.5,12,1.0,30,838,0.2732696897374702,0.3361082145328897,-0.0020941059729295505
86,20,60,breakout,0.5,2.5,12,1.0,60,838,0.32577565632458233,0.4091349992975535,-0.0021121905755520794
87,20,60,breakout,0.5,2.5,12,1.5,15,1040,0.16442307692307692,0.18260001575678522,-0.0021896394045183543
88,20,60,breakout,0.5,2.5,12,1.5,30,1040,0.2230769230769231,0.29384364366108195,-0.0021709338188419997
89,20,60,breakout,0.5,2.5,12,1.5,60,1040,0.2653846153846154,0.36266555568903097,-0.002242437569135045
90,20,60,breakout,1.0,1.5,12,0.75,15,402,0.29850746268656714,0.2586977089549485,-0.0027090130783426415
91,20,60,breakout,1.0,1.5,12,0.75,30,402,0.39800995024875624,0.35217688856142343,-0.002485741632152268
92,20,60,breakout,1.0,1.5,12,0.75,60,402,0.43781094527363185,0.3825923277921163,-0.002656655849720354
93,20,60,breakout,1.0,1.5,12,1.0,15,640,0.2421875,0.22449409061307618,-0.002528208681578481
94,20,60,breakout,1.0,1.5,12,1.0,30,640,0.325,0.3391003754491627,-0.0023379024100074414
95,20,60,breakout,1.0,1.5,12,1.0,60,640,0.3578125,0.36675100688299056,-0.0025871287925528174
96,20,60,breakout,1.0,1.5,12,1.5,15,1016,0.19881889763779528,0.2181307888995034,-0.0022737318433653734
97,20,60,breakout,1.0,1.5,12,1.5,30,1016,0.2706692913385827,0.34817027627805897,-0.002097429312332627
98,20,60,breakout,1.0,1.5,12,1.5,60,1016,0.28838582677165353,0.3815397320154365,-0.002312748885946295
99,20,60,breakout,1.0,2.5,12,0.75,15,842,0.22446555819477435,0.22943994171575124,-0.0023103945424245848
100,20,60,breakout,1.0,2.5,12,0.75,30,842,0.3254156769596199,0.35841106461794753,-0.0021395027718423823
101,20,60,breakout,1.0,2.5,12,0.75,60,842,0.3847980997624703,0.4276913781592696,-0.0021945802030336357
102,20,60,breakout,1.0,2.5,12,1.0,15,1134,0.18959435626102292,0.21184483597291373,-0.002222325946039254
103,20,60,breakout,1.0,2.5,12,1.0,30,1134,0.27336860670194,0.33809579963976133,-0.002100886574879774
104,20,60,breakout,1.0,2.5,12,1.0,60,1134,0.3201058201058201,0.41102648981095613,-0.00215623890276326
105,20,60,breakout,1.0,2.5,12,1.5,15,1409,0.1653655074520937,0.1848694885890133,-0.002202769293073352
106,20,60,breakout,1.0,2.5,12,1.5,30,1409,0.2313697657913414,0.30402647076196365,-0.0021299263309353758
107,20,60,breakout,1.0,2.5,12,1.5,60,1409,0.26614620298083747,0.37716530467503045,-0.0022129270467196017
108,20,60,pullback,0.5,1.5,12,0.75,15,197,0.2639593908629442,0.25640286428535997,-0.0022171172290804775
109,20,60,pullback,0.5,1.5,12,0.75,30,197,0.39086294416243655,0.3889182990567489,-0.00199185662358631
110,20,60,pullback,0.5,1.5,12,0.75,60,197,0.48223350253807107,0.4915522857760507,-0.0018451816848087579
111,20,60,pullback,0.5,1.5,12,1.0,15,305,0.20655737704918034,0.20595427739318878,-0.002211157932939353
112,20,60,pullback,0.5,1.5,12,1.0,30,305,0.33114754098360655,0.37142114795834585,-0.0019554241396560245
113,20,60,pullback,0.5,1.5,12,1.0,60,305,0.3901639344262295,0.4331341856884544,-0.0020652906808857154
114,20,60,pullback,0.5,1.5,12,1.5,15,498,0.19076305220883535,0.19363216119359644,-0.0020396522814784476
115,20,60,pullback,0.5,1.5,12,1.5,30,498,0.26706827309236947,0.30895815491755496,-0.0019922285400501365
116,20,60,pullback,0.5,1.5,12,1.5,60,498,0.30522088353413657,0.41848275066599383,-0.0019469378305365366
117,20,60,pullback,0.5,2.5,12,0.75,15,413,0.2033898305084746,0.2126539604536413,-0.002012769186621124
118,20,60,pullback,0.5,2.5,12,0.75,30,413,0.31234866828087166,0.3572287498874204,-0.0018991477052672631
119,20,60,pullback,0.5,2.5,12,0.75,60,413,0.3946731234866828,0.44753307072186616,-0.0019138697765692578
120,20,60,pullback,0.5,2.5,12,1.0,15,545,0.1926605504587156,0.1908734705788767,-0.0019755915344537504
121,20,60,pullback,0.5,2.5,12,1.0,30,545,0.27889908256880735,0.30486432860625784,-0.0019628471227596147
122,20,60,pullback,0.5,2.5,12,1.0,60,545,0.3376146788990826,0.42988935217474883,-0.001861800959211858
123,20,60,pullback,0.5,2.5,12,1.5,15,670,0.16865671641791044,0.1622047052835182,-0.001996856650760627
124,20,60,pullback,0.5,2.5,12,1.5,30,670,0.2373134328358209,0.26011312456732005,-0.002030113064434773
125,20,60,pullback,0.5,2.5,12,1.5,60,670,0.291044776119403,0.3969596723244812,-0.0019464855731649764
126,20,60,pullback,1.0,1.5,12,0.75,15,305,0.29180327868852457,0.2816712383365971,-0.0020095620804129358
127,20,60,pullback,1.0,1.5,12,0.75,30,305,0.4098360655737705,0.450436063283899,-0.0016499766766948417
128,20,60,pullback,1.0,1.5,12,0.75,60,305,0.4918032786885246,0.5380418201939502,-0.0015642111920082784
129,20,60,pullback,1.0,1.5,12,1.0,15,459,0.2222222222222222,0.2219360221500813,-0.0021240230382871244
130,20,60,pullback,1.0,1.5,12,1.0,30,459,0.32679738562091504,0.3974874491512357,-0.0018205071383507832
131,20,60,pullback,1.0,1.5,12,1.0,60,459,0.3899782135076253,0.47572987864486777,-0.0018621315830672457
132,20,60,pullback,1.0,1.5,12,1.5,15,732,0.1912568306010929,0.19617446811666794,-0.0020395204243505187
133,20,60,pullback,1.0,1.5,12,1.5,30,732,0.2650273224043716,0.35004461367527695,-0.0018385232828641404
134,20,60,pullback,1.0,1.5,12,1.5,60,732,0.3046448087431694,0.44221679779443135,-0.0018549257638061415
135,20,60,pullback,1.0,2.5,12,0.75,15,598,0.20735785953177258,0.20789463466910538,-0.0020284298375103094
136,20,60,pullback,1.0,2.5,12,0.75,30,598,0.30267558528428096,0.37952960277631104,-0.0018156385172394226
137,20,60,pullback,1.0,2.5,12,0.75,60,598,0.3795986622073579,0.466365967838952,-0.0018551286996150512
138,20,60,pullback,1.0,2.5,12,1.0,15,812,0.18472906403940886,0.19051721716473913,-0.001987562484748303
139,20,60,pullback,1.0,2.5,12,1.0,30,812,0.2647783251231527,0.3290305106100659,-0.001879733901638779
140,20,60,pullback,1.0,2.5,12,1.0,60,812,0.32389162561576357,0.4372045529937681,-0.0018529179616728023
141,20,60,pullback,1.0,2.5,12,1.5,15,1013,0.15597235932872655,0.154967121452917,-0.00201589516573602
142,20,60,pullback,1.0,2.5,12,1.5,30,1013,0.22902270483711748,0.265319382483041,-0.0019918201380213466
143,20,60,pullback,1.0,2.5,12,1.5,60,1013,0.28529121421520237,0.4008697777742045,-0.001923043362857634
