candidate,compression_4h_atr,breakout_4h_atr,compression_15m_atr,breakout_15m_atr,stop_buffer_atr,zone_max_age_4h,setup_wait_15m,entry_trigger,pullback_touch_atr,pullback_reject_atr,require_full_4h_trend,strict_market_consensus,passed,score,profit_factor,max_drawdown,trades,worst_window_pf,stress_pf,failed_gates,failed_gate_count,events
2,2.0,0.05,2.0,0.05,0.2,12,48,nested_breakout,0.2,0.0,False,False,False,3.098263553388023,1.1365560639125687,0.0425182029282624,50,1.1365560639125687,0.7402908309858087,"profit_factor,trades,stress_pf",3,338
3,2.0,0.05,2.0,0.05,0.2,12,48,pullback_rejection,0.2,0.0,False,False,False,3.916657802294519,1.4265212862211345,0.0416214182066887,24,1.4265212862211345,1.0088369420944676,"trades,stress_pf",2,144
6,2.0,0.1,1.4,0.1,0.2,6,24,nested_breakout,0.2,0.0,True,False,False,4.549118495078162,1.636264631273421,0.0216991121902043,11,1.636264631273421,1.215848188395906,trades,1,81
9,1.2,0.1,2.0,0.1,0.2,6,24,nested_breakout,0.2,0.0,True,False,False,7.0584599314136405,3.57314603865673,0.0184821597651462,9,3.57314603865673,2.894051241392546,trades,1,31
16,1.2,0.1,1.4,0.1,0.2,6,24,nested_breakout,0.2,0.0,False,False,False,4.649698918114934,1.6767109300736238,0.0330553756092012,9,1.6767109300736238,1.2669635582421557,trades,1,49
5,1.6,0.1,1.4,0.1,0.2,6,24,nested_breakout,0.2,0.0,True,False,False,5.728460286184479,2.0143824692394636,0.0239932479315693,7,2.0143824692394636,1.677554508806728,trades,1,49
14,1.2,0.1,1.4,0.1,0.2,6,48,nested_breakout,0.2,0.0,True,False,False,7.047655847085305,6.381382835893083,0.0150796389765298,6,6.381382835893083,5.335159207937316,trades,1,19
12,1.2,0.1,1.4,0.1,0.4,6,24,nested_breakout,0.2,0.0,True,False,False,7.023102962823087,4.6187799175122946,0.0185515181548545,4,4.6187799175122946,3.8241044884632793,trades,1,16
1,1.2,0.1,1.4,0.1,0.2,6,24,nested_breakout,0.2,0.0,True,False,False,7.021634226510488,4.748336947359265,0.0192858863111536,4,4.748336947359265,3.950584771169991,trades,1,15
7,1.2,0.05,1.4,0.1,0.2,6,24,nested_breakout,0.2,0.0,True,False,False,7.021634226510488,4.748336947359265,0.0192858863111536,4,4.748336947359265,3.950584771169991,trades,1,17
10,1.2,0.1,1.4,0.05,0.2,6,24,nested_breakout,0.2,0.0,True,False,False,7.021634226510488,4.476466352636527,0.0192858863111535,4,4.476466352636527,3.614493724602717,trades,1,16
13,1.2,0.1,1.4,0.1,0.2,12,24,nested_breakout,0.2,0.0,True,False,False,7.021634226510488,4.748336947359265,0.0192858863111536,4,4.748336947359265,3.950584771169991,trades,1,15
11,1.2,0.1,1.4,0.1,0.1,6,24,nested_breakout,0.2,0.0,True,False,False,7.020823027130674,4.762104214262536,0.019691486001061,4,4.762104214262536,3.944203704426147,trades,1,15
15,1.2,0.1,1.4,0.1,0.2,6,24,pullback_rejection,0.2,0.0,True,False,False,6.062893823887783,2.0460979651863274,0.0154581333852551,3,2.0460979651863274,2.0998828233509954,trades,1,9
17,1.2,0.1,1.4,0.1,0.2,6,24,nested_breakout,0.2,0.0,True,True,False,5.398401074746971,1.8937618464906063,0.0192858863111535,3,1.8937618464906063,1.6017370289160997,trades,1,12
26,0.8,0.05,2.0,0.05,0.1,6,24,pullback_rejection,0.2,0.0,False,False,False,1.5528585600391278,0.5432059314142292,0.0132238590853115,3,0.5432059314142292,0.445182289909326,"profit_factor,trades,worst_window_pf,stress_pf",4,22
27,0.8,0.05,2.0,0.05,0.2,12,24,pullback_rejection,0.2,0.0,False,False,False,1.542034697611273,0.5383154106568573,0.0130301716793285,3,0.5383154106568573,0.4437520941842495,"profit_factor,trades,worst_window_pf,stress_pf",4,22
4,0.8,0.1,1.4,0.1,0.2,6,24,nested_breakout,0.2,0.0,True,False,False,6.873144147915314,2.8592981002226443,0.0081284759368643,2,2.8592981002226443,2.3496908005416226,trades,1,3
23,0.8,0.05,1.4,0.05,0.2,12,24,nested_breakout,0.2,0.0,True,False,False,6.602067322900132,2.5869776856150315,0.0075066811406485,2,2.5869776856150315,2.0134791227656295,trades,1,3
22,0.8,0.05,1.4,0.05,0.1,6,24,nested_breakout,0.2,0.0,True,False,False,6.507269706017429,2.536407478568915,0.0075066334082275,2,2.536407478568915,1.9557724946985715,trades,1,3
28,0.8,0.05,2.0,0.1,0.1,6,24,pullback_rejection,0.2,0.0,False,True,False,3.0911272712146753,1.09585771218983,0.0132238590853115,2,1.09585771218983,0.8957565654392409,"profit_factor,trades,stress_pf",3,15
29,0.8,0.05,2.0,0.1,0.2,12,24,pullback_rejection,0.2,0.0,False,True,False,3.06794514295185,1.085606409235855,0.0130301716793285,2,1.085606409235855,0.8926896682723992,"profit_factor,trades,stress_pf",3,15
18,0.8,0.05,0.8,0.05,0.1,6,24,nested_breakout,0.2,0.0,False,False,False,-0.0150132668164553,0.0,0.0075066334082276,1,0.0,0.0,"profit_factor,trades,worst_window_pf,stress_pf",4,9
20,0.8,0.05,0.8,0.1,0.1,6,24,nested_breakout,0.2,0.0,False,True,False,-0.0150132668164553,0.0,0.0075066334082276,1,0.0,0.0,"profit_factor,trades,worst_window_pf,stress_pf",4,3
24,0.8,0.05,1.4,0.1,0.1,6,24,nested_breakout,0.2,0.0,True,True,False,-0.0150132668164553,0.0,0.0075066334082276,1,0.0,0.0,"profit_factor,trades,worst_window_pf,stress_pf",4,2
8,1.2,0.1,0.8,0.1,0.2,6,24,nested_breakout,0.2,0.0,True,False,False,-0.015013362281297,0.0,0.0075066811406485,1,0.0,0.0,"profit_factor,trades,worst_window_pf,stress_pf",4,4
19,0.8,0.05,0.8,0.05,0.2,12,24,nested_breakout,0.2,0.0,False,False,False,-0.015013362281297,0.0,0.0075066811406485,1,0.0,0.0,"profit_factor,trades,worst_window_pf,stress_pf",4,9
21,0.8,0.05,0.8,0.1,0.2,12,24,nested_breakout,0.2,0.0,False,True,False,-0.015013362281297,0.0,0.0075066811406485,1,0.0,0.0,"profit_factor,trades,worst_window_pf,stress_pf",4,3
25,0.8,0.05,1.4,0.1,0.2,12,24,nested_breakout,0.2,0.0,True,True,False,-0.015013362281297,0.0,0.0075066811406485,1,0.0,0.0,"profit_factor,trades,worst_window_pf,stress_pf",4,2
31,0.8,0.1,0.8,0.05,0.2,12,24,pullback_rejection,0.2,0.0,True,False,False,-0.0166616609245187,0.0,0.0083308304622593,1,0.0,0.0,"profit_factor,trades,worst_window_pf,stress_pf",4,1
30,0.8,0.1,0.8,0.05,0.1,6,24,pullback_rejection,0.2,0.0,True,False,False,-0.0167771640076592,0.0,0.0083885820038296,1,0.0,0.0,"profit_factor,trades,worst_window_pf,stress_pf",4,1
32,0.8,0.1,0.8,0.1,0.1,6,24,pullback_rejection,0.2,0.0,True,True,False,-0.0167771640076592,0.0,0.0083885820038296,1,0.0,0.0,"profit_factor,trades,worst_window_pf,stress_pf",4,1
