pair,trades,net_pnl,average_r,fees,funding
ZEC/USDT:USDT,6,2.132494980308535,0.5099856539969846,0.23482658603994322,0.0108527231795828
SOL/USDT:USDT,2,2.034720450507139,1.3346613230751543,0.1498405031288223,0.0077818430425494
UB/USDT:USDT,5,1.4551235865251182,0.41831281785486174,0.0823049452408379,0.0130581616482565
SNDK/USDT:USDT,2,0.9177694360787982,0.6341697130048828,0.050356958344060204,-0.0052022164635755
CL/USDT:USDT,1,0.735252631315792,1.0557397176518657,0.0183251482347082,-0.0004100698551186
DOGE/USDT:USDT,1,0.6801513804711898,0.9838267367217072,0.0813986021386119,-0.0029411764748428
LAB/USDT:USDT,3,0.37260552693469284,0.17509579273901774,0.0323054661437805,0.4033500026663696
PEPE/USDT:USDT,4,0.3436088963765166,0.13181426279248606,0.2010670540250431,0.013708280818391299
ONDO/USDT:USDT,2,0.06692765063445308,0.04527491331968857,0.0518927540415624,0.0060733777317282
XPL/USDT:USDT,2,-0.014429384382542099,-0.009398345264181346,0.049743840143415194,-0.0005885204610452
FIL/USDT:USDT,5,-0.25210399345321755,-0.044355560981014806,0.1855359036696099,0.0005834374927514
JTO/USDT:USDT,1,-0.2941573060243122,-0.3988570156834386,0.0158272399329999,-0.0008027059227636
ALLO/USDT:USDT,5,-0.5305649615583194,-0.147255800443997,0.0772298964354298,0.0021103571573757
SKHYNIX/USDT:USDT,2,-0.8886253707205353,-0.6353788925602809,0.0409796191557336,0.035073391132023
BEAT/USDT:USDT,9,-1.2785999731986677,-0.1969149392859484,0.2165324289527797,0.015658521568492123
NEAR/USDT:USDT,3,-1.5176043171573759,-0.6866868737781991,0.09579440197525779,-0.0009320527300559
HYPE/USDT:USDT,6,-2.6168884032255066,-0.5764693566569654,0.2075008395833737,0.003667141378099
BASED/USDT:USDT,7,-2.745224071874694,-0.5350858265771493,0.146350626944476,0.0094333554673347
XRP/USDT:USDT,5,-2.7985468512833256,-0.7866170663354854,0.4348538203211076,0.0066042757251282
MU/USDT:USDT,13,-3.1373053126666335,-0.33945929871653757,0.4264397287379154,0.0007644894535659
